2025-10-27 13:45:44,551 - services - INFO - [services.py:622] - ==================================================
2025-10-27 13:45:44,551 - services - INFO - [services.py:623] - STARTING FASTAPI SERVICE
2025-10-27 13:45:44,551 - services - INFO - [services.py:116] - ==================================================
2025-10-27 13:45:44,551 - services - INFO - [services.py:117] - Initializing ModelManager
2025-10-27 13:45:44,551 - services - INFO - [services.py:139] - Config loaded successfully
2025-10-27 13:45:44,551 - services - INFO - [services.py:452] - ==================================================
2025-10-27 13:45:44,551 - services - INFO - [services.py:453] - LOADING MODEL
2025-10-27 13:45:44,551 - services - INFO - [services.py:463] - Loading model: /home/anews/PS/translate/YanoljaNEXT-Rosetta-4B-2510
2025-10-27 13:45:44,551 - services - INFO - [services.py:466] - Loading tokenizer...
2025-10-27 13:45:45,817 - services - INFO - [services.py:470] - Tokenizer loaded successfully
2025-10-27 13:45:45,817 - services - INFO - [services.py:473] - Loading model weights...
2025-10-27 13:45:47,123 - services - ERROR - [services.py:502] - MODEL LOAD FAILED: Device gpu is not recognized, available devices are integers(for GPU/XPU), 'mps', 'cpu' and 'disk'
Traceback (most recent call last):
  File "/home/anews/NewsPic_G/translate_services/services.py", line 480, in load_model
    self.model = AutoModelForCausalLM.from_pretrained(
                 ^^^^^^^^^^^^^^^^^^^^^^^^^^^^^^^^^^^^^
  File "/home/anews/pytorch/lib/python3.12/site-packages/transformers/models/auto/auto_factory.py", line 600, in from_pretrained
    return model_class.from_pretrained(
           ^^^^^^^^^^^^^^^^^^^^^^^^^^^^
  File "/home/anews/pytorch/lib/python3.12/site-packages/transformers/modeling_utils.py", line 315, in _wrapper
    return func(*args, **kwargs)
           ^^^^^^^^^^^^^^^^^^^^^
  File "/home/anews/pytorch/lib/python3.12/site-packages/transformers/modeling_utils.py", line 4982, in from_pretrained
    device_map = _get_device_map(model, device_map, max_memory, hf_quantizer, torch_dtype, keep_in_fp32_regex)
                 ^^^^^^^^^^^^^^^^^^^^^^^^^^^^^^^^^^^^^^^^^^^^^^^^^^^^^^^^^^^^^^^^^^^^^^^^^^^^^^^^^^^^^^^^^^^^^
  File "/home/anews/pytorch/lib/python3.12/site-packages/transformers/modeling_utils.py", line 1435, in _get_device_map
    inferred_max_memory = get_balanced_memory(
                          ^^^^^^^^^^^^^^^^^^^^
  File "/home/anews/pytorch/lib/python3.12/site-packages/accelerate/utils/modeling.py", line 973, in get_balanced_memory
    max_memory = get_max_memory(max_memory)
                 ^^^^^^^^^^^^^^^^^^^^^^^^^^
  File "/home/anews/pytorch/lib/python3.12/site-packages/accelerate/utils/modeling.py", line 864, in get_max_memory
    raise ValueError(
ValueError: Device gpu is not recognized, available devices are integers(for GPU/XPU), 'mps', 'cpu' and 'disk'
2025-10-27 13:45:47,219 - services - WARNING - [services.py:148] - Model failed to load during initialization
2025-10-27 13:45:47,219 - services - WARNING - [services.py:628] - Service started but model not loaded
2025-10-27 13:46:16,925 - services - INFO - [services.py:662] - [REQUEST] GET /health
2025-10-27 13:46:16,925 - services - INFO - [services.py:667] - [RESPONSE] /health - Status: 200 - Time: 0.001s
2025-10-27 13:51:25,743 - services - INFO - [services.py:636] - SHUTTING DOWN SERVICE
2025-10-27 13:51:25,743 - services - INFO - [services.py:514] - Freeing memory...
2025-10-27 13:51:26,065 - services - INFO - [services.py:535] - Memory freed successfully
2025-10-27 13:51:28,457 - services - INFO - [services.py:826] - ==================================================
2025-10-27 13:51:28,457 - services - INFO - [services.py:827] - STARTING FASTAPI TRANSLATION SERVICE
2025-10-27 13:51:28,457 - services - INFO - [services.py:828] - ==================================================
2025-10-27 13:51:28,457 - services - INFO - [services.py:166] - ==================================================
2025-10-27 13:51:28,457 - services - INFO - [services.py:167] - Initializing ModelManager
2025-10-27 13:51:28,457 - services - INFO - [services.py:168] - ==================================================
2025-10-27 13:51:28,457 - services - INFO - [services.py:241] - Loading config from /home/anews/NewsPic_G/translate_services/config.json
2025-10-27 13:51:28,457 - services - INFO - [services.py:244] - Config file loaded successfully
2025-10-27 13:51:28,457 - services - INFO - [services.py:269] - Configuration loaded. Max input tokens: 2048
2025-10-27 13:51:28,457 - services - INFO - [services.py:190] - Config loaded successfully
2025-10-27 13:51:28,457 - services - INFO - [services.py:197] - Attempting to load model during initialization...
2025-10-27 13:51:28,457 - services - INFO - [services.py:301] - ==================================================
2025-10-27 13:51:28,457 - services - INFO - [services.py:302] - STARTING MODEL LOAD PROCESS
2025-10-27 13:51:28,457 - services - INFO - [services.py:303] - ==================================================
2025-10-27 13:51:28,457 - services - INFO - [services.py:315] - Model ID: /home/anews/PS/translate/YanoljaNEXT-Rosetta-4B-2510
2025-10-27 13:51:28,457 - services - INFO - [services.py:324] - Using dtype: torch.bfloat16
2025-10-27 13:51:28,457 - services - INFO - [services.py:336] - Memory allocation - GPU: 4GB, CPU: 5GB
2025-10-27 13:51:28,457 - services - INFO - [services.py:343] - Offload folder: /tmp/model_offload
2025-10-27 13:51:28,457 - services - INFO - [services.py:346] - Loading tokenizer...
2025-10-27 13:51:29,735 - services - INFO - [services.py:356] - ✓ Tokenizer loaded successfully
2025-10-27 13:51:29,735 - services - INFO - [services.py:359] - Loading model weights (this may take a few minutes)...
2025-10-27 13:51:38,445 - accelerate.big_modeling - WARNING - [big_modeling.py:442] - Some parameters are on the meta device because they were offloaded to the cpu.
2025-10-27 13:51:38,446 - services - INFO - [services.py:371] - ✓ Model loaded successfully
2025-10-27 13:51:38,446 - services - INFO - [services.py:379] - GPU Memory Status:
2025-10-27 13:51:38,446 - services - INFO - [services.py:380] -   - Allocated: 3.54 GB
2025-10-27 13:51:38,446 - services - INFO - [services.py:381] -   - Reserved: 3.54 GB
2025-10-27 13:51:38,446 - services - INFO - [services.py:382] -   - Total: 23.56 GB
2025-10-27 13:51:38,446 - services - INFO - [services.py:383] -   - Free: 20.02 GB
2025-10-27 13:51:38,446 - services - INFO - [services.py:385] - ==================================================
2025-10-27 13:51:38,446 - services - INFO - [services.py:386] - MODEL LOADING COMPLETE - SUCCESS
2025-10-27 13:51:38,446 - services - INFO - [services.py:387] - ==================================================
2025-10-27 13:51:38,446 - services - INFO - [services.py:202] - Model loaded successfully during initialization
2025-10-27 13:51:38,446 - services - INFO - [services.py:837] - ✓ Model Service started successfully with model loaded
2025-10-27 13:51:51,249 - services - INFO - [services.py:875] - [HTTP] GET /health from 127.0.0.1
2025-10-27 13:51:51,250 - services - INFO - [services.py:880] - [HTTP] /health - Status: 200 - Time: 0.001s
2025-10-27 13:52:01,471 - services - INFO - [services.py:875] - [HTTP] POST /translate from 127.0.0.1
2025-10-27 13:52:01,472 - services - INFO - [services.py:957] - [TRANSLATE_ENDPOINT] Received request for 85 chars to Persian
2025-10-27 13:52:01,473 - services - INFO - [services.py:488] - [TRANSLATE_START] Request ID: 0fa593ea, Text length: 85 chars
2025-10-27 13:52:01,473 - services - INFO - [services.py:50] - [REQUEST_START] ID: 0fa593ea, Text length: 85
2025-10-27 13:52:01,473 - services - DEBUG - [services.py:511] - [0fa593ea] Validating input length...
2025-10-27 13:52:01,473 - services - INFO - [services.py:520] - [0fa593ea] Input validated: 15 tokens
2025-10-27 13:52:01,473 - services - DEBUG - [services.py:523] - [0fa593ea] Checking memory availability...
2025-10-27 13:52:01,474 - services - DEBUG - [services.py:534] - [0fa593ea] GPU memory before translation: 3.54GB
2025-10-27 13:52:01,474 - services - INFO - [services.py:538] - [0fa593ea] Starting translation...
2025-10-27 13:52:01,474 - services - DEBUG - [services.py:626] - Starting internal translation
2025-10-27 13:52:01,474 - services - DEBUG - [services.py:634] - Target language: Persian
2025-10-27 13:52:01,474 - services - DEBUG - [services.py:661] - Creating prompt...
2025-10-27 13:52:01,478 - services - DEBUG - [services.py:669] - Tokenizing input...
2025-10-27 13:52:01,499 - services - DEBUG - [services.py:682] - Input tokenized: 64 tokens
2025-10-27 13:52:01,499 - services - DEBUG - [services.py:694] - Generating with max_new_tokens=1984
2025-10-27 13:52:23,374 - services - DEBUG - [services.py:712] - Generated 37 tokens
2025-10-27 13:52:23,374 - services - INFO - [services.py:544] - [0fa593ea] Translation completed in 21.90s
2025-10-27 13:52:23,374 - services - DEBUG - [services.py:549] - [0fa593ea] GPU memory after translation: 3.70GB
2025-10-27 13:52:23,374 - services - INFO - [services.py:59] - [REQUEST_END] ID: 0fa593ea, Status: success, Error: None
2025-10-27 13:52:23,374 - services - INFO - [services.py:558] - [0fa593ea] Translation successful
2025-10-27 13:52:23,374 - services - INFO - [services.py:880] - [HTTP] /translate - Status: 200 - Time: 21.903s
2025-10-27 13:52:53,446 - services - INFO - [services.py:875] - [HTTP] POST /translate from 127.0.0.1
2025-10-27 13:52:53,446 - services - INFO - [services.py:957] - [TRANSLATE_ENDPOINT] Received request for 378 chars to Persian
2025-10-27 13:52:53,446 - services - INFO - [services.py:488] - [TRANSLATE_START] Request ID: aa990322, Text length: 378 chars
2025-10-27 13:52:53,446 - services - INFO - [services.py:50] - [REQUEST_START] ID: aa990322, Text length: 378
2025-10-27 13:52:53,446 - services - DEBUG - [services.py:511] - [aa990322] Validating input length...
2025-10-27 13:52:53,447 - services - INFO - [services.py:520] - [aa990322] Input validated: 91 tokens
2025-10-27 13:52:53,447 - services - DEBUG - [services.py:523] - [aa990322] Checking memory availability...
2025-10-27 13:52:53,447 - services - DEBUG - [services.py:534] - [aa990322] GPU memory before translation: 3.70GB
2025-10-27 13:52:53,447 - services - INFO - [services.py:538] - [aa990322] Starting translation...
2025-10-27 13:52:53,447 - services - DEBUG - [services.py:626] - Starting internal translation
2025-10-27 13:52:53,447 - services - DEBUG - [services.py:634] - Target language: Persian
2025-10-27 13:52:53,447 - services - DEBUG - [services.py:661] - Creating prompt...
2025-10-27 13:52:53,448 - services - DEBUG - [services.py:669] - Tokenizing input...
2025-10-27 13:52:53,461 - services - DEBUG - [services.py:682] - Input tokenized: 140 tokens
2025-10-27 13:52:53,461 - services - DEBUG - [services.py:694] - Generating with max_new_tokens=1908
2025-10-27 13:54:22,034 - services - DEBUG - [services.py:712] - Generated 153 tokens
2025-10-27 13:54:22,035 - services - INFO - [services.py:544] - [aa990322] Translation completed in 88.59s
2025-10-27 13:54:22,035 - services - DEBUG - [services.py:549] - [aa990322] GPU memory after translation: 3.70GB
2025-10-27 13:54:22,035 - services - INFO - [services.py:59] - [REQUEST_END] ID: aa990322, Status: success, Error: None
2025-10-27 13:54:22,035 - services - INFO - [services.py:558] - [aa990322] Translation successful
2025-10-27 13:54:22,035 - services - INFO - [services.py:880] - [HTTP] /translate - Status: 200 - Time: 88.590s
2025-10-27 14:03:29,513 - services - INFO - [services.py:875] - [HTTP] GET /health from 127.0.0.1
2025-10-27 14:03:29,514 - services - INFO - [services.py:880] - [HTTP] /health - Status: 200 - Time: 0.000s
2025-10-27 14:19:56,412 - services - INFO - [services.py:875] - [HTTP] GET /health from 127.0.0.1
2025-10-27 14:19:56,412 - services - INFO - [services.py:880] - [HTTP] /health - Status: 200 - Time: 0.000s
2025-10-27 14:20:02,057 - services - INFO - [services.py:875] - [HTTP] POST /translate from 127.0.0.1
2025-10-27 14:20:02,057 - services - INFO - [services.py:957] - [TRANSLATE_ENDPOINT] Received request for 25 chars to Persian
2025-10-27 14:20:02,057 - services - INFO - [services.py:488] - [TRANSLATE_START] Request ID: 395e8af3, Text length: 25 chars
2025-10-27 14:20:02,057 - services - INFO - [services.py:50] - [REQUEST_START] ID: 395e8af3, Text length: 25
2025-10-27 14:20:02,058 - services - DEBUG - [services.py:511] - [395e8af3] Validating input length...
2025-10-27 14:20:02,058 - services - INFO - [services.py:520] - [395e8af3] Input validated: 8 tokens
2025-10-27 14:20:02,058 - services - DEBUG - [services.py:523] - [395e8af3] Checking memory availability...
2025-10-27 14:20:02,058 - services - DEBUG - [services.py:534] - [395e8af3] GPU memory before translation: 3.70GB
2025-10-27 14:20:02,058 - services - INFO - [services.py:538] - [395e8af3] Starting translation...
2025-10-27 14:20:02,058 - services - DEBUG - [services.py:626] - Starting internal translation
2025-10-27 14:20:02,058 - services - DEBUG - [services.py:634] - Target language: Persian
2025-10-27 14:20:02,058 - services - DEBUG - [services.py:661] - Creating prompt...
2025-10-27 14:20:02,058 - services - DEBUG - [services.py:669] - Tokenizing input...
2025-10-27 14:20:02,080 - services - DEBUG - [services.py:682] - Input tokenized: 57 tokens
2025-10-27 14:20:02,080 - services - DEBUG - [services.py:694] - Generating with max_new_tokens=1991
2025-10-27 14:20:06,671 - services - DEBUG - [services.py:712] - Generated 8 tokens
2025-10-27 14:20:06,672 - services - INFO - [services.py:544] - [395e8af3] Translation completed in 4.61s
2025-10-27 14:20:06,672 - services - DEBUG - [services.py:549] - [395e8af3] GPU memory after translation: 3.70GB
2025-10-27 14:20:06,672 - services - INFO - [services.py:59] - [REQUEST_END] ID: 395e8af3, Status: success, Error: None
2025-10-27 14:20:06,672 - services - INFO - [services.py:558] - [395e8af3] Translation successful
2025-10-27 14:20:06,672 - services - INFO - [services.py:880] - [HTTP] /translate - Status: 200 - Time: 4.615s
2025-10-27 14:20:49,074 - services - INFO - [services.py:875] - [HTTP] POST /translate from 127.0.0.1
2025-10-27 14:20:49,074 - services - INFO - [services.py:957] - [TRANSLATE_ENDPOINT] Received request for 394 chars to Persian
2025-10-27 14:20:49,074 - services - INFO - [services.py:488] - [TRANSLATE_START] Request ID: f7ef9de5, Text length: 394 chars
2025-10-27 14:20:49,074 - services - INFO - [services.py:50] - [REQUEST_START] ID: f7ef9de5, Text length: 394
2025-10-27 14:20:49,074 - services - DEBUG - [services.py:511] - [f7ef9de5] Validating input length...
2025-10-27 14:20:49,075 - services - INFO - [services.py:520] - [f7ef9de5] Input validated: 88 tokens
2025-10-27 14:20:49,075 - services - DEBUG - [services.py:523] - [f7ef9de5] Checking memory availability...
2025-10-27 14:20:49,076 - services - DEBUG - [services.py:534] - [f7ef9de5] GPU memory before translation: 3.70GB
2025-10-27 14:20:49,076 - services - INFO - [services.py:538] - [f7ef9de5] Starting translation...
2025-10-27 14:20:49,076 - services - DEBUG - [services.py:626] - Starting internal translation
2025-10-27 14:20:49,076 - services - DEBUG - [services.py:634] - Target language: Persian
2025-10-27 14:20:49,076 - services - DEBUG - [services.py:661] - Creating prompt...
2025-10-27 14:20:49,076 - services - DEBUG - [services.py:669] - Tokenizing input...
2025-10-27 14:20:49,099 - services - DEBUG - [services.py:682] - Input tokenized: 137 tokens
2025-10-27 14:20:49,099 - services - DEBUG - [services.py:694] - Generating with max_new_tokens=1911
2025-10-27 14:22:10,345 - services - DEBUG - [services.py:712] - Generated 142 tokens
2025-10-27 14:22:10,345 - services - INFO - [services.py:544] - [f7ef9de5] Translation completed in 81.27s
2025-10-27 14:22:10,345 - services - DEBUG - [services.py:549] - [f7ef9de5] GPU memory after translation: 3.70GB
2025-10-27 14:22:10,345 - services - INFO - [services.py:59] - [REQUEST_END] ID: f7ef9de5, Status: success, Error: None
2025-10-27 14:22:10,345 - services - INFO - [services.py:558] - [f7ef9de5] Translation successful
2025-10-27 14:22:10,345 - services - INFO - [services.py:880] - [HTTP] /translate - Status: 200 - Time: 81.272s
2025-10-27 14:25:51,587 - services - INFO - [services.py:875] - [HTTP] GET /health from 127.0.0.1
2025-10-27 14:25:51,588 - services - INFO - [services.py:880] - [HTTP] /health - Status: 200 - Time: 0.000s
2025-10-27 14:26:45,101 - services - INFO - [services.py:875] - [HTTP] POST /translate from 127.0.0.1
2025-10-27 14:26:45,101 - services - INFO - [services.py:957] - [TRANSLATE_ENDPOINT] Received request for 25 chars to Persian
2025-10-27 14:26:45,101 - services - INFO - [services.py:488] - [TRANSLATE_START] Request ID: 12ce1164, Text length: 25 chars
2025-10-27 14:26:45,101 - services - INFO - [services.py:50] - [REQUEST_START] ID: 12ce1164, Text length: 25
2025-10-27 14:26:45,102 - services - DEBUG - [services.py:511] - [12ce1164] Validating input length...
2025-10-27 14:26:45,102 - services - INFO - [services.py:520] - [12ce1164] Input validated: 8 tokens
2025-10-27 14:26:45,102 - services - DEBUG - [services.py:523] - [12ce1164] Checking memory availability...
2025-10-27 14:26:45,102 - services - DEBUG - [services.py:534] - [12ce1164] GPU memory before translation: 3.70GB
2025-10-27 14:26:45,102 - services - INFO - [services.py:538] - [12ce1164] Starting translation...
2025-10-27 14:26:45,102 - services - DEBUG - [services.py:626] - Starting internal translation
2025-10-27 14:26:45,102 - services - DEBUG - [services.py:634] - Target language: Persian
2025-10-27 14:26:45,102 - services - DEBUG - [services.py:661] - Creating prompt...
2025-10-27 14:26:45,102 - services - DEBUG - [services.py:669] - Tokenizing input...
2025-10-27 14:26:45,124 - services - DEBUG - [services.py:682] - Input tokenized: 57 tokens
2025-10-27 14:26:45,124 - services - DEBUG - [services.py:694] - Generating with max_new_tokens=1991
2025-10-27 14:26:49,708 - services - DEBUG - [services.py:712] - Generated 8 tokens
2025-10-27 14:26:49,709 - services - INFO - [services.py:544] - [12ce1164] Translation completed in 4.61s
2025-10-27 14:26:49,709 - services - DEBUG - [services.py:549] - [12ce1164] GPU memory after translation: 3.70GB
2025-10-27 14:26:49,709 - services - INFO - [services.py:59] - [REQUEST_END] ID: 12ce1164, Status: success, Error: None
2025-10-27 14:26:49,709 - services - INFO - [services.py:558] - [12ce1164] Translation successful
2025-10-27 14:26:49,709 - services - INFO - [services.py:880] - [HTTP] /translate - Status: 200 - Time: 4.608s
2025-10-27 14:26:55,941 - services - INFO - [services.py:875] - [HTTP] POST /translate from 127.0.0.1
2025-10-27 14:26:55,941 - services - INFO - [services.py:957] - [TRANSLATE_ENDPOINT] Received request for 25 chars to Persian
2025-10-27 14:26:55,941 - services - INFO - [services.py:488] - [TRANSLATE_START] Request ID: 2ca15ad6, Text length: 25 chars
2025-10-27 14:26:55,941 - services - INFO - [services.py:50] - [REQUEST_START] ID: 2ca15ad6, Text length: 25
2025-10-27 14:26:55,941 - services - DEBUG - [services.py:511] - [2ca15ad6] Validating input length...
2025-10-27 14:26:55,941 - services - INFO - [services.py:520] - [2ca15ad6] Input validated: 8 tokens
2025-10-27 14:26:55,941 - services - DEBUG - [services.py:523] - [2ca15ad6] Checking memory availability...
2025-10-27 14:26:55,942 - services - DEBUG - [services.py:534] - [2ca15ad6] GPU memory before translation: 3.70GB
2025-10-27 14:26:55,942 - services - INFO - [services.py:538] - [2ca15ad6] Starting translation...
2025-10-27 14:26:55,942 - services - DEBUG - [services.py:626] - Starting internal translation
2025-10-27 14:26:55,942 - services - DEBUG - [services.py:634] - Target language: Persian
2025-10-27 14:26:55,942 - services - DEBUG - [services.py:661] - Creating prompt...
2025-10-27 14:26:55,942 - services - DEBUG - [services.py:669] - Tokenizing input...
2025-10-27 14:26:55,942 - services - DEBUG - [services.py:682] - Input tokenized: 57 tokens
2025-10-27 14:26:55,943 - services - DEBUG - [services.py:694] - Generating with max_new_tokens=1991
2025-10-27 14:27:01,672 - services - DEBUG - [services.py:712] - Generated 10 tokens
2025-10-27 14:27:01,672 - services - INFO - [services.py:544] - [2ca15ad6] Translation completed in 5.73s
2025-10-27 14:27:01,672 - services - DEBUG - [services.py:549] - [2ca15ad6] GPU memory after translation: 3.70GB
2025-10-27 14:27:01,672 - services - INFO - [services.py:59] - [REQUEST_END] ID: 2ca15ad6, Status: success, Error: None
2025-10-27 14:27:01,672 - services - INFO - [services.py:558] - [2ca15ad6] Translation successful
2025-10-27 14:27:01,673 - services - INFO - [services.py:880] - [HTTP] /translate - Status: 200 - Time: 5.732s
2025-10-27 14:28:55,061 - services - INFO - [services.py:875] - [HTTP] POST /translate from 127.0.0.1
2025-10-27 14:28:55,061 - services - INFO - [services.py:957] - [TRANSLATE_ENDPOINT] Received request for 25 chars to Persian
2025-10-27 14:28:55,062 - services - INFO - [services.py:488] - [TRANSLATE_START] Request ID: fff1f309, Text length: 25 chars
2025-10-27 14:28:55,062 - services - INFO - [services.py:50] - [REQUEST_START] ID: fff1f309, Text length: 25
2025-10-27 14:28:55,062 - services - DEBUG - [services.py:511] - [fff1f309] Validating input length...
2025-10-27 14:28:55,062 - services - INFO - [services.py:520] - [fff1f309] Input validated: 8 tokens
2025-10-27 14:28:55,062 - services - DEBUG - [services.py:523] - [fff1f309] Checking memory availability...
2025-10-27 14:28:55,062 - services - DEBUG - [services.py:534] - [fff1f309] GPU memory before translation: 3.70GB
2025-10-27 14:28:55,062 - services - INFO - [services.py:538] - [fff1f309] Starting translation...
2025-10-27 14:28:55,062 - services - DEBUG - [services.py:626] - Starting internal translation
2025-10-27 14:28:55,062 - services - DEBUG - [services.py:634] - Target language: Persian
2025-10-27 14:28:55,062 - services - DEBUG - [services.py:661] - Creating prompt...
2025-10-27 14:28:55,063 - services - DEBUG - [services.py:669] - Tokenizing input...
2025-10-27 14:28:55,084 - services - DEBUG - [services.py:682] - Input tokenized: 57 tokens
2025-10-27 14:28:55,084 - services - DEBUG - [services.py:694] - Generating with max_new_tokens=1991
2025-10-27 14:28:59,656 - services - DEBUG - [services.py:712] - Generated 8 tokens
2025-10-27 14:28:59,656 - services - INFO - [services.py:544] - [fff1f309] Translation completed in 4.59s
2025-10-27 14:28:59,656 - services - DEBUG - [services.py:549] - [fff1f309] GPU memory after translation: 3.70GB
2025-10-27 14:28:59,656 - services - INFO - [services.py:59] - [REQUEST_END] ID: fff1f309, Status: success, Error: None
2025-10-27 14:28:59,657 - services - INFO - [services.py:558] - [fff1f309] Translation successful
2025-10-27 14:28:59,657 - services - INFO - [services.py:880] - [HTTP] /translate - Status: 200 - Time: 4.596s
2025-10-27 14:34:16,077 - services - INFO - [services.py:875] - [HTTP] GET /health from 127.0.0.1
2025-10-27 14:34:16,078 - services - INFO - [services.py:880] - [HTTP] /health - Status: 200 - Time: 0.000s
2025-10-27 14:35:33,581 - services - INFO - [services.py:875] - [HTTP] GET /health from 127.0.0.1
2025-10-27 14:35:33,581 - services - INFO - [services.py:880] - [HTTP] /health - Status: 200 - Time: 0.000s
2025-10-27 14:36:22,076 - services - INFO - [services.py:875] - [HTTP] POST /translate from 127.0.0.1
2025-10-27 14:36:22,076 - services - INFO - [services.py:957] - [TRANSLATE_ENDPOINT] Received request for 25 chars to Persian
2025-10-27 14:36:22,076 - services - INFO - [services.py:488] - [TRANSLATE_START] Request ID: 3229ea5b, Text length: 25 chars
2025-10-27 14:36:22,077 - services - INFO - [services.py:50] - [REQUEST_START] ID: 3229ea5b, Text length: 25
2025-10-27 14:36:22,077 - services - DEBUG - [services.py:511] - [3229ea5b] Validating input length...
2025-10-27 14:36:22,077 - services - INFO - [services.py:520] - [3229ea5b] Input validated: 8 tokens
2025-10-27 14:36:22,077 - services - DEBUG - [services.py:523] - [3229ea5b] Checking memory availability...
2025-10-27 14:36:22,077 - services - DEBUG - [services.py:534] - [3229ea5b] GPU memory before translation: 3.70GB
2025-10-27 14:36:22,077 - services - INFO - [services.py:538] - [3229ea5b] Starting translation...
2025-10-27 14:36:22,078 - services - DEBUG - [services.py:626] - Starting internal translation
2025-10-27 14:36:22,078 - services - DEBUG - [services.py:634] - Target language: Persian
2025-10-27 14:36:22,078 - services - DEBUG - [services.py:661] - Creating prompt...
2025-10-27 14:36:22,078 - services - DEBUG - [services.py:669] - Tokenizing input...
2025-10-27 14:36:22,091 - services - DEBUG - [services.py:682] - Input tokenized: 57 tokens
2025-10-27 14:36:22,091 - services - DEBUG - [services.py:694] - Generating with max_new_tokens=1991
2025-10-27 14:36:26,668 - services - DEBUG - [services.py:712] - Generated 8 tokens
2025-10-27 14:36:26,669 - services - INFO - [services.py:544] - [3229ea5b] Translation completed in 4.59s
2025-10-27 14:36:26,669 - services - DEBUG - [services.py:549] - [3229ea5b] GPU memory after translation: 3.70GB
2025-10-27 14:36:26,669 - services - INFO - [services.py:59] - [REQUEST_END] ID: 3229ea5b, Status: success, Error: None
2025-10-27 14:36:26,669 - services - INFO - [services.py:558] - [3229ea5b] Translation successful
2025-10-27 14:36:26,669 - services - INFO - [services.py:880] - [HTTP] /translate - Status: 200 - Time: 4.594s
2025-10-27 14:36:58,043 - services - INFO - [services.py:875] - [HTTP] POST /translate from 127.0.0.1
2025-10-27 14:36:58,043 - services - INFO - [services.py:957] - [TRANSLATE_ENDPOINT] Received request for 125 chars to Persian
2025-10-27 14:36:58,043 - services - INFO - [services.py:488] - [TRANSLATE_START] Request ID: 85381d67, Text length: 125 chars
2025-10-27 14:36:58,043 - services - INFO - [services.py:50] - [REQUEST_START] ID: 85381d67, Text length: 125
2025-10-27 14:36:58,043 - services - DEBUG - [services.py:511] - [85381d67] Validating input length...
2025-10-27 14:36:58,044 - services - INFO - [services.py:520] - [85381d67] Input validated: 26 tokens
2025-10-27 14:36:58,044 - services - DEBUG - [services.py:523] - [85381d67] Checking memory availability...
2025-10-27 14:36:58,044 - services - DEBUG - [services.py:534] - [85381d67] GPU memory before translation: 3.70GB
2025-10-27 14:36:58,044 - services - INFO - [services.py:538] - [85381d67] Starting translation...
2025-10-27 14:36:58,044 - services - DEBUG - [services.py:626] - Starting internal translation
2025-10-27 14:36:58,044 - services - DEBUG - [services.py:634] - Target language: Persian
2025-10-27 14:36:58,044 - services - DEBUG - [services.py:661] - Creating prompt...
2025-10-27 14:36:58,045 - services - DEBUG - [services.py:669] - Tokenizing input...
2025-10-27 14:36:58,058 - services - DEBUG - [services.py:682] - Input tokenized: 75 tokens
2025-10-27 14:36:58,058 - services - DEBUG - [services.py:694] - Generating with max_new_tokens=1973
2025-10-27 14:37:25,549 - services - DEBUG - [services.py:712] - Generated 48 tokens
2025-10-27 14:37:25,549 - services - INFO - [services.py:544] - [85381d67] Translation completed in 27.50s
2025-10-27 14:37:25,549 - services - DEBUG - [services.py:549] - [85381d67] GPU memory after translation: 3.70GB
2025-10-27 14:37:25,549 - services - INFO - [services.py:59] - [REQUEST_END] ID: 85381d67, Status: success, Error: None
2025-10-27 14:37:25,549 - services - INFO - [services.py:558] - [85381d67] Translation successful
2025-10-27 14:37:25,549 - services - INFO - [services.py:880] - [HTTP] /translate - Status: 200 - Time: 27.507s
2025-10-27 14:40:49,355 - services - INFO - [services.py:875] - [HTTP] POST /translate from 127.0.0.1
2025-10-27 14:40:49,356 - services - INFO - [services.py:957] - [TRANSLATE_ENDPOINT] Received request for 244 chars to Persian
2025-10-27 14:40:49,356 - services - INFO - [services.py:488] - [TRANSLATE_START] Request ID: e6da505f, Text length: 244 chars
2025-10-27 14:40:49,356 - services - INFO - [services.py:50] - [REQUEST_START] ID: e6da505f, Text length: 244
2025-10-27 14:40:49,356 - services - DEBUG - [services.py:511] - [e6da505f] Validating input length...
2025-10-27 14:40:49,356 - services - INFO - [services.py:520] - [e6da505f] Input validated: 42 tokens
2025-10-27 14:40:49,356 - services - DEBUG - [services.py:523] - [e6da505f] Checking memory availability...
2025-10-27 14:40:49,357 - services - DEBUG - [services.py:534] - [e6da505f] GPU memory before translation: 3.70GB
2025-10-27 14:40:49,357 - services - INFO - [services.py:538] - [e6da505f] Starting translation...
2025-10-27 14:40:49,357 - services - DEBUG - [services.py:626] - Starting internal translation
2025-10-27 14:40:49,357 - services - DEBUG - [services.py:634] - Target language: Persian
2025-10-27 14:40:49,357 - services - DEBUG - [services.py:661] - Creating prompt...
2025-10-27 14:40:49,357 - services - DEBUG - [services.py:669] - Tokenizing input...
2025-10-27 14:40:49,379 - services - DEBUG - [services.py:682] - Input tokenized: 91 tokens
2025-10-27 14:40:49,379 - services - DEBUG - [services.py:694] - Generating with max_new_tokens=1957
2025-10-27 14:41:48,628 - services - DEBUG - [services.py:712] - Generated 103 tokens
2025-10-27 14:41:48,628 - services - INFO - [services.py:544] - [e6da505f] Translation completed in 59.27s
2025-10-27 14:41:48,628 - services - DEBUG - [services.py:549] - [e6da505f] GPU memory after translation: 3.70GB
2025-10-27 14:41:48,628 - services - INFO - [services.py:59] - [REQUEST_END] ID: e6da505f, Status: success, Error: None
2025-10-27 14:41:48,628 - services - INFO - [services.py:558] - [e6da505f] Translation successful
2025-10-27 14:41:48,628 - services - INFO - [services.py:880] - [HTTP] /translate - Status: 200 - Time: 59.273s
2025-10-27 15:01:46,907 - services - INFO - [services.py:875] - [HTTP] POST /translate from 127.0.0.1
2025-10-27 15:01:46,907 - services - INFO - [services.py:957] - [TRANSLATE_ENDPOINT] Received request for 525 chars to Persian
2025-10-27 15:01:46,907 - services - INFO - [services.py:488] - [TRANSLATE_START] Request ID: f8ae7f35, Text length: 525 chars
2025-10-27 15:01:46,907 - services - INFO - [services.py:50] - [REQUEST_START] ID: f8ae7f35, Text length: 525
2025-10-27 15:01:46,908 - services - DEBUG - [services.py:511] - [f8ae7f35] Validating input length...
2025-10-27 15:01:46,908 - services - INFO - [services.py:520] - [f8ae7f35] Input validated: 148 tokens
2025-10-27 15:01:46,908 - services - DEBUG - [services.py:523] - [f8ae7f35] Checking memory availability...
2025-10-27 15:01:46,908 - services - DEBUG - [services.py:534] - [f8ae7f35] GPU memory before translation: 3.70GB
2025-10-27 15:01:46,908 - services - INFO - [services.py:538] - [f8ae7f35] Starting translation...
2025-10-27 15:01:46,908 - services - DEBUG - [services.py:626] - Starting internal translation
2025-10-27 15:01:46,908 - services - DEBUG - [services.py:634] - Target language: Persian
2025-10-27 15:01:46,908 - services - DEBUG - [services.py:661] - Creating prompt...
2025-10-27 15:01:46,909 - services - DEBUG - [services.py:669] - Tokenizing input...
2025-10-27 15:01:46,931 - services - DEBUG - [services.py:682] - Input tokenized: 197 tokens
2025-10-27 15:01:46,931 - services - DEBUG - [services.py:694] - Generating with max_new_tokens=1851
2025-10-27 15:19:39,682 - services - DEBUG - [services.py:712] - Generated 1851 tokens
2025-10-27 15:19:39,682 - services - INFO - [services.py:544] - [f8ae7f35] Translation completed in 1072.77s
2025-10-27 15:19:39,682 - services - DEBUG - [services.py:549] - [f8ae7f35] GPU memory after translation: 3.70GB
2025-10-27 15:19:39,682 - services - INFO - [services.py:59] - [REQUEST_END] ID: f8ae7f35, Status: success, Error: None
2025-10-27 15:19:39,682 - services - INFO - [services.py:558] - [f8ae7f35] Translation successful
2025-10-27 15:19:39,682 - services - INFO - [services.py:880] - [HTTP] /translate - Status: 200 - Time: 1072.775s
2025-10-28 06:53:33,339 - services - INFO - [services.py:875] - [HTTP] GET /health from 127.0.0.1
2025-10-28 06:53:33,340 - services - INFO - [services.py:880] - [HTTP] /health - Status: 200 - Time: 0.000s
2025-10-28 06:53:33,629 - services - INFO - [services.py:875] - [HTTP] GET /languages from 127.0.0.1
2025-10-28 06:53:33,629 - services - INFO - [services.py:880] - [HTTP] /languages - Status: 200 - Time: 0.000s
2025-10-28 06:53:33,904 - services - INFO - [services.py:875] - [HTTP] GET /config from 127.0.0.1
2025-10-28 06:53:33,904 - services - INFO - [services.py:880] - [HTTP] /config - Status: 200 - Time: 0.000s
2025-10-28 06:53:34,107 - services - INFO - [services.py:875] - [HTTP] GET /config from 127.0.0.1
2025-10-28 06:53:34,108 - services - INFO - [services.py:880] - [HTTP] /config - Status: 200 - Time: 0.000s
2025-10-28 06:53:34,423 - services - INFO - [services.py:875] - [HTTP] GET /memory from 127.0.0.1
2025-10-28 06:53:34,424 - services - INFO - [services.py:880] - [HTTP] /memory - Status: 200 - Time: 0.001s
2025-10-28 06:53:35,434 - services - INFO - [services.py:875] - [HTTP] POST /translate from 127.0.0.1
2025-10-28 06:53:35,434 - services - INFO - [services.py:957] - [TRANSLATE_ENDPOINT] Received request for 5 chars to Persian
2025-10-28 06:53:35,434 - services - INFO - [services.py:488] - [TRANSLATE_START] Request ID: 42ac5a87, Text length: 5 chars
2025-10-28 06:53:35,434 - services - INFO - [services.py:50] - [REQUEST_START] ID: 42ac5a87, Text length: 5
2025-10-28 06:53:35,434 - services - DEBUG - [services.py:511] - [42ac5a87] Validating input length...
2025-10-28 06:53:35,435 - services - INFO - [services.py:520] - [42ac5a87] Input validated: 2 tokens
2025-10-28 06:53:35,435 - services - DEBUG - [services.py:523] - [42ac5a87] Checking memory availability...
2025-10-28 06:53:35,435 - services - DEBUG - [services.py:534] - [42ac5a87] GPU memory before translation: 3.70GB
2025-10-28 06:53:35,435 - services - INFO - [services.py:538] - [42ac5a87] Starting translation...
2025-10-28 06:53:35,435 - services - DEBUG - [services.py:626] - Starting internal translation
2025-10-28 06:53:35,435 - services - DEBUG - [services.py:634] - Target language: Persian
2025-10-28 06:53:35,435 - services - DEBUG - [services.py:661] - Creating prompt...
2025-10-28 06:53:35,435 - services - DEBUG - [services.py:669] - Tokenizing input...
2025-10-28 06:53:35,457 - services - DEBUG - [services.py:682] - Input tokenized: 51 tokens
2025-10-28 06:53:35,457 - services - DEBUG - [services.py:694] - Generating with max_new_tokens=1997
2025-10-28 06:53:36,640 - services - DEBUG - [services.py:712] - Generated 2 tokens
2025-10-28 06:53:36,640 - services - INFO - [services.py:544] - [42ac5a87] Translation completed in 1.21s
2025-10-28 06:53:36,641 - services - DEBUG - [services.py:549] - [42ac5a87] GPU memory after translation: 3.70GB
2025-10-28 06:53:36,641 - services - INFO - [services.py:59] - [REQUEST_END] ID: 42ac5a87, Status: success, Error: None
2025-10-28 06:53:36,641 - services - INFO - [services.py:558] - [42ac5a87] Translation successful
2025-10-28 06:53:36,641 - services - INFO - [services.py:880] - [HTTP] /translate - Status: 200 - Time: 1.207s
2025-10-28 06:53:44,663 - services - INFO - [services.py:875] - [HTTP] GET /memory from 127.0.0.1
2025-10-28 06:53:44,664 - services - INFO - [services.py:880] - [HTTP] /memory - Status: 200 - Time: 0.001s
2025-10-28 06:53:54,655 - services - INFO - [services.py:875] - [HTTP] GET /memory from 127.0.0.1
2025-10-28 06:53:54,656 - services - INFO - [services.py:880] - [HTTP] /memory - Status: 200 - Time: 0.001s
2025-10-28 06:54:04,663 - services - INFO - [services.py:875] - [HTTP] GET /memory from 127.0.0.1
2025-10-28 06:54:04,664 - services - INFO - [services.py:880] - [HTTP] /memory - Status: 200 - Time: 0.001s
2025-10-28 06:54:04,695 - services - INFO - [services.py:875] - [HTTP] GET /health from 127.0.0.1
2025-10-28 06:54:04,696 - services - INFO - [services.py:880] - [HTTP] /health - Status: 200 - Time: 0.000s
2025-10-28 06:54:14,707 - services - INFO - [services.py:875] - [HTTP] GET /memory from 127.0.0.1
2025-10-28 06:54:14,708 - services - INFO - [services.py:880] - [HTTP] /memory - Status: 200 - Time: 0.001s
2025-10-28 06:54:24,665 - services - INFO - [services.py:875] - [HTTP] GET /memory from 127.0.0.1
2025-10-28 06:54:24,666 - services - INFO - [services.py:880] - [HTTP] /memory - Status: 200 - Time: 0.001s
2025-10-28 06:54:25,707 - services - INFO - [services.py:875] - [HTTP] POST /translate from 127.0.0.1
2025-10-28 06:54:25,708 - services - INFO - [services.py:957] - [TRANSLATE_ENDPOINT] Received request for 20 chars to Persian
2025-10-28 06:54:25,708 - services - INFO - [services.py:488] - [TRANSLATE_START] Request ID: 71be10eb, Text length: 20 chars
2025-10-28 06:54:25,708 - services - INFO - [services.py:50] - [REQUEST_START] ID: 71be10eb, Text length: 20
2025-10-28 06:54:25,708 - services - DEBUG - [services.py:511] - [71be10eb] Validating input length...
2025-10-28 06:54:25,708 - services - INFO - [services.py:520] - [71be10eb] Input validated: 9 tokens
2025-10-28 06:54:25,708 - services - DEBUG - [services.py:523] - [71be10eb] Checking memory availability...
2025-10-28 06:54:25,708 - services - DEBUG - [services.py:534] - [71be10eb] GPU memory before translation: 3.70GB
2025-10-28 06:54:25,708 - services - INFO - [services.py:538] - [71be10eb] Starting translation...
2025-10-28 06:54:25,708 - services - DEBUG - [services.py:626] - Starting internal translation
2025-10-28 06:54:25,708 - services - DEBUG - [services.py:634] - Target language: Persian
2025-10-28 06:54:25,708 - services - DEBUG - [services.py:661] - Creating prompt...
2025-10-28 06:54:25,709 - services - DEBUG - [services.py:669] - Tokenizing input...
2025-10-28 06:54:25,730 - services - DEBUG - [services.py:682] - Input tokenized: 58 tokens
2025-10-28 06:54:25,731 - services - DEBUG - [services.py:694] - Generating with max_new_tokens=1990
2025-10-28 06:54:30,874 - services - DEBUG - [services.py:712] - Generated 9 tokens
2025-10-28 06:54:30,874 - services - INFO - [services.py:544] - [71be10eb] Translation completed in 5.17s
2025-10-28 06:54:30,874 - services - DEBUG - [services.py:549] - [71be10eb] GPU memory after translation: 3.70GB
2025-10-28 06:54:30,874 - services - INFO - [services.py:59] - [REQUEST_END] ID: 71be10eb, Status: success, Error: None
2025-10-28 06:54:30,874 - services - INFO - [services.py:558] - [71be10eb] Translation successful
2025-10-28 06:54:30,875 - services - INFO - [services.py:880] - [HTTP] /translate - Status: 200 - Time: 5.168s
2025-10-28 06:54:34,695 - services - INFO - [services.py:875] - [HTTP] GET /health from 127.0.0.1
2025-10-28 06:54:34,696 - services - INFO - [services.py:880] - [HTTP] /health - Status: 200 - Time: 0.000s
2025-10-28 06:54:34,697 - services - INFO - [services.py:875] - [HTTP] GET /memory from 127.0.0.1
2025-10-28 06:54:34,698 - services - INFO - [services.py:880] - [HTTP] /memory - Status: 200 - Time: 0.001s
2025-10-28 06:54:44,755 - services - INFO - [services.py:875] - [HTTP] GET /memory from 127.0.0.1
2025-10-28 06:54:44,756 - services - INFO - [services.py:880] - [HTTP] /memory - Status: 200 - Time: 0.001s
2025-10-28 06:54:54,771 - services - INFO - [services.py:875] - [HTTP] GET /memory from 127.0.0.1
2025-10-28 06:54:54,772 - services - INFO - [services.py:880] - [HTTP] /memory - Status: 200 - Time: 0.001s
2025-10-28 06:55:04,808 - services - INFO - [services.py:875] - [HTTP] GET /health from 127.0.0.1
2025-10-28 06:55:04,809 - services - INFO - [services.py:880] - [HTTP] /health - Status: 200 - Time: 0.000s
2025-10-28 06:55:04,815 - services - INFO - [services.py:875] - [HTTP] GET /memory from 127.0.0.1
2025-10-28 06:55:04,815 - services - INFO - [services.py:880] - [HTTP] /memory - Status: 200 - Time: 0.001s
2025-10-28 06:55:15,492 - services - INFO - [services.py:875] - [HTTP] GET /memory from 127.0.0.1
2025-10-28 06:55:15,493 - services - INFO - [services.py:880] - [HTTP] /memory - Status: 200 - Time: 0.001s
2025-10-28 06:55:16,045 - services - INFO - [services.py:875] - [HTTP] GET /health from 127.0.0.1
2025-10-28 06:55:16,045 - services - INFO - [services.py:880] - [HTTP] /health - Status: 200 - Time: 0.000s
2025-10-28 06:55:16,390 - services - INFO - [services.py:875] - [HTTP] GET /languages from 127.0.0.1
2025-10-28 06:55:16,391 - services - INFO - [services.py:880] - [HTTP] /languages - Status: 200 - Time: 0.000s
2025-10-28 06:55:24,724 - services - INFO - [services.py:875] - [HTTP] GET /memory from 127.0.0.1
2025-10-28 06:55:24,725 - services - INFO - [services.py:880] - [HTTP] /memory - Status: 200 - Time: 0.001s
2025-10-28 06:55:32,977 - services - INFO - [services.py:875] - [HTTP] GET /health from 127.0.0.1
2025-10-28 06:55:32,977 - services - INFO - [services.py:880] - [HTTP] /health - Status: 200 - Time: 0.000s
2025-10-28 06:55:33,145 - services - INFO - [services.py:875] - [HTTP] GET /languages from 127.0.0.1
2025-10-28 06:55:33,145 - services - INFO - [services.py:880] - [HTTP] /languages - Status: 200 - Time: 0.000s
2025-10-28 06:55:33,315 - services - INFO - [services.py:875] - [HTTP] GET /config from 127.0.0.1
2025-10-28 06:55:33,315 - services - INFO - [services.py:880] - [HTTP] /config - Status: 200 - Time: 0.000s
2025-10-28 06:55:33,424 - services - INFO - [services.py:875] - [HTTP] GET /config from 127.0.0.1
2025-10-28 06:55:33,424 - services - INFO - [services.py:880] - [HTTP] /config - Status: 200 - Time: 0.000s
2025-10-28 06:55:33,615 - services - INFO - [services.py:875] - [HTTP] GET /memory from 127.0.0.1
2025-10-28 06:55:33,616 - services - INFO - [services.py:880] - [HTTP] /memory - Status: 200 - Time: 0.001s
2025-10-28 06:55:34,756 - services - INFO - [services.py:875] - [HTTP] GET /health from 127.0.0.1
2025-10-28 06:55:34,757 - services - INFO - [services.py:880] - [HTTP] /health - Status: 200 - Time: 0.001s
2025-10-28 06:55:34,764 - services - INFO - [services.py:875] - [HTTP] GET /memory from 127.0.0.1
2025-10-28 06:55:34,765 - services - INFO - [services.py:880] - [HTTP] /memory - Status: 200 - Time: 0.001s
2025-10-28 06:55:43,807 - services - INFO - [services.py:875] - [HTTP] GET /memory from 127.0.0.1
2025-10-28 06:55:43,808 - services - INFO - [services.py:880] - [HTTP] /memory - Status: 200 - Time: 0.001s
2025-10-28 06:55:44,712 - services - INFO - [services.py:875] - [HTTP] GET /memory from 127.0.0.1
2025-10-28 06:55:44,712 - services - INFO - [services.py:880] - [HTTP] /memory - Status: 200 - Time: 0.001s
2025-10-28 06:55:53,812 - services - INFO - [services.py:875] - [HTTP] GET /memory from 127.0.0.1
2025-10-28 06:55:53,813 - services - INFO - [services.py:880] - [HTTP] /memory - Status: 200 - Time: 0.001s
2025-10-28 06:55:54,783 - services - INFO - [services.py:875] - [HTTP] GET /memory from 127.0.0.1
2025-10-28 06:55:54,784 - services - INFO - [services.py:880] - [HTTP] /memory - Status: 200 - Time: 0.001s
2025-10-28 06:56:03,752 - services - INFO - [services.py:875] - [HTTP] GET /health from 127.0.0.1
2025-10-28 06:56:03,752 - services - INFO - [services.py:880] - [HTTP] /health - Status: 200 - Time: 0.000s
2025-10-28 06:56:03,773 - services - INFO - [services.py:875] - [HTTP] GET /memory from 127.0.0.1
2025-10-28 06:56:03,774 - services - INFO - [services.py:880] - [HTTP] /memory - Status: 200 - Time: 0.001s
2025-10-28 06:56:04,728 - services - INFO - [services.py:875] - [HTTP] GET /health from 127.0.0.1
2025-10-28 06:56:04,728 - services - INFO - [services.py:880] - [HTTP] /health - Status: 200 - Time: 0.000s
2025-10-28 06:56:04,808 - services - INFO - [services.py:875] - [HTTP] GET /memory from 127.0.0.1
2025-10-28 06:56:04,809 - services - INFO - [services.py:880] - [HTTP] /memory - Status: 200 - Time: 0.001s
2025-10-28 06:56:13,758 - services - INFO - [services.py:875] - [HTTP] GET /memory from 127.0.0.1
2025-10-28 06:56:13,759 - services - INFO - [services.py:880] - [HTTP] /memory - Status: 200 - Time: 0.001s
2025-10-28 06:56:14,718 - services - INFO - [services.py:875] - [HTTP] GET /memory from 127.0.0.1
2025-10-28 06:56:14,720 - services - INFO - [services.py:880] - [HTTP] /memory - Status: 200 - Time: 0.002s
2025-10-28 06:56:23,834 - services - INFO - [services.py:875] - [HTTP] GET /memory from 127.0.0.1
2025-10-28 06:56:23,835 - services - INFO - [services.py:880] - [HTTP] /memory - Status: 200 - Time: 0.001s
2025-10-28 06:56:24,749 - services - INFO - [services.py:875] - [HTTP] GET /memory from 127.0.0.1
2025-10-28 06:56:24,749 - services - INFO - [services.py:880] - [HTTP] /memory - Status: 200 - Time: 0.001s
2025-10-28 06:56:31,017 - services - INFO - [services.py:875] - [HTTP] POST /translate from 127.0.0.1
2025-10-28 06:56:31,017 - services - INFO - [services.py:957] - [TRANSLATE_ENDPOINT] Received request for 121 chars to Persian
2025-10-28 06:56:31,017 - services - INFO - [services.py:488] - [TRANSLATE_START] Request ID: ef94df5c, Text length: 121 chars
2025-10-28 06:56:31,017 - services - INFO - [services.py:50] - [REQUEST_START] ID: ef94df5c, Text length: 121
2025-10-28 06:56:31,017 - services - DEBUG - [services.py:511] - [ef94df5c] Validating input length...
2025-10-28 06:56:31,017 - services - INFO - [services.py:520] - [ef94df5c] Input validated: 41 tokens
2025-10-28 06:56:31,017 - services - DEBUG - [services.py:523] - [ef94df5c] Checking memory availability...
2025-10-28 06:56:31,018 - services - DEBUG - [services.py:534] - [ef94df5c] GPU memory before translation: 3.70GB
2025-10-28 06:56:31,018 - services - INFO - [services.py:538] - [ef94df5c] Starting translation...
2025-10-28 06:56:31,018 - services - DEBUG - [services.py:626] - Starting internal translation
2025-10-28 06:56:31,018 - services - DEBUG - [services.py:634] - Target language: Persian
2025-10-28 06:56:31,018 - services - DEBUG - [services.py:661] - Creating prompt...
2025-10-28 06:56:31,018 - services - DEBUG - [services.py:669] - Tokenizing input...
2025-10-28 06:56:31,040 - services - DEBUG - [services.py:682] - Input tokenized: 90 tokens
2025-10-28 06:56:31,040 - services - DEBUG - [services.py:694] - Generating with max_new_tokens=1958
2025-10-28 06:56:59,189 - services - DEBUG - [services.py:712] - Generated 49 tokens
2025-10-28 06:56:59,189 - services - INFO - [services.py:544] - [ef94df5c] Translation completed in 28.17s
2025-10-28 06:56:59,189 - services - DEBUG - [services.py:549] - [ef94df5c] GPU memory after translation: 3.70GB
2025-10-28 06:56:59,189 - services - INFO - [services.py:59] - [REQUEST_END] ID: ef94df5c, Status: success, Error: None
2025-10-28 06:56:59,189 - services - INFO - [services.py:558] - [ef94df5c] Translation successful
2025-10-28 06:56:59,190 - services - INFO - [services.py:880] - [HTTP] /translate - Status: 200 - Time: 28.173s
2025-10-28 06:56:59,191 - services - INFO - [services.py:875] - [HTTP] GET /health from 127.0.0.1
2025-10-28 06:56:59,192 - services - INFO - [services.py:875] - [HTTP] GET /memory from 127.0.0.1
2025-10-28 06:56:59,192 - services - INFO - [services.py:875] - [HTTP] GET /health from 127.0.0.1
2025-10-28 06:56:59,192 - services - INFO - [services.py:875] - [HTTP] GET /memory from 127.0.0.1
2025-10-28 06:56:59,192 - services - INFO - [services.py:875] - [HTTP] GET /memory from 127.0.0.1
2025-10-28 06:56:59,192 - services - INFO - [services.py:875] - [HTTP] GET /memory from 127.0.0.1
2025-10-28 06:56:59,192 - services - INFO - [services.py:875] - [HTTP] GET /memory from 127.0.0.1
2025-10-28 06:56:59,198 - services - INFO - [services.py:880] - [HTTP] /health - Status: 200 - Time: 0.007s
2025-10-28 06:56:59,198 - services - INFO - [services.py:880] - [HTTP] /memory - Status: 200 - Time: 0.007s
2025-10-28 06:56:59,198 - services - INFO - [services.py:880] - [HTTP] /health - Status: 200 - Time: 0.007s
2025-10-28 06:56:59,198 - services - INFO - [services.py:880] - [HTTP] /memory - Status: 200 - Time: 0.006s
2025-10-28 06:56:59,198 - services - INFO - [services.py:880] - [HTTP] /memory - Status: 200 - Time: 0.006s
2025-10-28 06:56:59,198 - services - INFO - [services.py:880] - [HTTP] /memory - Status: 200 - Time: 0.006s
2025-10-28 06:56:59,199 - services - INFO - [services.py:880] - [HTTP] /memory - Status: 200 - Time: 0.007s
2025-10-28 06:56:59,507 - services - INFO - [services.py:875] - [HTTP] GET /memory from 127.0.0.1
2025-10-28 06:56:59,508 - services - INFO - [services.py:880] - [HTTP] /memory - Status: 200 - Time: 0.001s
2025-10-28 06:57:03,731 - services - INFO - [services.py:875] - [HTTP] GET /memory from 127.0.0.1
2025-10-28 06:57:03,732 - services - INFO - [services.py:880] - [HTTP] /memory - Status: 200 - Time: 0.001s
2025-10-28 06:57:03,749 - services - INFO - [services.py:875] - [HTTP] GET /health from 127.0.0.1
2025-10-28 06:57:03,750 - services - INFO - [services.py:880] - [HTTP] /health - Status: 200 - Time: 0.000s
2025-10-28 06:57:04,713 - services - INFO - [services.py:875] - [HTTP] GET /health from 127.0.0.1
2025-10-28 06:57:04,714 - services - INFO - [services.py:880] - [HTTP] /health - Status: 200 - Time: 0.000s
2025-10-28 06:57:04,717 - services - INFO - [services.py:875] - [HTTP] GET /memory from 127.0.0.1
2025-10-28 06:57:04,717 - services - INFO - [services.py:880] - [HTTP] /memory - Status: 200 - Time: 0.001s
2025-10-28 06:57:13,834 - services - INFO - [services.py:875] - [HTTP] GET /memory from 127.0.0.1
2025-10-28 06:57:13,836 - services - INFO - [services.py:880] - [HTTP] /memory - Status: 200 - Time: 0.001s
2025-10-28 06:57:14,735 - services - INFO - [services.py:875] - [HTTP] GET /memory from 127.0.0.1
2025-10-28 06:57:14,736 - services - INFO - [services.py:880] - [HTTP] /memory - Status: 200 - Time: 0.001s
2025-10-28 06:57:23,752 - services - INFO - [services.py:875] - [HTTP] GET /memory from 127.0.0.1
2025-10-28 06:57:23,753 - services - INFO - [services.py:880] - [HTTP] /memory - Status: 200 - Time: 0.001s
2025-10-28 06:57:24,789 - services - INFO - [services.py:875] - [HTTP] GET /memory from 127.0.0.1
2025-10-28 06:57:24,790 - services - INFO - [services.py:880] - [HTTP] /memory - Status: 200 - Time: 0.001s
2025-10-28 06:57:33,754 - services - INFO - [services.py:875] - [HTTP] GET /memory from 127.0.0.1
2025-10-28 06:57:33,755 - services - INFO - [services.py:880] - [HTTP] /memory - Status: 200 - Time: 0.001s
2025-10-28 06:57:33,791 - services - INFO - [services.py:875] - [HTTP] GET /health from 127.0.0.1
2025-10-28 06:57:33,791 - services - INFO - [services.py:880] - [HTTP] /health - Status: 200 - Time: 0.001s
2025-10-28 06:57:34,661 - services - INFO - [services.py:875] - [HTTP] GET /health from 127.0.0.1
2025-10-28 06:57:34,661 - services - INFO - [services.py:880] - [HTTP] /health - Status: 200 - Time: 0.000s
2025-10-28 06:57:34,706 - services - INFO - [services.py:875] - [HTTP] GET /memory from 127.0.0.1
2025-10-28 06:57:34,707 - services - INFO - [services.py:880] - [HTTP] /memory - Status: 200 - Time: 0.001s
2025-10-28 06:57:43,782 - services - INFO - [services.py:875] - [HTTP] GET /memory from 127.0.0.1
2025-10-28 06:57:43,783 - services - INFO - [services.py:880] - [HTTP] /memory - Status: 200 - Time: 0.001s
2025-10-28 06:57:44,681 - services - INFO - [services.py:875] - [HTTP] GET /memory from 127.0.0.1
2025-10-28 06:57:44,682 - services - INFO - [services.py:880] - [HTTP] /memory - Status: 200 - Time: 0.001s
2025-10-28 06:57:53,754 - services - INFO - [services.py:875] - [HTTP] GET /memory from 127.0.0.1
2025-10-28 06:57:53,755 - services - INFO - [services.py:880] - [HTTP] /memory - Status: 200 - Time: 0.001s
2025-10-28 06:57:54,644 - services - INFO - [services.py:875] - [HTTP] GET /memory from 127.0.0.1
2025-10-28 06:57:54,645 - services - INFO - [services.py:880] - [HTTP] /memory - Status: 200 - Time: 0.001s
2025-10-28 06:58:03,751 - services - INFO - [services.py:875] - [HTTP] GET /health from 127.0.0.1
2025-10-28 06:58:03,751 - services - INFO - [services.py:880] - [HTTP] /health - Status: 200 - Time: 0.000s
2025-10-28 06:58:03,756 - services - INFO - [services.py:875] - [HTTP] GET /memory from 127.0.0.1
2025-10-28 06:58:03,757 - services - INFO - [services.py:880] - [HTTP] /memory - Status: 200 - Time: 0.001s
2025-10-28 06:58:04,640 - services - INFO - [services.py:875] - [HTTP] GET /health from 127.0.0.1
2025-10-28 06:58:04,641 - services - INFO - [services.py:880] - [HTTP] /health - Status: 200 - Time: 0.000s
2025-10-28 06:58:04,675 - services - INFO - [services.py:875] - [HTTP] GET /memory from 127.0.0.1
2025-10-28 06:58:04,676 - services - INFO - [services.py:880] - [HTTP] /memory - Status: 200 - Time: 0.001s
2025-10-28 06:58:13,801 - services - INFO - [services.py:875] - [HTTP] GET /memory from 127.0.0.1
2025-10-28 06:58:13,802 - services - INFO - [services.py:880] - [HTTP] /memory - Status: 200 - Time: 0.001s
2025-10-28 06:58:14,755 - services - INFO - [services.py:875] - [HTTP] GET /memory from 127.0.0.1
2025-10-28 06:58:14,756 - services - INFO - [services.py:880] - [HTTP] /memory - Status: 200 - Time: 0.001s
2025-10-28 06:58:23,747 - services - INFO - [services.py:875] - [HTTP] GET /memory from 127.0.0.1
2025-10-28 06:58:23,748 - services - INFO - [services.py:880] - [HTTP] /memory - Status: 200 - Time: 0.001s
2025-10-28 06:58:24,632 - services - INFO - [services.py:875] - [HTTP] GET /memory from 127.0.0.1
2025-10-28 06:58:24,632 - services - INFO - [services.py:880] - [HTTP] /memory - Status: 200 - Time: 0.001s
2025-10-28 06:58:33,772 - services - INFO - [services.py:875] - [HTTP] GET /health from 127.0.0.1
2025-10-28 06:58:33,773 - services - INFO - [services.py:880] - [HTTP] /health - Status: 200 - Time: 0.001s
2025-10-28 06:58:33,776 - services - INFO - [services.py:875] - [HTTP] GET /memory from 127.0.0.1
2025-10-28 06:58:33,777 - services - INFO - [services.py:880] - [HTTP] /memory - Status: 200 - Time: 0.001s
2025-10-28 06:58:34,626 - services - INFO - [services.py:875] - [HTTP] GET /memory from 127.0.0.1
2025-10-28 06:58:34,628 - services - INFO - [services.py:880] - [HTTP] /memory - Status: 200 - Time: 0.001s
2025-10-28 06:58:34,636 - services - INFO - [services.py:875] - [HTTP] GET /health from 127.0.0.1
2025-10-28 06:58:34,636 - services - INFO - [services.py:880] - [HTTP] /health - Status: 200 - Time: 0.000s
2025-10-28 06:58:43,808 - services - INFO - [services.py:875] - [HTTP] GET /memory from 127.0.0.1
2025-10-28 06:58:43,809 - services - INFO - [services.py:880] - [HTTP] /memory - Status: 200 - Time: 0.001s
2025-10-28 06:58:44,752 - services - INFO - [services.py:875] - [HTTP] GET /memory from 127.0.0.1
2025-10-28 06:58:44,753 - services - INFO - [services.py:880] - [HTTP] /memory - Status: 200 - Time: 0.001s
2025-10-28 06:58:53,792 - services - INFO - [services.py:875] - [HTTP] GET /memory from 127.0.0.1
2025-10-28 06:58:53,792 - services - INFO - [services.py:880] - [HTTP] /memory - Status: 200 - Time: 0.001s
2025-10-28 06:58:54,636 - services - INFO - [services.py:875] - [HTTP] GET /memory from 127.0.0.1
2025-10-28 06:58:54,637 - services - INFO - [services.py:880] - [HTTP] /memory - Status: 200 - Time: 0.001s
2025-10-28 06:59:03,762 - services - INFO - [services.py:875] - [HTTP] GET /health from 127.0.0.1
2025-10-28 06:59:03,762 - services - INFO - [services.py:880] - [HTTP] /health - Status: 200 - Time: 0.000s
2025-10-28 06:59:03,762 - services - INFO - [services.py:875] - [HTTP] GET /memory from 127.0.0.1
2025-10-28 06:59:03,763 - services - INFO - [services.py:880] - [HTTP] /memory - Status: 200 - Time: 0.001s
2025-10-28 06:59:04,732 - services - INFO - [services.py:875] - [HTTP] GET /memory from 127.0.0.1
2025-10-28 06:59:04,733 - services - INFO - [services.py:880] - [HTTP] /memory - Status: 200 - Time: 0.001s
2025-10-28 06:59:04,739 - services - INFO - [services.py:875] - [HTTP] GET /health from 127.0.0.1
2025-10-28 06:59:04,740 - services - INFO - [services.py:880] - [HTTP] /health - Status: 200 - Time: 0.000s
2025-10-28 06:59:13,777 - services - INFO - [services.py:875] - [HTTP] GET /memory from 127.0.0.1
2025-10-28 06:59:13,778 - services - INFO - [services.py:880] - [HTTP] /memory - Status: 200 - Time: 0.001s
2025-10-28 06:59:14,641 - services - INFO - [services.py:875] - [HTTP] GET /memory from 127.0.0.1
2025-10-28 06:59:14,642 - services - INFO - [services.py:880] - [HTTP] /memory - Status: 200 - Time: 0.001s
2025-10-28 06:59:23,826 - services - INFO - [services.py:875] - [HTTP] GET /memory from 127.0.0.1
2025-10-28 06:59:23,827 - services - INFO - [services.py:880] - [HTTP] /memory - Status: 200 - Time: 0.001s
2025-10-28 06:59:24,814 - services - INFO - [services.py:875] - [HTTP] GET /memory from 127.0.0.1
2025-10-28 06:59:24,815 - services - INFO - [services.py:880] - [HTTP] /memory - Status: 200 - Time: 0.001s
2025-10-28 06:59:34,579 - services - INFO - [services.py:875] - [HTTP] GET /health from 127.0.0.1
2025-10-28 06:59:34,580 - services - INFO - [services.py:880] - [HTTP] /health - Status: 200 - Time: 0.000s
2025-10-28 06:59:34,698 - services - INFO - [services.py:875] - [HTTP] GET /memory from 127.0.0.1
2025-10-28 06:59:34,699 - services - INFO - [services.py:880] - [HTTP] /memory - Status: 200 - Time: 0.001s
2025-10-28 06:59:44,618 - services - INFO - [services.py:875] - [HTTP] GET /memory from 127.0.0.1
2025-10-28 06:59:44,619 - services - INFO - [services.py:880] - [HTTP] /memory - Status: 200 - Time: 0.001s
2025-10-28 06:59:54,604 - services - INFO - [services.py:875] - [HTTP] GET /memory from 127.0.0.1
2025-10-28 06:59:54,605 - services - INFO - [services.py:880] - [HTTP] /memory - Status: 200 - Time: 0.001s
2025-10-28 07:00:01,766 - services - INFO - [services.py:875] - [HTTP] GET /health from 127.0.0.1
2025-10-28 07:00:01,766 - services - INFO - [services.py:880] - [HTTP] /health - Status: 200 - Time: 0.000s
2025-10-28 07:00:01,789 - services - INFO - [services.py:875] - [HTTP] GET /memory from 127.0.0.1
2025-10-28 07:00:01,790 - services - INFO - [services.py:880] - [HTTP] /memory - Status: 200 - Time: 0.001s
2025-10-28 07:00:04,614 - services - INFO - [services.py:875] - [HTTP] GET /memory from 127.0.0.1
2025-10-28 07:00:04,615 - services - INFO - [services.py:880] - [HTTP] /memory - Status: 200 - Time: 0.001s
2025-10-28 07:00:04,627 - services - INFO - [services.py:875] - [HTTP] GET /health from 127.0.0.1
2025-10-28 07:00:04,627 - services - INFO - [services.py:880] - [HTTP] /health - Status: 200 - Time: 0.000s
2025-10-28 07:00:14,592 - services - INFO - [services.py:875] - [HTTP] GET /memory from 127.0.0.1
2025-10-28 07:00:14,593 - services - INFO - [services.py:880] - [HTTP] /memory - Status: 200 - Time: 0.001s
2025-10-28 07:00:24,711 - services - INFO - [services.py:875] - [HTTP] GET /memory from 127.0.0.1
2025-10-28 07:00:24,713 - services - INFO - [services.py:880] - [HTTP] /memory - Status: 200 - Time: 0.002s
2025-10-28 07:00:34,581 - services - INFO - [services.py:875] - [HTTP] GET /health from 127.0.0.1
2025-10-28 07:00:34,582 - services - INFO - [services.py:880] - [HTTP] /health - Status: 200 - Time: 0.000s
2025-10-28 07:00:34,598 - services - INFO - [services.py:875] - [HTTP] GET /memory from 127.0.0.1
2025-10-28 07:00:34,599 - services - INFO - [services.py:880] - [HTTP] /memory - Status: 200 - Time: 0.001s
2025-10-28 07:00:44,695 - services - INFO - [services.py:875] - [HTTP] GET /memory from 127.0.0.1
2025-10-28 07:00:44,696 - services - INFO - [services.py:880] - [HTTP] /memory - Status: 200 - Time: 0.001s
2025-10-28 07:00:54,697 - services - INFO - [services.py:875] - [HTTP] GET /memory from 127.0.0.1
2025-10-28 07:00:54,698 - services - INFO - [services.py:880] - [HTTP] /memory - Status: 200 - Time: 0.001s
2025-10-28 07:01:01,775 - services - INFO - [services.py:875] - [HTTP] GET /health from 127.0.0.1
2025-10-28 07:01:01,776 - services - INFO - [services.py:880] - [HTTP] /health - Status: 200 - Time: 0.001s
2025-10-28 07:01:01,777 - services - INFO - [services.py:875] - [HTTP] GET /memory from 127.0.0.1
2025-10-28 07:01:01,778 - services - INFO - [services.py:880] - [HTTP] /memory - Status: 200 - Time: 0.001s
2025-10-28 07:01:04,642 - services - INFO - [services.py:875] - [HTTP] GET /health from 127.0.0.1
2025-10-28 07:01:04,642 - services - INFO - [services.py:880] - [HTTP] /health - Status: 200 - Time: 0.000s
2025-10-28 07:01:04,683 - services - INFO - [services.py:875] - [HTTP] GET /memory from 127.0.0.1
2025-10-28 07:01:04,684 - services - INFO - [services.py:880] - [HTTP] /memory - Status: 200 - Time: 0.001s
2025-10-28 07:01:14,834 - services - INFO - [services.py:875] - [HTTP] GET /memory from 127.0.0.1
2025-10-28 07:01:14,835 - services - INFO - [services.py:880] - [HTTP] /memory - Status: 200 - Time: 0.001s
2025-10-28 07:01:24,585 - services - INFO - [services.py:875] - [HTTP] GET /memory from 127.0.0.1
2025-10-28 07:01:24,586 - services - INFO - [services.py:880] - [HTTP] /memory - Status: 200 - Time: 0.001s
2025-10-28 07:01:34,691 - services - INFO - [services.py:875] - [HTTP] GET /memory from 127.0.0.1
2025-10-28 07:01:34,692 - services - INFO - [services.py:880] - [HTTP] /memory - Status: 200 - Time: 0.002s
2025-10-28 07:01:34,693 - services - INFO - [services.py:875] - [HTTP] GET /health from 127.0.0.1
2025-10-28 07:01:34,693 - services - INFO - [services.py:880] - [HTTP] /health - Status: 200 - Time: 0.000s
2025-10-28 07:01:44,927 - services - INFO - [services.py:875] - [HTTP] GET /memory from 127.0.0.1
2025-10-28 07:01:44,928 - services - INFO - [services.py:880] - [HTTP] /memory - Status: 200 - Time: 0.001s
2025-10-28 07:01:54,631 - services - INFO - [services.py:875] - [HTTP] GET /memory from 127.0.0.1
2025-10-28 07:01:54,632 - services - INFO - [services.py:880] - [HTTP] /memory - Status: 200 - Time: 0.001s
2025-10-28 07:02:01,762 - services - INFO - [services.py:875] - [HTTP] GET /health from 127.0.0.1
2025-10-28 07:02:01,762 - services - INFO - [services.py:880] - [HTTP] /health - Status: 200 - Time: 0.000s
2025-10-28 07:02:01,785 - services - INFO - [services.py:875] - [HTTP] GET /memory from 127.0.0.1
2025-10-28 07:02:01,786 - services - INFO - [services.py:880] - [HTTP] /memory - Status: 200 - Time: 0.001s
2025-10-28 07:02:05,060 - services - INFO - [services.py:875] - [HTTP] GET /health from 127.0.0.1
2025-10-28 07:02:05,061 - services - INFO - [services.py:880] - [HTTP] /health - Status: 200 - Time: 0.001s
2025-10-28 07:02:05,066 - services - INFO - [services.py:875] - [HTTP] GET /memory from 127.0.0.1
2025-10-28 07:02:05,067 - services - INFO - [services.py:880] - [HTTP] /memory - Status: 200 - Time: 0.001s
2025-10-28 07:02:15,109 - services - INFO - [services.py:875] - [HTTP] GET /memory from 127.0.0.1
2025-10-28 07:02:15,110 - services - INFO - [services.py:880] - [HTTP] /memory - Status: 200 - Time: 0.001s
2025-10-28 07:02:24,710 - services - INFO - [services.py:875] - [HTTP] GET /memory from 127.0.0.1
2025-10-28 07:02:24,711 - services - INFO - [services.py:880] - [HTTP] /memory - Status: 200 - Time: 0.001s
2025-10-28 07:02:54,950 - services - INFO - [services.py:875] - [HTTP] GET /memory from 127.0.0.1
2025-10-28 07:02:54,951 - services - INFO - [services.py:880] - [HTTP] /memory - Status: 200 - Time: 0.001s
2025-10-28 07:03:05,832 - services - INFO - [services.py:875] - [HTTP] GET /health from 127.0.0.1
2025-10-28 07:03:05,852 - services - INFO - [services.py:880] - [HTTP] /health - Status: 200 - Time: 0.020s
2025-10-28 07:03:05,870 - services - INFO - [services.py:875] - [HTTP] GET /memory from 127.0.0.1
2025-10-28 07:03:05,872 - services - INFO - [services.py:880] - [HTTP] /memory - Status: 200 - Time: 0.001s
2025-10-28 07:03:05,879 - services - INFO - [services.py:875] - [HTTP] GET /memory from 127.0.0.1
2025-10-28 07:03:05,880 - services - INFO - [services.py:880] - [HTTP] /memory - Status: 200 - Time: 0.001s
2025-10-28 07:03:05,904 - services - INFO - [services.py:875] - [HTTP] GET /health from 127.0.0.1
2025-10-28 07:03:05,904 - services - INFO - [services.py:880] - [HTTP] /health - Status: 200 - Time: 0.000s
2025-10-28 07:03:14,647 - services - INFO - [services.py:875] - [HTTP] GET /memory from 127.0.0.1
2025-10-28 07:03:14,648 - services - INFO - [services.py:880] - [HTTP] /memory - Status: 200 - Time: 0.002s
2025-10-28 07:03:24,674 - services - INFO - [services.py:875] - [HTTP] GET /memory from 127.0.0.1
2025-10-28 07:03:24,675 - services - INFO - [services.py:880] - [HTTP] /memory - Status: 200 - Time: 0.001s
2025-10-28 07:03:35,608 - services - INFO - [services.py:875] - [HTTP] GET /memory from 127.0.0.1
2025-10-28 07:03:35,612 - services - INFO - [services.py:880] - [HTTP] /memory - Status: 200 - Time: 0.004s
2025-10-28 07:03:35,618 - services - INFO - [services.py:875] - [HTTP] GET /health from 127.0.0.1
2025-10-28 07:03:35,621 - services - INFO - [services.py:880] - [HTTP] /health - Status: 200 - Time: 0.003s
2025-10-28 07:03:49,292 - services - INFO - [services.py:875] - [HTTP] GET /memory from 127.0.0.1
2025-10-28 07:03:49,298 - services - INFO - [services.py:880] - [HTTP] /memory - Status: 200 - Time: 0.006s
2025-10-28 07:03:55,002 - services - INFO - [services.py:875] - [HTTP] GET /memory from 127.0.0.1
2025-10-28 07:03:55,008 - services - INFO - [services.py:880] - [HTTP] /memory - Status: 200 - Time: 0.006s
2025-10-28 07:04:01,767 - services - INFO - [services.py:875] - [HTTP] GET /health from 127.0.0.1
2025-10-28 07:04:01,767 - services - INFO - [services.py:880] - [HTTP] /health - Status: 200 - Time: 0.001s
2025-10-28 07:04:01,768 - services - INFO - [services.py:875] - [HTTP] GET /memory from 127.0.0.1
2025-10-28 07:04:01,770 - services - INFO - [services.py:880] - [HTTP] /memory - Status: 200 - Time: 0.001s
2025-10-28 07:04:04,998 - services - INFO - [services.py:875] - [HTTP] GET /health from 127.0.0.1
2025-10-28 07:04:04,998 - services - INFO - [services.py:880] - [HTTP] /health - Status: 200 - Time: 0.000s
2025-10-28 07:04:05,015 - services - INFO - [services.py:875] - [HTTP] GET /memory from 127.0.0.1
2025-10-28 07:04:05,022 - services - INFO - [services.py:880] - [HTTP] /memory - Status: 200 - Time: 0.008s
2025-10-28 07:04:15,044 - services - INFO - [services.py:875] - [HTTP] GET /memory from 127.0.0.1
2025-10-28 07:04:15,045 - services - INFO - [services.py:880] - [HTTP] /memory - Status: 200 - Time: 0.001s
2025-10-28 07:04:24,608 - services - INFO - [services.py:875] - [HTTP] GET /memory from 127.0.0.1
2025-10-28 07:04:24,609 - services - INFO - [services.py:880] - [HTTP] /memory - Status: 200 - Time: 0.001s
2025-10-28 07:04:34,589 - services - INFO - [services.py:875] - [HTTP] GET /memory from 127.0.0.1
2025-10-28 07:04:34,591 - services - INFO - [services.py:880] - [HTTP] /memory - Status: 200 - Time: 0.002s
2025-10-28 07:04:34,596 - services - INFO - [services.py:875] - [HTTP] GET /health from 127.0.0.1
2025-10-28 07:04:34,596 - services - INFO - [services.py:880] - [HTTP] /health - Status: 200 - Time: 0.000s
2025-10-28 07:04:44,674 - services - INFO - [services.py:875] - [HTTP] GET /memory from 127.0.0.1
2025-10-28 07:04:44,675 - services - INFO - [services.py:880] - [HTTP] /memory - Status: 200 - Time: 0.001s
2025-10-28 07:04:55,008 - services - INFO - [services.py:875] - [HTTP] GET /memory from 127.0.0.1
2025-10-28 07:04:55,009 - services - INFO - [services.py:880] - [HTTP] /memory - Status: 200 - Time: 0.002s
2025-10-28 07:05:01,767 - services - INFO - [services.py:875] - [HTTP] GET /health from 127.0.0.1
2025-10-28 07:05:01,767 - services - INFO - [services.py:880] - [HTTP] /health - Status: 200 - Time: 0.000s
2025-10-28 07:05:01,823 - services - INFO - [services.py:875] - [HTTP] GET /memory from 127.0.0.1
2025-10-28 07:05:01,825 - services - INFO - [services.py:880] - [HTTP] /memory - Status: 200 - Time: 0.003s
2025-10-28 07:05:04,987 - services - INFO - [services.py:875] - [HTTP] GET /health from 127.0.0.1
2025-10-28 07:05:04,987 - services - INFO - [services.py:880] - [HTTP] /health - Status: 200 - Time: 0.000s
2025-10-28 07:05:04,991 - services - INFO - [services.py:875] - [HTTP] GET /memory from 127.0.0.1
2025-10-28 07:05:04,992 - services - INFO - [services.py:880] - [HTTP] /memory - Status: 200 - Time: 0.001s
2025-10-28 07:05:14,991 - services - INFO - [services.py:875] - [HTTP] GET /memory from 127.0.0.1
2025-10-28 07:05:14,993 - services - INFO - [services.py:880] - [HTTP] /memory - Status: 200 - Time: 0.002s
2025-10-28 07:05:25,041 - services - INFO - [services.py:875] - [HTTP] GET /memory from 127.0.0.1
2025-10-28 07:05:25,042 - services - INFO - [services.py:880] - [HTTP] /memory - Status: 200 - Time: 0.001s
2025-10-28 07:05:35,015 - services - INFO - [services.py:875] - [HTTP] GET /health from 127.0.0.1
2025-10-28 07:05:35,015 - services - INFO - [services.py:880] - [HTTP] /health - Status: 200 - Time: 0.001s
2025-10-28 07:05:35,038 - services - INFO - [services.py:875] - [HTTP] GET /memory from 127.0.0.1
2025-10-28 07:05:35,039 - services - INFO - [services.py:880] - [HTTP] /memory - Status: 200 - Time: 0.001s
2025-10-28 07:05:44,714 - services - INFO - [services.py:875] - [HTTP] GET /memory from 127.0.0.1
2025-10-28 07:05:44,715 - services - INFO - [services.py:880] - [HTTP] /memory - Status: 200 - Time: 0.001s
2025-10-28 07:05:54,617 - services - INFO - [services.py:875] - [HTTP] GET /memory from 127.0.0.1
2025-10-28 07:05:54,618 - services - INFO - [services.py:880] - [HTTP] /memory - Status: 200 - Time: 0.001s
2025-10-28 07:06:01,807 - services - INFO - [services.py:875] - [HTTP] GET /health from 127.0.0.1
2025-10-28 07:06:01,808 - services - INFO - [services.py:880] - [HTTP] /health - Status: 200 - Time: 0.000s
2025-10-28 07:06:01,853 - services - INFO - [services.py:875] - [HTTP] GET /memory from 127.0.0.1
2025-10-28 07:06:01,854 - services - INFO - [services.py:880] - [HTTP] /memory - Status: 200 - Time: 0.001s
2025-10-28 07:06:04,577 - services - INFO - [services.py:875] - [HTTP] GET /health from 127.0.0.1
2025-10-28 07:06:04,577 - services - INFO - [services.py:880] - [HTTP] /health - Status: 200 - Time: 0.000s
2025-10-28 07:06:04,783 - services - INFO - [services.py:875] - [HTTP] GET /memory from 127.0.0.1
2025-10-28 07:06:04,784 - services - INFO - [services.py:880] - [HTTP] /memory - Status: 200 - Time: 0.001s
2025-10-28 07:06:14,645 - services - INFO - [services.py:875] - [HTTP] GET /memory from 127.0.0.1
2025-10-28 07:06:14,647 - services - INFO - [services.py:880] - [HTTP] /memory - Status: 200 - Time: 0.002s
2025-10-28 07:06:24,764 - services - INFO - [services.py:875] - [HTTP] GET /memory from 127.0.0.1
2025-10-28 07:06:24,766 - services - INFO - [services.py:880] - [HTTP] /memory - Status: 200 - Time: 0.002s
2025-10-28 07:06:34,634 - services - INFO - [services.py:875] - [HTTP] GET /health from 127.0.0.1
2025-10-28 07:06:34,634 - services - INFO - [services.py:880] - [HTTP] /health - Status: 200 - Time: 0.001s
2025-10-28 07:06:34,646 - services - INFO - [services.py:875] - [HTTP] GET /memory from 127.0.0.1
2025-10-28 07:06:34,647 - services - INFO - [services.py:880] - [HTTP] /memory - Status: 200 - Time: 0.001s
2025-10-28 07:06:44,802 - services - INFO - [services.py:875] - [HTTP] GET /memory from 127.0.0.1
2025-10-28 07:06:44,803 - services - INFO - [services.py:880] - [HTTP] /memory - Status: 200 - Time: 0.001s
2025-10-28 07:06:54,544 - services - INFO - [services.py:875] - [HTTP] GET /memory from 127.0.0.1
2025-10-28 07:06:54,545 - services - INFO - [services.py:880] - [HTTP] /memory - Status: 200 - Time: 0.001s
2025-10-28 07:07:01,810 - services - INFO - [services.py:875] - [HTTP] GET /health from 127.0.0.1
2025-10-28 07:07:01,810 - services - INFO - [services.py:880] - [HTTP] /health - Status: 200 - Time: 0.000s
2025-10-28 07:07:01,828 - services - INFO - [services.py:875] - [HTTP] GET /memory from 127.0.0.1
2025-10-28 07:07:01,829 - services - INFO - [services.py:880] - [HTTP] /memory - Status: 200 - Time: 0.001s
2025-10-28 07:07:04,614 - services - INFO - [services.py:875] - [HTTP] GET /health from 127.0.0.1
2025-10-28 07:07:04,615 - services - INFO - [services.py:880] - [HTTP] /health - Status: 200 - Time: 0.000s
2025-10-28 07:07:04,637 - services - INFO - [services.py:875] - [HTTP] GET /memory from 127.0.0.1
2025-10-28 07:07:04,638 - services - INFO - [services.py:880] - [HTTP] /memory - Status: 200 - Time: 0.001s
2025-10-28 07:07:14,614 - services - INFO - [services.py:875] - [HTTP] GET /memory from 127.0.0.1
2025-10-28 07:07:14,615 - services - INFO - [services.py:880] - [HTTP] /memory - Status: 200 - Time: 0.001s
2025-10-28 07:07:24,604 - services - INFO - [services.py:875] - [HTTP] GET /memory from 127.0.0.1
2025-10-28 07:07:24,605 - services - INFO - [services.py:880] - [HTTP] /memory - Status: 200 - Time: 0.001s
2025-10-28 07:07:34,600 - services - INFO - [services.py:875] - [HTTP] GET /health from 127.0.0.1
2025-10-28 07:07:34,601 - services - INFO - [services.py:880] - [HTTP] /health - Status: 200 - Time: 0.000s
2025-10-28 07:07:34,603 - services - INFO - [services.py:875] - [HTTP] GET /memory from 127.0.0.1
2025-10-28 07:07:34,604 - services - INFO - [services.py:880] - [HTTP] /memory - Status: 200 - Time: 0.001s
2025-10-28 07:07:44,625 - services - INFO - [services.py:875] - [HTTP] GET /memory from 127.0.0.1
2025-10-28 07:07:44,627 - services - INFO - [services.py:880] - [HTTP] /memory - Status: 200 - Time: 0.002s
2025-10-28 07:07:55,067 - services - INFO - [services.py:875] - [HTTP] GET /memory from 127.0.0.1
2025-10-28 07:07:55,069 - services - INFO - [services.py:880] - [HTTP] /memory - Status: 200 - Time: 0.002s
2025-10-28 07:08:01,832 - services - INFO - [services.py:875] - [HTTP] GET /memory from 127.0.0.1
2025-10-28 07:08:01,833 - services - INFO - [services.py:880] - [HTTP] /memory - Status: 200 - Time: 0.001s
2025-10-28 07:08:01,859 - services - INFO - [services.py:875] - [HTTP] GET /health from 127.0.0.1
2025-10-28 07:08:01,859 - services - INFO - [services.py:880] - [HTTP] /health - Status: 200 - Time: 0.000s
2025-10-28 07:08:04,972 - services - INFO - [services.py:875] - [HTTP] GET /memory from 127.0.0.1
2025-10-28 07:08:04,973 - services - INFO - [services.py:880] - [HTTP] /memory - Status: 200 - Time: 0.001s
2025-10-28 07:08:04,975 - services - INFO - [services.py:875] - [HTTP] GET /health from 127.0.0.1
2025-10-28 07:08:04,975 - services - INFO - [services.py:880] - [HTTP] /health - Status: 200 - Time: 0.000s
2025-10-28 07:08:14,992 - services - INFO - [services.py:875] - [HTTP] GET /memory from 127.0.0.1
2025-10-28 07:08:14,993 - services - INFO - [services.py:880] - [HTTP] /memory - Status: 200 - Time: 0.001s
2025-10-28 07:08:25,020 - services - INFO - [services.py:875] - [HTTP] GET /memory from 127.0.0.1
2025-10-28 07:08:25,021 - services - INFO - [services.py:880] - [HTTP] /memory - Status: 200 - Time: 0.001s
2025-10-28 07:08:34,998 - services - INFO - [services.py:875] - [HTTP] GET /health from 127.0.0.1
2025-10-28 07:08:34,998 - services - INFO - [services.py:880] - [HTTP] /health - Status: 200 - Time: 0.000s
2025-10-28 07:08:35,011 - services - INFO - [services.py:875] - [HTTP] GET /memory from 127.0.0.1
2025-10-28 07:08:35,012 - services - INFO - [services.py:880] - [HTTP] /memory - Status: 200 - Time: 0.001s
2025-10-28 07:08:44,986 - services - INFO - [services.py:875] - [HTTP] GET /memory from 127.0.0.1
2025-10-28 07:08:44,987 - services - INFO - [services.py:880] - [HTTP] /memory - Status: 200 - Time: 0.001s
2025-10-28 07:08:54,991 - services - INFO - [services.py:875] - [HTTP] GET /memory from 127.0.0.1
2025-10-28 07:08:54,993 - services - INFO - [services.py:880] - [HTTP] /memory - Status: 200 - Time: 0.002s
2025-10-28 07:09:01,778 - services - INFO - [services.py:875] - [HTTP] GET /health from 127.0.0.1
2025-10-28 07:09:01,778 - services - INFO - [services.py:880] - [HTTP] /health - Status: 200 - Time: 0.001s
2025-10-28 07:09:01,798 - services - INFO - [services.py:875] - [HTTP] GET /memory from 127.0.0.1
2025-10-28 07:09:01,799 - services - INFO - [services.py:880] - [HTTP] /memory - Status: 200 - Time: 0.001s
2025-10-28 07:09:04,961 - services - INFO - [services.py:875] - [HTTP] GET /health from 127.0.0.1
2025-10-28 07:09:04,961 - services - INFO - [services.py:880] - [HTTP] /health - Status: 200 - Time: 0.000s
2025-10-28 07:09:04,978 - services - INFO - [services.py:875] - [HTTP] GET /memory from 127.0.0.1
2025-10-28 07:09:04,979 - services - INFO - [services.py:880] - [HTTP] /memory - Status: 200 - Time: 0.001s
2025-10-28 07:09:15,085 - services - INFO - [services.py:875] - [HTTP] GET /memory from 127.0.0.1
2025-10-28 07:09:15,087 - services - INFO - [services.py:880] - [HTTP] /memory - Status: 200 - Time: 0.002s
2025-10-28 07:09:24,959 - services - INFO - [services.py:875] - [HTTP] GET /memory from 127.0.0.1
2025-10-28 07:09:24,960 - services - INFO - [services.py:880] - [HTTP] /memory - Status: 200 - Time: 0.001s
2025-10-28 07:09:34,628 - services - INFO - [services.py:875] - [HTTP] GET /health from 127.0.0.1
2025-10-28 07:09:34,629 - services - INFO - [services.py:880] - [HTTP] /health - Status: 200 - Time: 0.001s
2025-10-28 07:09:34,637 - services - INFO - [services.py:875] - [HTTP] GET /memory from 127.0.0.1
2025-10-28 07:09:34,638 - services - INFO - [services.py:880] - [HTTP] /memory - Status: 200 - Time: 0.001s
2025-10-28 07:09:44,752 - services - INFO - [services.py:875] - [HTTP] GET /memory from 127.0.0.1
2025-10-28 07:09:44,753 - services - INFO - [services.py:880] - [HTTP] /memory - Status: 200 - Time: 0.001s
2025-10-28 07:09:54,654 - services - INFO - [services.py:875] - [HTTP] GET /memory from 127.0.0.1
2025-10-28 07:09:54,655 - services - INFO - [services.py:880] - [HTTP] /memory - Status: 200 - Time: 0.001s
2025-10-28 07:09:57,453 - services - INFO - [services.py:875] - [HTTP] GET /health from 127.0.0.1
2025-10-28 07:09:57,454 - services - INFO - [services.py:880] - [HTTP] /health - Status: 200 - Time: 0.001s
2025-10-28 07:09:57,514 - services - INFO - [services.py:875] - [HTTP] GET /memory from 127.0.0.1
2025-10-28 07:09:57,515 - services - INFO - [services.py:880] - [HTTP] /memory - Status: 200 - Time: 0.002s
2025-10-28 07:10:03,757 - services - INFO - [services.py:875] - [HTTP] GET /health from 127.0.0.1
2025-10-28 07:10:03,758 - services - INFO - [services.py:880] - [HTTP] /health - Status: 200 - Time: 0.001s
2025-10-28 07:10:03,777 - services - INFO - [services.py:875] - [HTTP] GET /memory from 127.0.0.1
2025-10-28 07:10:03,778 - services - INFO - [services.py:880] - [HTTP] /memory - Status: 200 - Time: 0.001s
2025-10-28 07:10:04,624 - services - INFO - [services.py:875] - [HTTP] GET /memory from 127.0.0.1
2025-10-28 07:10:04,625 - services - INFO - [services.py:880] - [HTTP] /memory - Status: 200 - Time: 0.001s
2025-10-28 07:10:04,639 - services - INFO - [services.py:875] - [HTTP] GET /health from 127.0.0.1
2025-10-28 07:10:04,639 - services - INFO - [services.py:880] - [HTTP] /health - Status: 200 - Time: 0.000s
2025-10-28 07:10:13,804 - services - INFO - [services.py:875] - [HTTP] GET /memory from 127.0.0.1
2025-10-28 07:10:13,805 - services - INFO - [services.py:880] - [HTTP] /memory - Status: 200 - Time: 0.001s
2025-10-28 07:10:14,700 - services - INFO - [services.py:875] - [HTTP] GET /memory from 127.0.0.1
2025-10-28 07:10:14,701 - services - INFO - [services.py:880] - [HTTP] /memory - Status: 200 - Time: 0.001s
2025-10-28 07:10:23,770 - services - INFO - [services.py:875] - [HTTP] GET /memory from 127.0.0.1
2025-10-28 07:10:23,771 - services - INFO - [services.py:880] - [HTTP] /memory - Status: 200 - Time: 0.001s
2025-10-28 07:10:24,662 - services - INFO - [services.py:875] - [HTTP] GET /memory from 127.0.0.1
2025-10-28 07:10:24,663 - services - INFO - [services.py:880] - [HTTP] /memory - Status: 200 - Time: 0.001s
2025-10-28 07:10:33,782 - services - INFO - [services.py:875] - [HTTP] GET /health from 127.0.0.1
2025-10-28 07:10:33,782 - services - INFO - [services.py:880] - [HTTP] /health - Status: 200 - Time: 0.000s
2025-10-28 07:10:33,782 - services - INFO - [services.py:875] - [HTTP] GET /memory from 127.0.0.1
2025-10-28 07:10:33,785 - services - INFO - [services.py:880] - [HTTP] /memory - Status: 200 - Time: 0.002s
2025-10-28 07:10:34,737 - services - INFO - [services.py:875] - [HTTP] GET /memory from 127.0.0.1
2025-10-28 07:10:34,739 - services - INFO - [services.py:880] - [HTTP] /memory - Status: 200 - Time: 0.002s
2025-10-28 07:10:34,739 - services - INFO - [services.py:875] - [HTTP] GET /health from 127.0.0.1
2025-10-28 07:10:34,740 - services - INFO - [services.py:880] - [HTTP] /health - Status: 200 - Time: 0.000s
2025-10-28 07:10:43,811 - services - INFO - [services.py:875] - [HTTP] GET /memory from 127.0.0.1
2025-10-28 07:10:43,812 - services - INFO - [services.py:880] - [HTTP] /memory - Status: 200 - Time: 0.001s
2025-10-28 07:10:44,751 - services - INFO - [services.py:875] - [HTTP] GET /memory from 127.0.0.1
2025-10-28 07:10:44,752 - services - INFO - [services.py:880] - [HTTP] /memory - Status: 200 - Time: 0.001s
2025-10-28 07:10:53,772 - services - INFO - [services.py:875] - [HTTP] GET /memory from 127.0.0.1
2025-10-28 07:10:53,773 - services - INFO - [services.py:880] - [HTTP] /memory - Status: 200 - Time: 0.001s
2025-10-28 07:10:54,653 - services - INFO - [services.py:875] - [HTTP] GET /memory from 127.0.0.1
2025-10-28 07:10:54,654 - services - INFO - [services.py:880] - [HTTP] /memory - Status: 200 - Time: 0.001s
2025-10-28 07:11:03,794 - services - INFO - [services.py:875] - [HTTP] GET /health from 127.0.0.1
2025-10-28 07:11:03,794 - services - INFO - [services.py:880] - [HTTP] /health - Status: 200 - Time: 0.000s
2025-10-28 07:11:03,816 - services - INFO - [services.py:875] - [HTTP] GET /memory from 127.0.0.1
2025-10-28 07:11:03,817 - services - INFO - [services.py:880] - [HTTP] /memory - Status: 200 - Time: 0.001s
2025-10-28 07:11:04,688 - services - INFO - [services.py:875] - [HTTP] GET /health from 127.0.0.1
2025-10-28 07:11:04,688 - services - INFO - [services.py:880] - [HTTP] /health - Status: 200 - Time: 0.000s
2025-10-28 07:11:04,693 - services - INFO - [services.py:875] - [HTTP] GET /memory from 127.0.0.1
2025-10-28 07:11:04,694 - services - INFO - [services.py:880] - [HTTP] /memory - Status: 200 - Time: 0.001s
2025-10-28 07:11:14,759 - services - INFO - [services.py:875] - [HTTP] GET /memory from 127.0.0.1
2025-10-28 07:11:14,760 - services - INFO - [services.py:880] - [HTTP] /memory - Status: 200 - Time: 0.001s
2025-10-28 07:11:24,670 - services - INFO - [services.py:875] - [HTTP] GET /memory from 127.0.0.1
2025-10-28 07:11:24,671 - services - INFO - [services.py:880] - [HTTP] /memory - Status: 200 - Time: 0.001s
2025-10-28 07:11:34,826 - services - INFO - [services.py:875] - [HTTP] GET /health from 127.0.0.1
2025-10-28 07:11:34,827 - services - INFO - [services.py:880] - [HTTP] /health - Status: 200 - Time: 0.001s
2025-10-28 07:11:34,842 - services - INFO - [services.py:875] - [HTTP] GET /memory from 127.0.0.1
2025-10-28 07:11:34,843 - services - INFO - [services.py:880] - [HTTP] /memory - Status: 200 - Time: 0.001s
2025-10-28 07:11:44,696 - services - INFO - [services.py:875] - [HTTP] GET /memory from 127.0.0.1
2025-10-28 07:11:44,697 - services - INFO - [services.py:880] - [HTTP] /memory - Status: 200 - Time: 0.001s
2025-10-28 07:11:54,663 - services - INFO - [services.py:875] - [HTTP] GET /memory from 127.0.0.1
2025-10-28 07:11:54,664 - services - INFO - [services.py:880] - [HTTP] /memory - Status: 200 - Time: 0.001s
2025-10-28 07:12:01,781 - services - INFO - [services.py:875] - [HTTP] GET /memory from 127.0.0.1
2025-10-28 07:12:01,782 - services - INFO - [services.py:880] - [HTTP] /memory - Status: 200 - Time: 0.001s
2025-10-28 07:12:01,867 - services - INFO - [services.py:875] - [HTTP] GET /health from 127.0.0.1
2025-10-28 07:12:01,867 - services - INFO - [services.py:880] - [HTTP] /health - Status: 200 - Time: 0.000s
2025-10-28 07:12:04,694 - services - INFO - [services.py:875] - [HTTP] GET /health from 127.0.0.1
2025-10-28 07:12:04,694 - services - INFO - [services.py:880] - [HTTP] /health - Status: 200 - Time: 0.000s
2025-10-28 07:12:04,723 - services - INFO - [services.py:875] - [HTTP] GET /memory from 127.0.0.1
2025-10-28 07:12:04,724 - services - INFO - [services.py:880] - [HTTP] /memory - Status: 200 - Time: 0.001s
2025-10-28 07:12:14,736 - services - INFO - [services.py:875] - [HTTP] GET /memory from 127.0.0.1
2025-10-28 07:12:14,737 - services - INFO - [services.py:880] - [HTTP] /memory - Status: 200 - Time: 0.001s
2025-10-28 07:12:25,208 - services - INFO - [services.py:875] - [HTTP] GET /memory from 127.0.0.1
2025-10-28 07:12:25,209 - services - INFO - [services.py:880] - [HTTP] /memory - Status: 200 - Time: 0.001s
2025-10-28 07:12:35,087 - services - INFO - [services.py:875] - [HTTP] GET /memory from 127.0.0.1
2025-10-28 07:12:35,089 - services - INFO - [services.py:880] - [HTTP] /memory - Status: 200 - Time: 0.001s
2025-10-28 07:12:35,094 - services - INFO - [services.py:875] - [HTTP] GET /health from 127.0.0.1
2025-10-28 07:12:35,094 - services - INFO - [services.py:880] - [HTTP] /health - Status: 200 - Time: 0.000s
2025-10-28 07:12:45,191 - services - INFO - [services.py:875] - [HTTP] GET /memory from 127.0.0.1
2025-10-28 07:12:45,193 - services - INFO - [services.py:880] - [HTTP] /memory - Status: 200 - Time: 0.002s
2025-10-28 07:12:55,065 - services - INFO - [services.py:875] - [HTTP] GET /memory from 127.0.0.1
2025-10-28 07:12:55,067 - services - INFO - [services.py:880] - [HTTP] /memory - Status: 200 - Time: 0.002s
2025-10-28 07:13:01,799 - services - INFO - [services.py:875] - [HTTP] GET /health from 127.0.0.1
2025-10-28 07:13:01,799 - services - INFO - [services.py:880] - [HTTP] /health - Status: 200 - Time: 0.000s
2025-10-28 07:13:01,836 - services - INFO - [services.py:875] - [HTTP] GET /memory from 127.0.0.1
2025-10-28 07:13:01,837 - services - INFO - [services.py:880] - [HTTP] /memory - Status: 200 - Time: 0.001s
2025-10-28 07:13:05,071 - services - INFO - [services.py:875] - [HTTP] GET /health from 127.0.0.1
2025-10-28 07:13:05,071 - services - INFO - [services.py:880] - [HTTP] /health - Status: 200 - Time: 0.000s
2025-10-28 07:13:05,086 - services - INFO - [services.py:875] - [HTTP] GET /memory from 127.0.0.1
2025-10-28 07:13:05,087 - services - INFO - [services.py:880] - [HTTP] /memory - Status: 200 - Time: 0.001s
2025-10-28 07:13:15,085 - services - INFO - [services.py:875] - [HTTP] GET /memory from 127.0.0.1
2025-10-28 07:13:15,086 - services - INFO - [services.py:880] - [HTTP] /memory - Status: 200 - Time: 0.001s
2025-10-28 07:14:01,868 - services - INFO - [services.py:875] - [HTTP] GET /memory from 127.0.0.1
2025-10-28 07:14:01,869 - services - INFO - [services.py:880] - [HTTP] /memory - Status: 200 - Time: 0.001s
2025-10-28 07:14:01,890 - services - INFO - [services.py:875] - [HTTP] GET /health from 127.0.0.1
2025-10-28 07:14:01,891 - services - INFO - [services.py:880] - [HTTP] /health - Status: 200 - Time: 0.000s
2025-10-28 07:14:11,097 - services - INFO - [services.py:875] - [HTTP] GET /memory from 127.0.0.1
2025-10-28 07:14:11,099 - services - INFO - [services.py:880] - [HTTP] /memory - Status: 200 - Time: 0.001s
2025-10-28 07:14:11,125 - services - INFO - [services.py:875] - [HTTP] GET /health from 127.0.0.1
2025-10-28 07:14:11,125 - services - INFO - [services.py:880] - [HTTP] /health - Status: 200 - Time: 0.000s
2025-10-28 07:15:01,765 - services - INFO - [services.py:875] - [HTTP] GET /health from 127.0.0.1
2025-10-28 07:15:01,766 - services - INFO - [services.py:880] - [HTTP] /health - Status: 200 - Time: 0.001s
2025-10-28 07:15:01,802 - services - INFO - [services.py:875] - [HTTP] GET /memory from 127.0.0.1
2025-10-28 07:15:01,803 - services - INFO - [services.py:880] - [HTTP] /memory - Status: 200 - Time: 0.001s
2025-10-28 07:15:11,134 - services - INFO - [services.py:875] - [HTTP] GET /memory from 127.0.0.1
2025-10-28 07:15:11,140 - services - INFO - [services.py:880] - [HTTP] /memory - Status: 200 - Time: 0.006s
2025-10-28 07:15:11,209 - services - INFO - [services.py:875] - [HTTP] GET /health from 127.0.0.1
2025-10-28 07:15:11,210 - services - INFO - [services.py:880] - [HTTP] /health - Status: 200 - Time: 0.000s
2025-10-28 07:16:01,787 - services - INFO - [services.py:875] - [HTTP] GET /memory from 127.0.0.1
2025-10-28 07:16:01,788 - services - INFO - [services.py:880] - [HTTP] /memory - Status: 200 - Time: 0.001s
2025-10-28 07:16:02,283 - services - INFO - [services.py:875] - [HTTP] GET /health from 127.0.0.1
2025-10-28 07:16:02,284 - services - INFO - [services.py:880] - [HTTP] /health - Status: 200 - Time: 0.000s
2025-10-28 07:16:10,971 - services - INFO - [services.py:875] - [HTTP] GET /memory from 127.0.0.1
2025-10-28 07:16:10,972 - services - INFO - [services.py:880] - [HTTP] /memory - Status: 200 - Time: 0.001s
2025-10-28 07:16:10,997 - services - INFO - [services.py:875] - [HTTP] GET /health from 127.0.0.1
2025-10-28 07:16:10,998 - services - INFO - [services.py:880] - [HTTP] /health - Status: 200 - Time: 0.000s
2025-10-28 07:17:01,761 - services - INFO - [services.py:875] - [HTTP] GET /health from 127.0.0.1
2025-10-28 07:17:01,762 - services - INFO - [services.py:880] - [HTTP] /health - Status: 200 - Time: 0.000s
2025-10-28 07:17:01,795 - services - INFO - [services.py:875] - [HTTP] GET /memory from 127.0.0.1
2025-10-28 07:17:01,796 - services - INFO - [services.py:880] - [HTTP] /memory - Status: 200 - Time: 0.001s
2025-10-28 07:17:10,983 - services - INFO - [services.py:875] - [HTTP] GET /health from 127.0.0.1
2025-10-28 07:17:10,984 - services - INFO - [services.py:880] - [HTTP] /health - Status: 200 - Time: 0.001s
2025-10-28 07:17:11,005 - services - INFO - [services.py:875] - [HTTP] GET /memory from 127.0.0.1
2025-10-28 07:17:11,006 - services - INFO - [services.py:880] - [HTTP] /memory - Status: 200 - Time: 0.001s
2025-10-28 07:17:25,325 - services - INFO - [services.py:875] - [HTTP] GET /memory from 127.0.0.1
2025-10-28 07:17:25,326 - services - INFO - [services.py:880] - [HTTP] /memory - Status: 200 - Time: 0.001s
2025-10-28 07:17:34,980 - services - INFO - [services.py:875] - [HTTP] GET /health from 127.0.0.1
2025-10-28 07:17:34,980 - services - INFO - [services.py:880] - [HTTP] /health - Status: 200 - Time: 0.000s
2025-10-28 07:17:35,008 - services - INFO - [services.py:875] - [HTTP] GET /memory from 127.0.0.1
2025-10-28 07:17:35,009 - services - INFO - [services.py:880] - [HTTP] /memory - Status: 200 - Time: 0.001s
2025-10-28 07:17:44,620 - services - INFO - [services.py:875] - [HTTP] GET /memory from 127.0.0.1
2025-10-28 07:17:44,621 - services - INFO - [services.py:880] - [HTTP] /memory - Status: 200 - Time: 0.001s
2025-10-28 07:17:54,488 - services - INFO - [services.py:875] - [HTTP] GET /health from 127.0.0.1
2025-10-28 07:17:54,489 - services - INFO - [services.py:880] - [HTTP] /health - Status: 200 - Time: 0.001s
2025-10-28 07:17:54,494 - services - INFO - [services.py:875] - [HTTP] GET /memory from 127.0.0.1
2025-10-28 07:17:54,495 - services - INFO - [services.py:880] - [HTTP] /memory - Status: 200 - Time: 0.001s
2025-10-28 07:17:54,579 - services - INFO - [services.py:875] - [HTTP] GET /memory from 127.0.0.1
2025-10-28 07:17:54,580 - services - INFO - [services.py:880] - [HTTP] /memory - Status: 200 - Time: 0.001s
2025-10-28 07:18:03,777 - services - INFO - [services.py:875] - [HTTP] GET /health from 127.0.0.1
2025-10-28 07:18:03,778 - services - INFO - [services.py:880] - [HTTP] /health - Status: 200 - Time: 0.001s
2025-10-28 07:18:03,800 - services - INFO - [services.py:875] - [HTTP] GET /memory from 127.0.0.1
2025-10-28 07:18:03,801 - services - INFO - [services.py:880] - [HTTP] /memory - Status: 200 - Time: 0.001s
2025-10-28 07:18:04,615 - services - INFO - [services.py:875] - [HTTP] GET /health from 127.0.0.1
2025-10-28 07:18:04,616 - services - INFO - [services.py:880] - [HTTP] /health - Status: 200 - Time: 0.000s
2025-10-28 07:18:04,616 - services - INFO - [services.py:875] - [HTTP] GET /memory from 127.0.0.1
2025-10-28 07:18:04,617 - services - INFO - [services.py:880] - [HTTP] /memory - Status: 200 - Time: 0.001s
2025-10-28 07:18:13,779 - services - INFO - [services.py:875] - [HTTP] GET /memory from 127.0.0.1
2025-10-28 07:18:13,781 - services - INFO - [services.py:880] - [HTTP] /memory - Status: 200 - Time: 0.002s
2025-10-28 07:18:14,960 - services - INFO - [services.py:875] - [HTTP] GET /memory from 127.0.0.1
2025-10-28 07:18:14,961 - services - INFO - [services.py:880] - [HTTP] /memory - Status: 200 - Time: 0.001s
2025-10-28 07:18:23,799 - services - INFO - [services.py:875] - [HTTP] GET /memory from 127.0.0.1
2025-10-28 07:18:23,800 - services - INFO - [services.py:880] - [HTTP] /memory - Status: 200 - Time: 0.001s
2025-10-28 07:18:25,037 - services - INFO - [services.py:875] - [HTTP] GET /memory from 127.0.0.1
2025-10-28 07:18:25,038 - services - INFO - [services.py:880] - [HTTP] /memory - Status: 200 - Time: 0.001s
2025-10-28 07:18:33,758 - services - INFO - [services.py:875] - [HTTP] GET /health from 127.0.0.1
2025-10-28 07:18:33,758 - services - INFO - [services.py:880] - [HTTP] /health - Status: 200 - Time: 0.000s
2025-10-28 07:18:33,806 - services - INFO - [services.py:875] - [HTTP] GET /memory from 127.0.0.1
2025-10-28 07:18:33,807 - services - INFO - [services.py:880] - [HTTP] /memory - Status: 200 - Time: 0.001s
2025-10-28 07:18:35,088 - services - INFO - [services.py:875] - [HTTP] GET /memory from 127.0.0.1
2025-10-28 07:18:35,089 - services - INFO - [services.py:880] - [HTTP] /memory - Status: 200 - Time: 0.001s
2025-10-28 07:18:35,096 - services - INFO - [services.py:875] - [HTTP] GET /health from 127.0.0.1
2025-10-28 07:18:35,096 - services - INFO - [services.py:880] - [HTTP] /health - Status: 200 - Time: 0.000s
2025-10-28 07:18:43,817 - services - INFO - [services.py:875] - [HTTP] GET /memory from 127.0.0.1
2025-10-28 07:18:43,818 - services - INFO - [services.py:880] - [HTTP] /memory - Status: 200 - Time: 0.001s
2025-10-28 07:18:45,010 - services - INFO - [services.py:875] - [HTTP] GET /memory from 127.0.0.1
2025-10-28 07:18:45,011 - services - INFO - [services.py:880] - [HTTP] /memory - Status: 200 - Time: 0.001s
2025-10-28 07:18:53,774 - services - INFO - [services.py:875] - [HTTP] GET /memory from 127.0.0.1
2025-10-28 07:18:53,775 - services - INFO - [services.py:880] - [HTTP] /memory - Status: 200 - Time: 0.001s
2025-10-28 07:18:55,072 - services - INFO - [services.py:875] - [HTTP] GET /memory from 127.0.0.1
2025-10-28 07:18:55,073 - services - INFO - [services.py:880] - [HTTP] /memory - Status: 200 - Time: 0.001s
2025-10-28 07:19:03,782 - services - INFO - [services.py:875] - [HTTP] GET /memory from 127.0.0.1
2025-10-28 07:19:03,783 - services - INFO - [services.py:880] - [HTTP] /memory - Status: 200 - Time: 0.001s
2025-10-28 07:19:03,785 - services - INFO - [services.py:875] - [HTTP] GET /health from 127.0.0.1
2025-10-28 07:19:03,785 - services - INFO - [services.py:880] - [HTTP] /health - Status: 200 - Time: 0.000s
2025-10-28 07:19:05,093 - services - INFO - [services.py:875] - [HTTP] GET /memory from 127.0.0.1
2025-10-28 07:19:05,094 - services - INFO - [services.py:880] - [HTTP] /memory - Status: 200 - Time: 0.001s
2025-10-28 07:19:05,106 - services - INFO - [services.py:875] - [HTTP] GET /health from 127.0.0.1
2025-10-28 07:19:05,106 - services - INFO - [services.py:880] - [HTTP] /health - Status: 200 - Time: 0.000s
2025-10-28 07:19:13,780 - services - INFO - [services.py:875] - [HTTP] GET /memory from 127.0.0.1
2025-10-28 07:19:13,781 - services - INFO - [services.py:880] - [HTTP] /memory - Status: 200 - Time: 0.001s
2025-10-28 07:19:23,772 - services - INFO - [services.py:875] - [HTTP] GET /memory from 127.0.0.1
2025-10-28 07:19:23,773 - services - INFO - [services.py:880] - [HTTP] /memory - Status: 200 - Time: 0.001s
2025-10-28 07:19:33,784 - services - INFO - [services.py:875] - [HTTP] GET /health from 127.0.0.1
2025-10-28 07:19:33,785 - services - INFO - [services.py:880] - [HTTP] /health - Status: 200 - Time: 0.000s
2025-10-28 07:19:33,798 - services - INFO - [services.py:875] - [HTTP] GET /memory from 127.0.0.1
2025-10-28 07:19:33,799 - services - INFO - [services.py:880] - [HTTP] /memory - Status: 200 - Time: 0.001s
2025-10-28 07:19:43,781 - services - INFO - [services.py:875] - [HTTP] GET /memory from 127.0.0.1
2025-10-28 07:19:43,782 - services - INFO - [services.py:880] - [HTTP] /memory - Status: 200 - Time: 0.001s
2025-10-28 07:19:53,810 - services - INFO - [services.py:875] - [HTTP] GET /memory from 127.0.0.1
2025-10-28 07:19:53,811 - services - INFO - [services.py:880] - [HTTP] /memory - Status: 200 - Time: 0.001s
2025-10-28 07:20:03,799 - services - INFO - [services.py:875] - [HTTP] GET /memory from 127.0.0.1
2025-10-28 07:20:03,800 - services - INFO - [services.py:880] - [HTTP] /memory - Status: 200 - Time: 0.001s
2025-10-28 07:20:03,803 - services - INFO - [services.py:875] - [HTTP] GET /health from 127.0.0.1
2025-10-28 07:20:03,803 - services - INFO - [services.py:880] - [HTTP] /health - Status: 200 - Time: 0.000s
2025-10-28 07:20:08,010 - services - INFO - [services.py:875] - [HTTP] GET /memory from 127.0.0.1
2025-10-28 07:20:08,010 - services - INFO - [services.py:880] - [HTTP] /memory - Status: 200 - Time: 0.001s
2025-10-28 07:20:08,022 - services - INFO - [services.py:875] - [HTTP] GET /health from 127.0.0.1
2025-10-28 07:20:08,022 - services - INFO - [services.py:880] - [HTTP] /health - Status: 200 - Time: 0.000s
2025-10-28 07:21:01,829 - services - INFO - [services.py:875] - [HTTP] GET /health from 127.0.0.1
2025-10-28 07:21:01,830 - services - INFO - [services.py:880] - [HTTP] /health - Status: 200 - Time: 0.000s
2025-10-28 07:21:01,846 - services - INFO - [services.py:875] - [HTTP] GET /memory from 127.0.0.1
2025-10-28 07:21:01,847 - services - INFO - [services.py:880] - [HTTP] /memory - Status: 200 - Time: 0.001s
2025-10-28 07:21:09,131 - services - INFO - [services.py:875] - [HTTP] GET /memory from 127.0.0.1
2025-10-28 07:21:09,133 - services - INFO - [services.py:880] - [HTTP] /memory - Status: 200 - Time: 0.001s
2025-10-28 07:21:09,133 - services - INFO - [services.py:875] - [HTTP] GET /health from 127.0.0.1
2025-10-28 07:21:09,134 - services - INFO - [services.py:880] - [HTTP] /health - Status: 200 - Time: 0.001s
2025-10-28 07:22:01,801 - services - INFO - [services.py:875] - [HTTP] GET /memory from 127.0.0.1
2025-10-28 07:22:01,802 - services - INFO - [services.py:880] - [HTTP] /memory - Status: 200 - Time: 0.001s
2025-10-28 07:22:01,819 - services - INFO - [services.py:875] - [HTTP] GET /health from 127.0.0.1
2025-10-28 07:22:01,819 - services - INFO - [services.py:880] - [HTTP] /health - Status: 200 - Time: 0.000s
2025-10-28 07:22:10,028 - services - INFO - [services.py:875] - [HTTP] GET /health from 127.0.0.1
2025-10-28 07:22:10,028 - services - INFO - [services.py:880] - [HTTP] /health - Status: 200 - Time: 0.000s
2025-10-28 07:22:10,029 - services - INFO - [services.py:875] - [HTTP] GET /memory from 127.0.0.1
2025-10-28 07:22:10,030 - services - INFO - [services.py:880] - [HTTP] /memory - Status: 200 - Time: 0.001s
2025-10-28 07:23:01,827 - services - INFO - [services.py:875] - [HTTP] GET /health from 127.0.0.1
2025-10-28 07:23:01,828 - services - INFO - [services.py:880] - [HTTP] /health - Status: 200 - Time: 0.000s
2025-10-28 07:23:01,834 - services - INFO - [services.py:875] - [HTTP] GET /memory from 127.0.0.1
2025-10-28 07:23:01,835 - services - INFO - [services.py:880] - [HTTP] /memory - Status: 200 - Time: 0.001s
2025-10-28 07:23:11,053 - services - INFO - [services.py:875] - [HTTP] GET /memory from 127.0.0.1
2025-10-28 07:23:11,054 - services - INFO - [services.py:880] - [HTTP] /memory - Status: 200 - Time: 0.001s
2025-10-28 07:23:11,078 - services - INFO - [services.py:875] - [HTTP] GET /health from 127.0.0.1
2025-10-28 07:23:11,078 - services - INFO - [services.py:880] - [HTTP] /health - Status: 200 - Time: 0.000s
2025-10-28 07:23:39,327 - services - INFO - [services.py:875] - [HTTP] GET /health from 127.0.0.1
2025-10-28 07:23:39,327 - services - INFO - [services.py:880] - [HTTP] /health - Status: 200 - Time: 0.001s
2025-10-28 07:23:39,328 - services - INFO - [services.py:875] - [HTTP] GET /memory from 127.0.0.1
2025-10-28 07:23:39,329 - services - INFO - [services.py:880] - [HTTP] /memory - Status: 200 - Time: 0.001s
2025-10-28 07:23:43,877 - services - INFO - [services.py:875] - [HTTP] GET /memory from 127.0.0.1
2025-10-28 07:23:43,878 - services - INFO - [services.py:880] - [HTTP] /memory - Status: 200 - Time: 0.001s
2025-10-28 07:23:53,793 - services - INFO - [services.py:875] - [HTTP] GET /memory from 127.0.0.1
2025-10-28 07:23:53,794 - services - INFO - [services.py:880] - [HTTP] /memory - Status: 200 - Time: 0.001s
2025-10-28 07:24:03,767 - services - INFO - [services.py:875] - [HTTP] GET /health from 127.0.0.1
2025-10-28 07:24:03,768 - services - INFO - [services.py:880] - [HTTP] /health - Status: 200 - Time: 0.000s
2025-10-28 07:24:03,893 - services - INFO - [services.py:875] - [HTTP] GET /memory from 127.0.0.1
2025-10-28 07:24:03,894 - services - INFO - [services.py:880] - [HTTP] /memory - Status: 200 - Time: 0.001s
2025-10-28 07:24:11,049 - services - INFO - [services.py:875] - [HTTP] GET /memory from 127.0.0.1
2025-10-28 07:24:11,050 - services - INFO - [services.py:880] - [HTTP] /memory - Status: 200 - Time: 0.001s
2025-10-28 07:24:11,124 - services - INFO - [services.py:875] - [HTTP] GET /health from 127.0.0.1
2025-10-28 07:24:11,125 - services - INFO - [services.py:880] - [HTTP] /health - Status: 200 - Time: 0.001s
2025-10-28 07:24:13,803 - services - INFO - [services.py:875] - [HTTP] GET /memory from 127.0.0.1
2025-10-28 07:24:13,804 - services - INFO - [services.py:880] - [HTTP] /memory - Status: 200 - Time: 0.001s
2025-10-28 07:24:23,801 - services - INFO - [services.py:875] - [HTTP] GET /memory from 127.0.0.1
2025-10-28 07:24:23,802 - services - INFO - [services.py:880] - [HTTP] /memory - Status: 200 - Time: 0.001s
2025-10-28 07:24:33,773 - services - INFO - [services.py:875] - [HTTP] GET /health from 127.0.0.1
2025-10-28 07:24:33,773 - services - INFO - [services.py:880] - [HTTP] /health - Status: 200 - Time: 0.000s
2025-10-28 07:24:33,820 - services - INFO - [services.py:875] - [HTTP] GET /memory from 127.0.0.1
2025-10-28 07:24:33,821 - services - INFO - [services.py:880] - [HTTP] /memory - Status: 200 - Time: 0.001s
2025-10-28 07:25:01,787 - services - INFO - [services.py:875] - [HTTP] GET /memory from 127.0.0.1
2025-10-28 07:25:01,788 - services - INFO - [services.py:880] - [HTTP] /memory - Status: 200 - Time: 0.001s
2025-10-28 07:25:11,081 - services - INFO - [services.py:875] - [HTTP] GET /memory from 127.0.0.1
2025-10-28 07:25:11,082 - services - INFO - [services.py:880] - [HTTP] /memory - Status: 200 - Time: 0.001s
2025-10-28 07:25:11,092 - services - INFO - [services.py:875] - [HTTP] GET /health from 127.0.0.1
2025-10-28 07:25:11,092 - services - INFO - [services.py:880] - [HTTP] /health - Status: 200 - Time: 0.000s
2025-10-28 07:26:01,776 - services - INFO - [services.py:875] - [HTTP] GET /health from 127.0.0.1
2025-10-28 07:26:01,776 - services - INFO - [services.py:880] - [HTTP] /health - Status: 200 - Time: 0.000s
2025-10-28 07:26:01,777 - services - INFO - [services.py:875] - [HTTP] GET /memory from 127.0.0.1
2025-10-28 07:26:01,778 - services - INFO - [services.py:880] - [HTTP] /memory - Status: 200 - Time: 0.001s
2025-10-28 07:26:11,076 - services - INFO - [services.py:875] - [HTTP] GET /health from 127.0.0.1
2025-10-28 07:26:11,077 - services - INFO - [services.py:880] - [HTTP] /health - Status: 200 - Time: 0.000s
2025-10-28 07:26:11,091 - services - INFO - [services.py:875] - [HTTP] GET /memory from 127.0.0.1
2025-10-28 07:26:11,092 - services - INFO - [services.py:880] - [HTTP] /memory - Status: 200 - Time: 0.002s
2025-10-28 07:26:55,311 - services - INFO - [services.py:875] - [HTTP] GET /health from 127.0.0.1
2025-10-28 07:26:55,312 - services - INFO - [services.py:880] - [HTTP] /health - Status: 200 - Time: 0.000s
2025-10-28 07:26:55,317 - services - INFO - [services.py:875] - [HTTP] GET /memory from 127.0.0.1
2025-10-28 07:26:55,318 - services - INFO - [services.py:880] - [HTTP] /memory - Status: 200 - Time: 0.001s
2025-10-28 07:27:01,775 - services - INFO - [services.py:875] - [HTTP] GET /health from 127.0.0.1
2025-10-28 07:27:01,776 - services - INFO - [services.py:880] - [HTTP] /health - Status: 200 - Time: 0.000s
2025-10-28 07:27:01,811 - services - INFO - [services.py:875] - [HTTP] GET /memory from 127.0.0.1
2025-10-28 07:27:01,812 - services - INFO - [services.py:880] - [HTTP] /memory - Status: 200 - Time: 0.001s
2025-10-28 07:27:04,735 - services - INFO - [services.py:875] - [HTTP] GET /memory from 127.0.0.1
2025-10-28 07:27:04,736 - services - INFO - [services.py:880] - [HTTP] /memory - Status: 200 - Time: 0.001s
2025-10-28 07:27:04,777 - services - INFO - [services.py:875] - [HTTP] GET /health from 127.0.0.1
2025-10-28 07:27:04,777 - services - INFO - [services.py:880] - [HTTP] /health - Status: 200 - Time: 0.000s
2025-10-28 07:27:11,117 - services - INFO - [services.py:875] - [HTTP] GET /health from 127.0.0.1
2025-10-28 07:27:11,117 - services - INFO - [services.py:880] - [HTTP] /health - Status: 200 - Time: 0.000s
2025-10-28 07:27:11,121 - services - INFO - [services.py:875] - [HTTP] GET /memory from 127.0.0.1
2025-10-28 07:27:11,123 - services - INFO - [services.py:880] - [HTTP] /memory - Status: 200 - Time: 0.002s
2025-10-28 07:27:13,797 - services - INFO - [services.py:875] - [HTTP] GET /memory from 127.0.0.1
2025-10-28 07:27:13,798 - services - INFO - [services.py:880] - [HTTP] /memory - Status: 200 - Time: 0.001s
2025-10-28 07:27:14,700 - services - INFO - [services.py:875] - [HTTP] GET /memory from 127.0.0.1
2025-10-28 07:27:14,701 - services - INFO - [services.py:880] - [HTTP] /memory - Status: 200 - Time: 0.001s
2025-10-28 07:27:23,806 - services - INFO - [services.py:875] - [HTTP] GET /memory from 127.0.0.1
2025-10-28 07:27:23,807 - services - INFO - [services.py:880] - [HTTP] /memory - Status: 200 - Time: 0.001s
2025-10-28 07:27:24,714 - services - INFO - [services.py:875] - [HTTP] GET /memory from 127.0.0.1
2025-10-28 07:27:24,715 - services - INFO - [services.py:880] - [HTTP] /memory - Status: 200 - Time: 0.001s
2025-10-28 07:27:33,772 - services - INFO - [services.py:875] - [HTTP] GET /health from 127.0.0.1
2025-10-28 07:27:33,772 - services - INFO - [services.py:880] - [HTTP] /health - Status: 200 - Time: 0.000s
2025-10-28 07:27:33,789 - services - INFO - [services.py:875] - [HTTP] GET /memory from 127.0.0.1
2025-10-28 07:27:33,790 - services - INFO - [services.py:880] - [HTTP] /memory - Status: 200 - Time: 0.001s
2025-10-28 07:27:34,698 - services - INFO - [services.py:875] - [HTTP] GET /health from 127.0.0.1
2025-10-28 07:27:34,698 - services - INFO - [services.py:880] - [HTTP] /health - Status: 200 - Time: 0.000s
2025-10-28 07:27:34,713 - services - INFO - [services.py:875] - [HTTP] GET /memory from 127.0.0.1
2025-10-28 07:27:34,714 - services - INFO - [services.py:880] - [HTTP] /memory - Status: 200 - Time: 0.001s
2025-10-28 07:27:43,839 - services - INFO - [services.py:875] - [HTTP] GET /memory from 127.0.0.1
2025-10-28 07:27:43,839 - services - INFO - [services.py:880] - [HTTP] /memory - Status: 200 - Time: 0.001s
2025-10-28 07:27:44,698 - services - INFO - [services.py:875] - [HTTP] GET /memory from 127.0.0.1
2025-10-28 07:27:44,699 - services - INFO - [services.py:880] - [HTTP] /memory - Status: 200 - Time: 0.001s
2025-10-28 07:27:53,773 - services - INFO - [services.py:875] - [HTTP] GET /memory from 127.0.0.1
2025-10-28 07:27:53,774 - services - INFO - [services.py:880] - [HTTP] /memory - Status: 200 - Time: 0.001s
2025-10-28 07:27:54,691 - services - INFO - [services.py:875] - [HTTP] GET /memory from 127.0.0.1
2025-10-28 07:27:54,692 - services - INFO - [services.py:880] - [HTTP] /memory - Status: 200 - Time: 0.001s
2025-10-28 07:28:03,769 - services - INFO - [services.py:875] - [HTTP] GET /health from 127.0.0.1
2025-10-28 07:28:03,770 - services - INFO - [services.py:880] - [HTTP] /health - Status: 200 - Time: 0.001s
2025-10-28 07:28:03,795 - services - INFO - [services.py:875] - [HTTP] GET /memory from 127.0.0.1
2025-10-28 07:28:03,796 - services - INFO - [services.py:880] - [HTTP] /memory - Status: 200 - Time: 0.001s
2025-10-28 07:28:04,694 - services - INFO - [services.py:875] - [HTTP] GET /health from 127.0.0.1
2025-10-28 07:28:04,694 - services - INFO - [services.py:880] - [HTTP] /health - Status: 200 - Time: 0.000s
2025-10-28 07:28:04,698 - services - INFO - [services.py:875] - [HTTP] GET /memory from 127.0.0.1
2025-10-28 07:28:04,699 - services - INFO - [services.py:880] - [HTTP] /memory - Status: 200 - Time: 0.001s
2025-10-28 07:28:14,716 - services - INFO - [services.py:875] - [HTTP] GET /memory from 127.0.0.1
2025-10-28 07:28:14,716 - services - INFO - [services.py:880] - [HTTP] /memory - Status: 200 - Time: 0.001s
2025-10-28 07:28:24,690 - services - INFO - [services.py:875] - [HTTP] GET /memory from 127.0.0.1
2025-10-28 07:28:24,691 - services - INFO - [services.py:880] - [HTTP] /memory - Status: 200 - Time: 0.001s
2025-10-28 07:28:34,699 - services - INFO - [services.py:875] - [HTTP] GET /health from 127.0.0.1
2025-10-28 07:28:34,700 - services - INFO - [services.py:880] - [HTTP] /health - Status: 200 - Time: 0.001s
2025-10-28 07:28:34,703 - services - INFO - [services.py:875] - [HTTP] GET /memory from 127.0.0.1
2025-10-28 07:28:34,704 - services - INFO - [services.py:880] - [HTTP] /memory - Status: 200 - Time: 0.001s
2025-10-28 07:28:45,041 - services - INFO - [services.py:875] - [HTTP] GET /memory from 127.0.0.1
2025-10-28 07:28:45,042 - services - INFO - [services.py:880] - [HTTP] /memory - Status: 200 - Time: 0.001s
2025-10-28 07:28:54,608 - services - INFO - [services.py:875] - [HTTP] GET /memory from 127.0.0.1
2025-10-28 07:28:54,609 - services - INFO - [services.py:880] - [HTTP] /memory - Status: 200 - Time: 0.001s
2025-10-28 07:29:01,785 - services - INFO - [services.py:875] - [HTTP] GET /health from 127.0.0.1
2025-10-28 07:29:01,785 - services - INFO - [services.py:880] - [HTTP] /health - Status: 200 - Time: 0.000s
2025-10-28 07:29:01,795 - services - INFO - [services.py:875] - [HTTP] GET /memory from 127.0.0.1
2025-10-28 07:29:01,796 - services - INFO - [services.py:880] - [HTTP] /memory - Status: 200 - Time: 0.001s
2025-10-28 07:29:04,854 - services - INFO - [services.py:875] - [HTTP] GET /health from 127.0.0.1
2025-10-28 07:29:04,855 - services - INFO - [services.py:880] - [HTTP] /health - Status: 200 - Time: 0.001s
2025-10-28 07:29:04,855 - services - INFO - [services.py:875] - [HTTP] GET /memory from 127.0.0.1
2025-10-28 07:29:04,856 - services - INFO - [services.py:880] - [HTTP] /memory - Status: 200 - Time: 0.001s
2025-10-28 07:29:14,699 - services - INFO - [services.py:875] - [HTTP] GET /memory from 127.0.0.1
2025-10-28 07:29:14,701 - services - INFO - [services.py:880] - [HTTP] /memory - Status: 200 - Time: 0.001s
2025-10-28 07:29:24,719 - services - INFO - [services.py:875] - [HTTP] GET /memory from 127.0.0.1
2025-10-28 07:29:24,720 - services - INFO - [services.py:880] - [HTTP] /memory - Status: 200 - Time: 0.001s
2025-10-28 07:29:34,709 - services - INFO - [services.py:875] - [HTTP] GET /health from 127.0.0.1
2025-10-28 07:29:34,710 - services - INFO - [services.py:880] - [HTTP] /health - Status: 200 - Time: 0.000s
2025-10-28 07:29:34,717 - services - INFO - [services.py:875] - [HTTP] GET /memory from 127.0.0.1
2025-10-28 07:29:34,717 - services - INFO - [services.py:880] - [HTTP] /memory - Status: 200 - Time: 0.001s
2025-10-28 07:29:45,095 - services - INFO - [services.py:875] - [HTTP] GET /memory from 127.0.0.1
2025-10-28 07:29:45,096 - services - INFO - [services.py:880] - [HTTP] /memory - Status: 200 - Time: 0.001s
2025-10-28 07:29:55,127 - services - INFO - [services.py:875] - [HTTP] GET /memory from 127.0.0.1
2025-10-28 07:29:55,128 - services - INFO - [services.py:880] - [HTTP] /memory - Status: 200 - Time: 0.001s
2025-10-28 07:30:01,776 - services - INFO - [services.py:875] - [HTTP] GET /health from 127.0.0.1
2025-10-28 07:30:01,777 - services - INFO - [services.py:880] - [HTTP] /health - Status: 200 - Time: 0.000s
2025-10-28 07:30:01,809 - services - INFO - [services.py:875] - [HTTP] GET /memory from 127.0.0.1
2025-10-28 07:30:01,810 - services - INFO - [services.py:880] - [HTTP] /memory - Status: 200 - Time: 0.001s
2025-10-28 07:30:05,069 - services - INFO - [services.py:875] - [HTTP] GET /health from 127.0.0.1
2025-10-28 07:30:05,070 - services - INFO - [services.py:880] - [HTTP] /health - Status: 200 - Time: 0.000s
2025-10-28 07:30:05,085 - services - INFO - [services.py:875] - [HTTP] GET /memory from 127.0.0.1
2025-10-28 07:30:05,086 - services - INFO - [services.py:880] - [HTTP] /memory - Status: 200 - Time: 0.001s
2025-10-28 07:30:15,050 - services - INFO - [services.py:875] - [HTTP] GET /memory from 127.0.0.1
2025-10-28 07:30:15,051 - services - INFO - [services.py:880] - [HTTP] /memory - Status: 200 - Time: 0.001s
2025-10-28 07:31:01,778 - services - INFO - [services.py:875] - [HTTP] GET /health from 127.0.0.1
2025-10-28 07:31:01,778 - services - INFO - [services.py:880] - [HTTP] /health - Status: 200 - Time: 0.000s
2025-10-28 07:31:01,796 - services - INFO - [services.py:875] - [HTTP] GET /memory from 127.0.0.1
2025-10-28 07:31:01,797 - services - INFO - [services.py:880] - [HTTP] /memory - Status: 200 - Time: 0.001s
2025-10-28 07:32:01,784 - services - INFO - [services.py:875] - [HTTP] GET /memory from 127.0.0.1
2025-10-28 07:32:01,785 - services - INFO - [services.py:880] - [HTTP] /memory - Status: 200 - Time: 0.001s
2025-10-28 07:32:01,786 - services - INFO - [services.py:875] - [HTTP] GET /health from 127.0.0.1
2025-10-28 07:32:01,786 - services - INFO - [services.py:880] - [HTTP] /health - Status: 200 - Time: 0.000s
2025-10-28 07:33:01,771 - services - INFO - [services.py:875] - [HTTP] GET /memory from 127.0.0.1
2025-10-28 07:33:01,772 - services - INFO - [services.py:880] - [HTTP] /memory - Status: 200 - Time: 0.001s
2025-10-28 07:33:01,787 - services - INFO - [services.py:875] - [HTTP] GET /health from 127.0.0.1
2025-10-28 07:33:01,787 - services - INFO - [services.py:880] - [HTTP] /health - Status: 200 - Time: 0.000s
2025-10-28 07:34:01,784 - services - INFO - [services.py:875] - [HTTP] GET /memory from 127.0.0.1
2025-10-28 07:34:01,785 - services - INFO - [services.py:880] - [HTTP] /memory - Status: 200 - Time: 0.001s
2025-10-28 07:34:01,788 - services - INFO - [services.py:875] - [HTTP] GET /health from 127.0.0.1
2025-10-28 07:34:01,788 - services - INFO - [services.py:880] - [HTTP] /health - Status: 200 - Time: 0.000s
2025-10-28 07:35:01,781 - services - INFO - [services.py:875] - [HTTP] GET /memory from 127.0.0.1
2025-10-28 07:35:01,782 - services - INFO - [services.py:880] - [HTTP] /memory - Status: 200 - Time: 0.001s
2025-10-28 07:35:01,783 - services - INFO - [services.py:875] - [HTTP] GET /health from 127.0.0.1
2025-10-28 07:35:01,783 - services - INFO - [services.py:880] - [HTTP] /health - Status: 200 - Time: 0.000s
2025-10-28 07:36:01,794 - services - INFO - [services.py:875] - [HTTP] GET /health from 127.0.0.1
2025-10-28 07:36:01,795 - services - INFO - [services.py:880] - [HTTP] /health - Status: 200 - Time: 0.000s
2025-10-28 07:36:01,802 - services - INFO - [services.py:875] - [HTTP] GET /memory from 127.0.0.1
2025-10-28 07:36:01,803 - services - INFO - [services.py:880] - [HTTP] /memory - Status: 200 - Time: 0.001s
2025-10-28 07:37:01,771 - services - INFO - [services.py:875] - [HTTP] GET /health from 127.0.0.1
2025-10-28 07:37:01,771 - services - INFO - [services.py:880] - [HTTP] /health - Status: 200 - Time: 0.000s
2025-10-28 07:37:01,813 - services - INFO - [services.py:875] - [HTTP] GET /memory from 127.0.0.1
2025-10-28 07:37:01,814 - services - INFO - [services.py:880] - [HTTP] /memory - Status: 200 - Time: 0.001s
2025-10-28 07:38:01,819 - services - INFO - [services.py:875] - [HTTP] GET /health from 127.0.0.1
2025-10-28 07:38:01,819 - services - INFO - [services.py:880] - [HTTP] /health - Status: 200 - Time: 0.001s
2025-10-28 07:38:01,835 - services - INFO - [services.py:875] - [HTTP] GET /memory from 127.0.0.1
2025-10-28 07:38:01,836 - services - INFO - [services.py:880] - [HTTP] /memory - Status: 200 - Time: 0.001s
2025-10-28 07:39:01,830 - services - INFO - [services.py:875] - [HTTP] GET /health from 127.0.0.1
2025-10-28 07:39:01,831 - services - INFO - [services.py:880] - [HTTP] /health - Status: 200 - Time: 0.001s
2025-10-28 07:39:01,836 - services - INFO - [services.py:875] - [HTTP] GET /memory from 127.0.0.1
2025-10-28 07:39:01,836 - services - INFO - [services.py:880] - [HTTP] /memory - Status: 200 - Time: 0.001s
2025-10-28 07:40:01,774 - services - INFO - [services.py:875] - [HTTP] GET /health from 127.0.0.1
2025-10-28 07:40:01,774 - services - INFO - [services.py:880] - [HTTP] /health - Status: 200 - Time: 0.000s
2025-10-28 07:40:01,791 - services - INFO - [services.py:875] - [HTTP] GET /memory from 127.0.0.1
2025-10-28 07:40:01,793 - services - INFO - [services.py:880] - [HTTP] /memory - Status: 200 - Time: 0.001s
2025-10-28 07:41:01,816 - services - INFO - [services.py:875] - [HTTP] GET /health from 127.0.0.1
2025-10-28 07:41:01,817 - services - INFO - [services.py:880] - [HTTP] /health - Status: 200 - Time: 0.000s
2025-10-28 07:41:01,856 - services - INFO - [services.py:875] - [HTTP] GET /memory from 127.0.0.1
2025-10-28 07:41:01,856 - services - INFO - [services.py:880] - [HTTP] /memory - Status: 200 - Time: 0.001s
2025-10-28 07:42:01,778 - services - INFO - [services.py:875] - [HTTP] GET /health from 127.0.0.1
2025-10-28 07:42:01,779 - services - INFO - [services.py:880] - [HTTP] /health - Status: 200 - Time: 0.001s
2025-10-28 07:42:01,793 - services - INFO - [services.py:875] - [HTTP] GET /memory from 127.0.0.1
2025-10-28 07:42:01,794 - services - INFO - [services.py:880] - [HTTP] /memory - Status: 200 - Time: 0.001s
2025-10-28 07:43:01,793 - services - INFO - [services.py:875] - [HTTP] GET /health from 127.0.0.1
2025-10-28 07:43:01,794 - services - INFO - [services.py:880] - [HTTP] /health - Status: 200 - Time: 0.001s
2025-10-28 07:43:01,834 - services - INFO - [services.py:875] - [HTTP] GET /memory from 127.0.0.1
2025-10-28 07:43:01,835 - services - INFO - [services.py:880] - [HTTP] /memory - Status: 200 - Time: 0.001s
2025-10-28 07:44:01,831 - services - INFO - [services.py:875] - [HTTP] GET /memory from 127.0.0.1
2025-10-28 07:44:01,832 - services - INFO - [services.py:880] - [HTTP] /memory - Status: 200 - Time: 0.001s
2025-10-28 07:44:01,836 - services - INFO - [services.py:875] - [HTTP] GET /health from 127.0.0.1
2025-10-28 07:44:01,836 - services - INFO - [services.py:880] - [HTTP] /health - Status: 200 - Time: 0.000s
2025-10-28 07:45:01,784 - services - INFO - [services.py:875] - [HTTP] GET /health from 127.0.0.1
2025-10-28 07:45:01,785 - services - INFO - [services.py:880] - [HTTP] /health - Status: 200 - Time: 0.000s
2025-10-28 07:45:01,819 - services - INFO - [services.py:875] - [HTTP] GET /memory from 127.0.0.1
2025-10-28 07:45:01,820 - services - INFO - [services.py:880] - [HTTP] /memory - Status: 200 - Time: 0.001s
2025-10-28 07:46:01,782 - services - INFO - [services.py:875] - [HTTP] GET /memory from 127.0.0.1
2025-10-28 07:46:01,785 - services - INFO - [services.py:880] - [HTTP] /memory - Status: 200 - Time: 0.003s
2025-10-28 07:46:01,796 - services - INFO - [services.py:875] - [HTTP] GET /health from 127.0.0.1
2025-10-28 07:46:01,797 - services - INFO - [services.py:880] - [HTTP] /health - Status: 200 - Time: 0.000s
2025-10-28 07:47:01,785 - services - INFO - [services.py:875] - [HTTP] GET /health from 127.0.0.1
2025-10-28 07:47:01,786 - services - INFO - [services.py:880] - [HTTP] /health - Status: 200 - Time: 0.000s
2025-10-28 07:47:01,794 - services - INFO - [services.py:875] - [HTTP] GET /memory from 127.0.0.1
2025-10-28 07:47:01,794 - services - INFO - [services.py:880] - [HTTP] /memory - Status: 200 - Time: 0.001s
2025-10-28 07:48:01,798 - services - INFO - [services.py:875] - [HTTP] GET /health from 127.0.0.1
2025-10-28 07:48:01,798 - services - INFO - [services.py:880] - [HTTP] /health - Status: 200 - Time: 0.000s
2025-10-28 07:48:01,823 - services - INFO - [services.py:875] - [HTTP] GET /memory from 127.0.0.1
2025-10-28 07:48:01,824 - services - INFO - [services.py:880] - [HTTP] /memory - Status: 200 - Time: 0.001s
2025-10-28 07:49:01,804 - services - INFO - [services.py:875] - [HTTP] GET /memory from 127.0.0.1
2025-10-28 07:49:01,805 - services - INFO - [services.py:880] - [HTTP] /memory - Status: 200 - Time: 0.001s
2025-10-28 07:49:01,810 - services - INFO - [services.py:875] - [HTTP] GET /health from 127.0.0.1
2025-10-28 07:49:01,811 - services - INFO - [services.py:880] - [HTTP] /health - Status: 200 - Time: 0.000s
2025-10-28 07:50:01,799 - services - INFO - [services.py:875] - [HTTP] GET /health from 127.0.0.1
2025-10-28 07:50:01,799 - services - INFO - [services.py:880] - [HTTP] /health - Status: 200 - Time: 0.000s
2025-10-28 07:50:01,843 - services - INFO - [services.py:875] - [HTTP] GET /memory from 127.0.0.1
2025-10-28 07:50:01,844 - services - INFO - [services.py:880] - [HTTP] /memory - Status: 200 - Time: 0.001s
2025-10-28 07:51:01,786 - services - INFO - [services.py:875] - [HTTP] GET /memory from 127.0.0.1
2025-10-28 07:51:01,787 - services - INFO - [services.py:880] - [HTTP] /memory - Status: 200 - Time: 0.001s
2025-10-28 07:51:01,801 - services - INFO - [services.py:875] - [HTTP] GET /health from 127.0.0.1
2025-10-28 07:51:01,801 - services - INFO - [services.py:880] - [HTTP] /health - Status: 200 - Time: 0.000s
2025-10-28 07:52:01,777 - services - INFO - [services.py:875] - [HTTP] GET /health from 127.0.0.1
2025-10-28 07:52:01,778 - services - INFO - [services.py:880] - [HTTP] /health - Status: 200 - Time: 0.000s
2025-10-28 07:52:01,801 - services - INFO - [services.py:875] - [HTTP] GET /memory from 127.0.0.1
2025-10-28 07:52:01,802 - services - INFO - [services.py:880] - [HTTP] /memory - Status: 200 - Time: 0.001s
2025-10-28 07:53:01,797 - services - INFO - [services.py:875] - [HTTP] GET /memory from 127.0.0.1
2025-10-28 07:53:01,798 - services - INFO - [services.py:880] - [HTTP] /memory - Status: 200 - Time: 0.001s
2025-10-28 07:53:01,798 - services - INFO - [services.py:875] - [HTTP] GET /health from 127.0.0.1
2025-10-28 07:53:01,799 - services - INFO - [services.py:880] - [HTTP] /health - Status: 200 - Time: 0.000s
2025-10-28 07:54:01,798 - services - INFO - [services.py:875] - [HTTP] GET /health from 127.0.0.1
2025-10-28 07:54:01,798 - services - INFO - [services.py:880] - [HTTP] /health - Status: 200 - Time: 0.000s
2025-10-28 07:54:01,805 - services - INFO - [services.py:875] - [HTTP] GET /memory from 127.0.0.1
2025-10-28 07:54:01,807 - services - INFO - [services.py:880] - [HTTP] /memory - Status: 200 - Time: 0.001s
2025-10-28 07:55:01,798 - services - INFO - [services.py:875] - [HTTP] GET /health from 127.0.0.1
2025-10-28 07:55:01,798 - services - INFO - [services.py:880] - [HTTP] /health - Status: 200 - Time: 0.000s
2025-10-28 07:55:01,809 - services - INFO - [services.py:875] - [HTTP] GET /memory from 127.0.0.1
2025-10-28 07:55:01,810 - services - INFO - [services.py:880] - [HTTP] /memory - Status: 200 - Time: 0.001s
2025-10-28 07:56:01,808 - services - INFO - [services.py:875] - [HTTP] GET /health from 127.0.0.1
2025-10-28 07:56:01,809 - services - INFO - [services.py:880] - [HTTP] /health - Status: 200 - Time: 0.001s
2025-10-28 07:56:01,829 - services - INFO - [services.py:875] - [HTTP] GET /memory from 127.0.0.1
2025-10-28 07:56:01,830 - services - INFO - [services.py:880] - [HTTP] /memory - Status: 200 - Time: 0.001s
2025-10-28 07:57:01,825 - services - INFO - [services.py:875] - [HTTP] GET /memory from 127.0.0.1
2025-10-28 07:57:01,826 - services - INFO - [services.py:880] - [HTTP] /memory - Status: 200 - Time: 0.001s
2025-10-28 07:57:01,827 - services - INFO - [services.py:875] - [HTTP] GET /health from 127.0.0.1
2025-10-28 07:57:01,827 - services - INFO - [services.py:880] - [HTTP] /health - Status: 200 - Time: 0.000s
2025-10-28 07:57:09,894 - services - INFO - [services.py:875] - [HTTP] GET /config from 127.0.0.1
2025-10-28 07:57:09,897 - services - INFO - [services.py:880] - [HTTP] /config - Status: 200 - Time: 0.003s
2025-10-28 07:58:01,785 - services - INFO - [services.py:875] - [HTTP] GET /memory from 127.0.0.1
2025-10-28 07:58:01,786 - services - INFO - [services.py:880] - [HTTP] /memory - Status: 200 - Time: 0.001s
2025-10-28 07:58:01,819 - services - INFO - [services.py:875] - [HTTP] GET /health from 127.0.0.1
2025-10-28 07:58:01,819 - services - INFO - [services.py:880] - [HTTP] /health - Status: 200 - Time: 0.000s
2025-10-28 07:59:01,860 - services - INFO - [services.py:875] - [HTTP] GET /health from 127.0.0.1
2025-10-28 07:59:01,861 - services - INFO - [services.py:880] - [HTTP] /health - Status: 200 - Time: 0.000s
2025-10-28 07:59:01,881 - services - INFO - [services.py:875] - [HTTP] GET /memory from 127.0.0.1
2025-10-28 07:59:01,882 - services - INFO - [services.py:880] - [HTTP] /memory - Status: 200 - Time: 0.001s
2025-10-28 08:00:01,827 - services - INFO - [services.py:875] - [HTTP] GET /health from 127.0.0.1
2025-10-28 08:00:01,828 - services - INFO - [services.py:880] - [HTTP] /health - Status: 200 - Time: 0.000s
2025-10-28 08:00:01,828 - services - INFO - [services.py:875] - [HTTP] GET /memory from 127.0.0.1
2025-10-28 08:00:01,829 - services - INFO - [services.py:880] - [HTTP] /memory - Status: 200 - Time: 0.001s
2025-10-28 08:00:04,937 - services - INFO - [services.py:875] - [HTTP] GET /health from 127.0.0.1
2025-10-28 08:00:04,938 - services - INFO - [services.py:880] - [HTTP] /health - Status: 200 - Time: 0.000s
2025-10-28 08:00:10,613 - services - INFO - [services.py:875] - [HTTP] POST /translate from 127.0.0.1
2025-10-28 08:00:10,640 - services - INFO - [services.py:957] - [TRANSLATE_ENDPOINT] Received request for 25 chars to Persian
2025-10-28 08:00:10,643 - services - INFO - [services.py:488] - [TRANSLATE_START] Request ID: 8f8b2ec6, Text length: 25 chars
2025-10-28 08:00:10,644 - services - INFO - [services.py:50] - [REQUEST_START] ID: 8f8b2ec6, Text length: 25
2025-10-28 08:00:10,645 - services - DEBUG - [services.py:511] - [8f8b2ec6] Validating input length...
2025-10-28 08:00:10,678 - services - INFO - [services.py:520] - [8f8b2ec6] Input validated: 8 tokens
2025-10-28 08:00:10,679 - services - DEBUG - [services.py:523] - [8f8b2ec6] Checking memory availability...
2025-10-28 08:00:10,680 - services - DEBUG - [services.py:534] - [8f8b2ec6] GPU memory before translation: 3.70GB
2025-10-28 08:00:10,680 - services - INFO - [services.py:538] - [8f8b2ec6] Starting translation...
2025-10-28 08:00:10,680 - services - DEBUG - [services.py:626] - Starting internal translation
2025-10-28 08:00:10,680 - services - DEBUG - [services.py:634] - Target language: Persian
2025-10-28 08:00:10,681 - services - DEBUG - [services.py:661] - Creating prompt...
2025-10-28 08:00:10,696 - services - DEBUG - [services.py:669] - Tokenizing input...
2025-10-28 08:00:10,788 - services - DEBUG - [services.py:682] - Input tokenized: 57 tokens
2025-10-28 08:00:10,788 - services - DEBUG - [services.py:694] - Generating with max_new_tokens=1991
2025-10-28 08:00:33,521 - services - DEBUG - [services.py:712] - Generated 10 tokens
2025-10-28 08:00:33,522 - services - INFO - [services.py:544] - [8f8b2ec6] Translation completed in 22.84s
2025-10-28 08:00:33,522 - services - DEBUG - [services.py:549] - [8f8b2ec6] GPU memory after translation: 3.70GB
2025-10-28 08:00:33,522 - services - INFO - [services.py:59] - [REQUEST_END] ID: 8f8b2ec6, Status: success, Error: None
2025-10-28 08:00:33,522 - services - INFO - [services.py:558] - [8f8b2ec6] Translation successful
2025-10-28 08:00:33,524 - services - INFO - [services.py:880] - [HTTP] /translate - Status: 200 - Time: 22.910s
2025-10-28 08:01:01,800 - services - INFO - [services.py:875] - [HTTP] GET /memory from 127.0.0.1
2025-10-28 08:01:01,802 - services - INFO - [services.py:880] - [HTTP] /memory - Status: 200 - Time: 0.002s
2025-10-28 08:01:01,819 - services - INFO - [services.py:875] - [HTTP] GET /health from 127.0.0.1
2025-10-28 08:01:01,819 - services - INFO - [services.py:880] - [HTTP] /health - Status: 200 - Time: 0.000s
2025-10-28 08:02:01,783 - services - INFO - [services.py:875] - [HTTP] GET /health from 127.0.0.1
2025-10-28 08:02:01,783 - services - INFO - [services.py:880] - [HTTP] /health - Status: 200 - Time: 0.000s
2025-10-28 08:02:01,845 - services - INFO - [services.py:875] - [HTTP] GET /memory from 127.0.0.1
2025-10-28 08:02:01,846 - services - INFO - [services.py:880] - [HTTP] /memory - Status: 200 - Time: 0.001s
2025-10-28 08:03:01,799 - services - INFO - [services.py:875] - [HTTP] GET /health from 127.0.0.1
2025-10-28 08:03:01,800 - services - INFO - [services.py:880] - [HTTP] /health - Status: 200 - Time: 0.000s
2025-10-28 08:03:01,889 - services - INFO - [services.py:875] - [HTTP] GET /memory from 127.0.0.1
2025-10-28 08:03:01,890 - services - INFO - [services.py:880] - [HTTP] /memory - Status: 200 - Time: 0.001s
2025-10-28 08:04:01,871 - services - INFO - [services.py:875] - [HTTP] GET /memory from 127.0.0.1
2025-10-28 08:04:01,872 - services - INFO - [services.py:875] - [HTTP] GET /health from 127.0.0.1
2025-10-28 08:04:01,872 - services - INFO - [services.py:880] - [HTTP] /memory - Status: 200 - Time: 0.002s
2025-10-28 08:04:01,873 - services - INFO - [services.py:880] - [HTTP] /health - Status: 200 - Time: 0.001s
2025-10-28 08:05:01,805 - services - INFO - [services.py:875] - [HTTP] GET /health from 127.0.0.1
2025-10-28 08:05:01,806 - services - INFO - [services.py:880] - [HTTP] /health - Status: 200 - Time: 0.001s
2025-10-28 08:05:01,806 - services - INFO - [services.py:875] - [HTTP] GET /memory from 127.0.0.1
2025-10-28 08:05:01,807 - services - INFO - [services.py:880] - [HTTP] /memory - Status: 200 - Time: 0.001s
2025-10-28 08:06:01,793 - services - INFO - [services.py:875] - [HTTP] GET /health from 127.0.0.1
2025-10-28 08:06:01,794 - services - INFO - [services.py:880] - [HTTP] /health - Status: 200 - Time: 0.000s
2025-10-28 08:06:01,810 - services - INFO - [services.py:875] - [HTTP] GET /memory from 127.0.0.1
2025-10-28 08:06:01,811 - services - INFO - [services.py:880] - [HTTP] /memory - Status: 200 - Time: 0.001s
2025-10-28 08:07:01,796 - services - INFO - [services.py:875] - [HTTP] GET /health from 127.0.0.1
2025-10-28 08:07:01,796 - services - INFO - [services.py:880] - [HTTP] /health - Status: 200 - Time: 0.000s
2025-10-28 08:07:01,831 - services - INFO - [services.py:875] - [HTTP] GET /memory from 127.0.0.1
2025-10-28 08:07:01,832 - services - INFO - [services.py:880] - [HTTP] /memory - Status: 200 - Time: 0.001s
2025-10-28 08:08:01,826 - services - INFO - [services.py:875] - [HTTP] GET /health from 127.0.0.1
2025-10-28 08:08:01,826 - services - INFO - [services.py:880] - [HTTP] /health - Status: 200 - Time: 0.000s
2025-10-28 08:08:01,854 - services - INFO - [services.py:875] - [HTTP] GET /memory from 127.0.0.1
2025-10-28 08:08:01,855 - services - INFO - [services.py:880] - [HTTP] /memory - Status: 200 - Time: 0.001s
2025-10-28 08:09:01,825 - services - INFO - [services.py:875] - [HTTP] GET /memory from 127.0.0.1
2025-10-28 08:09:01,826 - services - INFO - [services.py:880] - [HTTP] /memory - Status: 200 - Time: 0.001s
2025-10-28 08:09:01,827 - services - INFO - [services.py:875] - [HTTP] GET /health from 127.0.0.1
2025-10-28 08:09:01,827 - services - INFO - [services.py:880] - [HTTP] /health - Status: 200 - Time: 0.000s
2025-10-28 08:10:01,800 - services - INFO - [services.py:875] - [HTTP] GET /memory from 127.0.0.1
2025-10-28 08:10:01,801 - services - INFO - [services.py:880] - [HTTP] /memory - Status: 200 - Time: 0.001s
2025-10-28 08:10:01,804 - services - INFO - [services.py:875] - [HTTP] GET /health from 127.0.0.1
2025-10-28 08:10:01,804 - services - INFO - [services.py:880] - [HTTP] /health - Status: 200 - Time: 0.000s
2025-10-28 08:25:01,848 - services - INFO - [services.py:875] - [HTTP] GET /health from 127.0.0.1
2025-10-28 08:25:01,848 - services - INFO - [services.py:880] - [HTTP] /health - Status: 200 - Time: 0.000s
2025-10-28 08:25:01,917 - services - INFO - [services.py:875] - [HTTP] GET /memory from 127.0.0.1
2025-10-28 08:25:01,918 - services - INFO - [services.py:880] - [HTTP] /memory - Status: 200 - Time: 0.001s
2025-10-28 08:26:02,094 - services - INFO - [services.py:875] - [HTTP] GET /health from 127.0.0.1
2025-10-28 08:26:02,094 - services - INFO - [services.py:880] - [HTTP] /health - Status: 200 - Time: 0.001s
2025-10-28 08:26:02,119 - services - INFO - [services.py:875] - [HTTP] GET /memory from 127.0.0.1
2025-10-28 08:26:02,120 - services - INFO - [services.py:880] - [HTTP] /memory - Status: 200 - Time: 0.001s
2025-10-28 08:26:22,935 - services - INFO - [services.py:875] - [HTTP] POST /translate from 127.0.0.1
2025-10-28 08:26:22,936 - services - INFO - [services.py:957] - [TRANSLATE_ENDPOINT] Received request for 25 chars to Persian
2025-10-28 08:26:22,936 - services - INFO - [services.py:488] - [TRANSLATE_START] Request ID: b398c7fa, Text length: 25 chars
2025-10-28 08:26:22,936 - services - INFO - [services.py:50] - [REQUEST_START] ID: b398c7fa, Text length: 25
2025-10-28 08:26:22,936 - services - DEBUG - [services.py:511] - [b398c7fa] Validating input length...
2025-10-28 08:26:22,936 - services - INFO - [services.py:520] - [b398c7fa] Input validated: 8 tokens
2025-10-28 08:26:22,936 - services - DEBUG - [services.py:523] - [b398c7fa] Checking memory availability...
2025-10-28 08:26:22,936 - services - DEBUG - [services.py:534] - [b398c7fa] GPU memory before translation: 3.70GB
2025-10-28 08:26:22,936 - services - INFO - [services.py:538] - [b398c7fa] Starting translation...
2025-10-28 08:26:22,936 - services - DEBUG - [services.py:626] - Starting internal translation
2025-10-28 08:26:22,937 - services - DEBUG - [services.py:634] - Target language: Persian
2025-10-28 08:26:22,937 - services - DEBUG - [services.py:661] - Creating prompt...
2025-10-28 08:26:22,937 - services - DEBUG - [services.py:669] - Tokenizing input...
2025-10-28 08:26:22,962 - services - DEBUG - [services.py:682] - Input tokenized: 57 tokens
2025-10-28 08:26:22,962 - services - DEBUG - [services.py:694] - Generating with max_new_tokens=1991
2025-10-28 08:26:27,661 - services - DEBUG - [services.py:712] - Generated 8 tokens
2025-10-28 08:26:27,661 - services - INFO - [services.py:544] - [b398c7fa] Translation completed in 4.72s
2025-10-28 08:26:27,661 - services - DEBUG - [services.py:549] - [b398c7fa] GPU memory after translation: 3.70GB
2025-10-28 08:26:27,661 - services - INFO - [services.py:59] - [REQUEST_END] ID: b398c7fa, Status: success, Error: None
2025-10-28 08:26:27,661 - services - INFO - [services.py:558] - [b398c7fa] Translation successful
2025-10-28 08:26:27,662 - services - INFO - [services.py:880] - [HTTP] /translate - Status: 200 - Time: 4.726s
2025-10-28 08:26:50,105 - services - INFO - [services.py:875] - [HTTP] POST /translate/async from 127.0.0.1
2025-10-28 08:26:50,109 - services - INFO - [services.py:880] - [HTTP] /translate/async - Status: 404 - Time: 0.006s
2025-10-28 08:26:57,332 - services - INFO - [services.py:875] - [HTTP] POST /translate/async from 127.0.0.1
2025-10-28 08:26:57,332 - services - INFO - [services.py:880] - [HTTP] /translate/async - Status: 404 - Time: 0.000s
2025-10-28 08:27:01,808 - services - INFO - [services.py:875] - [HTTP] GET /health from 127.0.0.1
2025-10-28 08:27:01,808 - services - INFO - [services.py:880] - [HTTP] /health - Status: 200 - Time: 0.000s
2025-10-28 08:27:01,815 - services - INFO - [services.py:875] - [HTTP] GET /memory from 127.0.0.1
2025-10-28 08:27:01,816 - services - INFO - [services.py:880] - [HTTP] /memory - Status: 200 - Time: 0.001s
2025-10-28 08:27:33,422 - services - INFO - [services.py:875] - [HTTP] GET /translate/async from 127.0.0.1
2025-10-28 08:27:33,422 - services - INFO - [services.py:880] - [HTTP] /translate/async - Status: 404 - Time: 0.000s
2025-10-28 08:28:01,833 - services - INFO - [services.py:875] - [HTTP] GET /memory from 127.0.0.1
2025-10-28 08:28:01,834 - services - INFO - [services.py:880] - [HTTP] /memory - Status: 200 - Time: 0.001s
2025-10-28 08:28:01,854 - services - INFO - [services.py:875] - [HTTP] GET /health from 127.0.0.1
2025-10-28 08:28:01,855 - services - INFO - [services.py:880] - [HTTP] /health - Status: 200 - Time: 0.000s
2025-10-28 08:29:01,814 - services - INFO - [services.py:875] - [HTTP] GET /health from 127.0.0.1
2025-10-28 08:29:01,815 - services - INFO - [services.py:880] - [HTTP] /health - Status: 200 - Time: 0.001s
2025-10-28 08:29:01,888 - services - INFO - [services.py:875] - [HTTP] GET /memory from 127.0.0.1
2025-10-28 08:29:01,889 - services - INFO - [services.py:880] - [HTTP] /memory - Status: 200 - Time: 0.001s
2025-10-28 08:30:01,851 - services - INFO - [services.py:875] - [HTTP] GET /health from 127.0.0.1
2025-10-28 08:30:01,852 - services - INFO - [services.py:880] - [HTTP] /health - Status: 200 - Time: 0.000s
2025-10-28 08:30:01,868 - services - INFO - [services.py:875] - [HTTP] GET /memory from 127.0.0.1
2025-10-28 08:30:01,869 - services - INFO - [services.py:880] - [HTTP] /memory - Status: 200 - Time: 0.001s
2025-10-28 08:31:01,853 - services - INFO - [services.py:875] - [HTTP] GET /health from 127.0.0.1
2025-10-28 08:31:01,853 - services - INFO - [services.py:880] - [HTTP] /health - Status: 200 - Time: 0.000s
2025-10-28 08:31:01,885 - services - INFO - [services.py:875] - [HTTP] GET /memory from 127.0.0.1
2025-10-28 08:31:01,886 - services - INFO - [services.py:880] - [HTTP] /memory - Status: 200 - Time: 0.001s
2025-10-28 08:32:01,795 - services - INFO - [services.py:875] - [HTTP] GET /health from 127.0.0.1
2025-10-28 08:32:01,795 - services - INFO - [services.py:880] - [HTTP] /health - Status: 200 - Time: 0.000s
2025-10-28 08:32:01,808 - services - INFO - [services.py:875] - [HTTP] GET /memory from 127.0.0.1
2025-10-28 08:32:01,809 - services - INFO - [services.py:880] - [HTTP] /memory - Status: 200 - Time: 0.001s
2025-10-28 08:33:01,824 - services - INFO - [services.py:875] - [HTTP] GET /health from 127.0.0.1
2025-10-28 08:33:01,824 - services - INFO - [services.py:880] - [HTTP] /health - Status: 200 - Time: 0.001s
2025-10-28 08:33:01,834 - services - INFO - [services.py:875] - [HTTP] GET /memory from 127.0.0.1
2025-10-28 08:33:01,836 - services - INFO - [services.py:880] - [HTTP] /memory - Status: 200 - Time: 0.002s
2025-10-28 08:34:01,820 - services - INFO - [services.py:875] - [HTTP] GET /health from 127.0.0.1
2025-10-28 08:34:01,821 - services - INFO - [services.py:880] - [HTTP] /health - Status: 200 - Time: 0.000s
2025-10-28 08:34:01,833 - services - INFO - [services.py:875] - [HTTP] GET /memory from 127.0.0.1
2025-10-28 08:34:01,834 - services - INFO - [services.py:880] - [HTTP] /memory - Status: 200 - Time: 0.001s
2025-10-28 08:35:01,804 - services - INFO - [services.py:875] - [HTTP] GET /health from 127.0.0.1
2025-10-28 08:35:01,805 - services - INFO - [services.py:880] - [HTTP] /health - Status: 200 - Time: 0.000s
2025-10-28 08:35:01,817 - services - INFO - [services.py:875] - [HTTP] GET /memory from 127.0.0.1
2025-10-28 08:35:01,818 - services - INFO - [services.py:880] - [HTTP] /memory - Status: 200 - Time: 0.001s
2025-10-28 08:36:01,916 - services - INFO - [services.py:875] - [HTTP] GET /health from 127.0.0.1
2025-10-28 08:36:01,916 - services - INFO - [services.py:880] - [HTTP] /health - Status: 200 - Time: 0.000s
2025-10-28 08:36:01,923 - services - INFO - [services.py:875] - [HTTP] GET /memory from 127.0.0.1
2025-10-28 08:36:01,924 - services - INFO - [services.py:880] - [HTTP] /memory - Status: 200 - Time: 0.001s
2025-10-28 08:36:09,309 - services - INFO - [services.py:845] - ==================================================
2025-10-28 08:36:09,309 - services - INFO - [services.py:846] - SHUTTING DOWN FASTAPI TRANSLATION SERVICE
2025-10-28 08:36:09,309 - services - INFO - [services.py:847] - ==================================================
2025-10-28 08:36:09,309 - services - INFO - [services.py:744] - Freeing GPU memory...
2025-10-28 08:36:12,511 - services - INFO - [services.py:777] - GPU memory freed successfully
2025-10-28 08:36:12,511 - services - INFO - [services.py:850] - Service shutdown complete
2025-10-28 08:36:15,146 - services - INFO - [services.py:84] - Created async translation storage file: /home/anews/NewsPic_G/translate_services/async_translations.json
2025-10-28 08:36:15,157 - services - INFO - [services.py:994] - ==================================================
2025-10-28 08:36:15,157 - services - INFO - [services.py:995] - STARTING FASTAPI TRANSLATION SERVICE
2025-10-28 08:36:15,157 - services - INFO - [services.py:996] - ==================================================
2025-10-28 08:36:15,157 - services - INFO - [services.py:334] - ==================================================
2025-10-28 08:36:15,157 - services - INFO - [services.py:335] - Initializing ModelManager
2025-10-28 08:36:15,157 - services - INFO - [services.py:336] - ==================================================
2025-10-28 08:36:15,157 - services - INFO - [services.py:409] - Loading config from /home/anews/NewsPic_G/translate_services/config.json
2025-10-28 08:36:15,158 - services - INFO - [services.py:412] - Config file loaded successfully
2025-10-28 08:36:15,158 - services - INFO - [services.py:437] - Configuration loaded. Max input tokens: 2048
2025-10-28 08:36:15,158 - services - INFO - [services.py:358] - Config loaded successfully
2025-10-28 08:36:15,158 - services - INFO - [services.py:365] - Attempting to load model during initialization...
2025-10-28 08:36:15,158 - services - INFO - [services.py:469] - ==================================================
2025-10-28 08:36:15,158 - services - INFO - [services.py:470] - STARTING MODEL LOAD PROCESS
2025-10-28 08:36:15,158 - services - INFO - [services.py:471] - ==================================================
2025-10-28 08:36:15,158 - services - INFO - [services.py:483] - Model ID: /home/anews/PS/translate/YanoljaNEXT-Rosetta-4B-2510
2025-10-28 08:36:15,158 - services - INFO - [services.py:492] - Using dtype: torch.bfloat16
2025-10-28 08:36:15,158 - services - INFO - [services.py:504] - Memory allocation - GPU: 4GB, CPU: 5GB
2025-10-28 08:36:15,158 - services - INFO - [services.py:511] - Offload folder: /tmp/model_offload
2025-10-28 08:36:15,158 - services - INFO - [services.py:514] - Loading tokenizer...
2025-10-28 08:36:16,415 - services - INFO - [services.py:524] - ✓ Tokenizer loaded successfully
2025-10-28 08:36:16,415 - services - INFO - [services.py:527] - Loading model weights (this may take a few minutes)...
2025-10-28 08:36:38,164 - accelerate.big_modeling - WARNING - [big_modeling.py:442] - Some parameters are on the meta device because they were offloaded to the cpu.
2025-10-28 08:36:38,164 - services - INFO - [services.py:539] - ✓ Model loaded successfully
2025-10-28 08:36:38,164 - services - INFO - [services.py:547] - GPU Memory Status:
2025-10-28 08:36:38,164 - services - INFO - [services.py:548] -   - Allocated: 3.54 GB
2025-10-28 08:36:38,164 - services - INFO - [services.py:549] -   - Reserved: 3.54 GB
2025-10-28 08:36:38,164 - services - INFO - [services.py:550] -   - Total: 23.56 GB
2025-10-28 08:36:38,165 - services - INFO - [services.py:551] -   - Free: 20.02 GB
2025-10-28 08:36:38,165 - services - INFO - [services.py:553] - ==================================================
2025-10-28 08:36:38,165 - services - INFO - [services.py:554] - MODEL LOADING COMPLETE - SUCCESS
2025-10-28 08:36:38,165 - services - INFO - [services.py:555] - ==================================================
2025-10-28 08:36:38,165 - services - INFO - [services.py:370] - Model loaded successfully during initialization
2025-10-28 08:36:38,165 - services - INFO - [services.py:1005] - ✓ Model Service started successfully with model loaded
2025-10-28 08:36:44,587 - services - INFO - [services.py:1043] - [HTTP] GET /health from 127.0.0.1
2025-10-28 08:36:44,588 - services - INFO - [services.py:1048] - [HTTP] /health - Status: 200 - Time: 0.001s
2025-10-28 08:36:47,651 - services - INFO - [services.py:1043] - [HTTP] POST /translate from 127.0.0.1
2025-10-28 08:36:47,651 - services - INFO - [services.py:1128] - [TRANSLATE_ENDPOINT] Received request for 25 chars to Persian
2025-10-28 08:36:47,651 - services - INFO - [services.py:656] - [TRANSLATE_START] Request ID: a8e29031, Text length: 25 chars
2025-10-28 08:36:47,651 - services - INFO - [services.py:52] - [REQUEST_START] ID: a8e29031, Text length: 25
2025-10-28 08:36:47,651 - services - DEBUG - [services.py:679] - [a8e29031] Validating input length...
2025-10-28 08:36:47,652 - services - INFO - [services.py:688] - [a8e29031] Input validated: 8 tokens
2025-10-28 08:36:47,652 - services - DEBUG - [services.py:691] - [a8e29031] Checking memory availability...
2025-10-28 08:36:47,653 - services - DEBUG - [services.py:702] - [a8e29031] GPU memory before translation: 3.54GB
2025-10-28 08:36:47,653 - services - INFO - [services.py:706] - [a8e29031] Starting translation...
2025-10-28 08:36:47,653 - services - DEBUG - [services.py:794] - Starting internal translation
2025-10-28 08:36:47,653 - services - DEBUG - [services.py:802] - Target language: Persian
2025-10-28 08:36:47,653 - services - DEBUG - [services.py:829] - Creating prompt...
2025-10-28 08:36:47,657 - services - DEBUG - [services.py:837] - Tokenizing input...
2025-10-28 08:36:47,657 - services - DEBUG - [services.py:850] - Input tokenized: 57 tokens
2025-10-28 08:36:47,658 - services - DEBUG - [services.py:862] - Generating with max_new_tokens=1991
2025-10-28 08:36:52,712 - services - DEBUG - [services.py:880] - Generated 8 tokens
2025-10-28 08:36:52,712 - services - INFO - [services.py:712] - [a8e29031] Translation completed in 5.06s
2025-10-28 08:36:52,712 - services - DEBUG - [services.py:717] - [a8e29031] GPU memory after translation: 3.70GB
2025-10-28 08:36:52,712 - services - INFO - [services.py:61] - [REQUEST_END] ID: a8e29031, Status: success, Error: None
2025-10-28 08:36:52,712 - services - INFO - [services.py:726] - [a8e29031] Translation successful
2025-10-28 08:36:52,713 - services - INFO - [services.py:1048] - [HTTP] /translate - Status: 200 - Time: 5.062s
2025-10-28 08:36:57,967 - services - INFO - [services.py:1043] - [HTTP] POST /translate/async from 127.0.0.1
2025-10-28 08:36:57,967 - services - INFO - [services.py:1177] - [TRANSLATE_ASYNC] Received async request for 96 chars to Persian
2025-10-28 08:36:57,967 - services - INFO - [services.py:656] - [TRANSLATE_START] Request ID: a418a106, Text length: 96 chars
2025-10-28 08:36:57,967 - services - INFO - [services.py:52] - [REQUEST_START] ID: a418a106, Text length: 96
2025-10-28 08:36:57,967 - services - DEBUG - [services.py:679] - [a418a106] Validating input length...
2025-10-28 08:36:57,967 - services - INFO - [services.py:688] - [a418a106] Input validated: 20 tokens
2025-10-28 08:36:57,967 - services - DEBUG - [services.py:691] - [a418a106] Checking memory availability...
2025-10-28 08:36:57,968 - services - DEBUG - [services.py:702] - [a418a106] GPU memory before translation: 3.70GB
2025-10-28 08:36:57,968 - services - INFO - [services.py:706] - [a418a106] Starting translation...
2025-10-28 08:36:57,968 - services - DEBUG - [services.py:794] - Starting internal translation
2025-10-28 08:36:57,968 - services - DEBUG - [services.py:802] - Target language: Persian
2025-10-28 08:36:57,968 - services - DEBUG - [services.py:829] - Creating prompt...
2025-10-28 08:36:57,968 - services - DEBUG - [services.py:837] - Tokenizing input...
2025-10-28 08:36:57,969 - services - DEBUG - [services.py:850] - Input tokenized: 69 tokens
2025-10-28 08:36:57,969 - services - DEBUG - [services.py:862] - Generating with max_new_tokens=1979
2025-10-28 08:37:13,965 - services - DEBUG - [services.py:880] - Generated 28 tokens
2025-10-28 08:37:13,965 - services - INFO - [services.py:712] - [a418a106] Translation completed in 16.00s
2025-10-28 08:37:13,965 - services - DEBUG - [services.py:717] - [a418a106] GPU memory after translation: 3.70GB
2025-10-28 08:37:13,965 - services - INFO - [services.py:61] - [REQUEST_END] ID: a418a106, Status: success, Error: None
2025-10-28 08:37:13,965 - services - INFO - [services.py:726] - [a418a106] Translation successful
2025-10-28 08:37:13,966 - services - INFO - [services.py:138] - Saved async translation: 2382a4b9-f7eb-45de-b769-bcc9c517c7ec
2025-10-28 08:37:13,966 - services - INFO - [services.py:1209] - [TRANSLATE_ASYNC] Successfully saved translation 2382a4b9-f7eb-45de-b769-bcc9c517c7ec
2025-10-28 08:37:13,966 - services - INFO - [services.py:1048] - [HTTP] /translate/async - Status: 200 - Time: 15.999s
2025-10-28 08:37:13,967 - services - INFO - [services.py:1043] - [HTTP] GET /memory from 127.0.0.1
2025-10-28 08:37:13,967 - services - INFO - [services.py:1043] - [HTTP] GET /health from 127.0.0.1
2025-10-28 08:37:13,968 - services - INFO - [services.py:1048] - [HTTP] /memory - Status: 200 - Time: 0.001s
2025-10-28 08:37:13,968 - services - INFO - [services.py:1048] - [HTTP] /health - Status: 200 - Time: 0.001s
2025-10-28 08:37:44,170 - services - INFO - [services.py:1043] - [HTTP] GET /translate/async from 127.0.0.1
2025-10-28 08:37:44,170 - services - INFO - [services.py:1048] - [HTTP] /translate/async - Status: 200 - Time: 0.000s
2025-10-28 08:37:53,885 - services - INFO - [services.py:1043] - [HTTP] GET /translate/async/2382a4b9-f7eb-45de-b769-bcc9c517c7ec from 127.0.0.1
2025-10-28 08:37:53,885 - services - INFO - [services.py:1281] - [GET_ASYNC_TRANSLATION] Retrieving translation 2382a4b9-f7eb-45de-b769-bcc9c517c7ec
2025-10-28 08:37:53,886 - services - INFO - [services.py:1048] - [HTTP] /translate/async/2382a4b9-f7eb-45de-b769-bcc9c517c7ec - Status: 200 - Time: 0.001s
2025-10-28 08:38:01,813 - services - INFO - [services.py:1043] - [HTTP] GET /health from 127.0.0.1
2025-10-28 08:38:01,814 - services - INFO - [services.py:1048] - [HTTP] /health - Status: 200 - Time: 0.000s
2025-10-28 08:38:01,844 - services - INFO - [services.py:1043] - [HTTP] GET /memory from 127.0.0.1
2025-10-28 08:38:01,845 - services - INFO - [services.py:1048] - [HTTP] /memory - Status: 200 - Time: 0.001s
2025-10-28 08:39:01,845 - services - INFO - [services.py:1043] - [HTTP] GET /health from 127.0.0.1
2025-10-28 08:39:01,846 - services - INFO - [services.py:1048] - [HTTP] /health - Status: 200 - Time: 0.000s
2025-10-28 08:39:01,890 - services - INFO - [services.py:1043] - [HTTP] GET /memory from 127.0.0.1
2025-10-28 08:39:01,891 - services - INFO - [services.py:1048] - [HTTP] /memory - Status: 200 - Time: 0.001s
2025-10-28 08:39:45,564 - services - INFO - [services.py:1043] - [HTTP] POST /translate/async from 127.0.0.1
2025-10-28 08:39:45,564 - services - INFO - [services.py:1177] - [TRANSLATE_ASYNC] Received async request for 376 chars to Persian
2025-10-28 08:39:45,565 - services - INFO - [services.py:656] - [TRANSLATE_START] Request ID: db1b1ccd, Text length: 376 chars
2025-10-28 08:39:45,565 - services - INFO - [services.py:52] - [REQUEST_START] ID: db1b1ccd, Text length: 376
2025-10-28 08:39:45,565 - services - DEBUG - [services.py:679] - [db1b1ccd] Validating input length...
2025-10-28 08:39:45,565 - services - INFO - [services.py:688] - [db1b1ccd] Input validated: 84 tokens
2025-10-28 08:39:45,565 - services - DEBUG - [services.py:691] - [db1b1ccd] Checking memory availability...
2025-10-28 08:39:45,566 - services - DEBUG - [services.py:702] - [db1b1ccd] GPU memory before translation: 3.70GB
2025-10-28 08:39:45,566 - services - INFO - [services.py:706] - [db1b1ccd] Starting translation...
2025-10-28 08:39:45,566 - services - DEBUG - [services.py:794] - Starting internal translation
2025-10-28 08:39:45,566 - services - DEBUG - [services.py:802] - Target language: Persian
2025-10-28 08:39:45,566 - services - DEBUG - [services.py:829] - Creating prompt...
2025-10-28 08:39:45,566 - services - DEBUG - [services.py:837] - Tokenizing input...
2025-10-28 08:39:45,587 - services - DEBUG - [services.py:850] - Input tokenized: 133 tokens
2025-10-28 08:39:45,588 - services - DEBUG - [services.py:862] - Generating with max_new_tokens=1915
2025-10-28 08:40:57,721 - services - DEBUG - [services.py:880] - Generated 126 tokens
2025-10-28 08:40:57,721 - services - INFO - [services.py:712] - [db1b1ccd] Translation completed in 72.16s
2025-10-28 08:40:57,721 - services - DEBUG - [services.py:717] - [db1b1ccd] GPU memory after translation: 3.70GB
2025-10-28 08:40:57,721 - services - INFO - [services.py:61] - [REQUEST_END] ID: db1b1ccd, Status: success, Error: None
2025-10-28 08:40:57,721 - services - INFO - [services.py:726] - [db1b1ccd] Translation successful
2025-10-28 08:40:57,722 - services - INFO - [services.py:138] - Saved async translation: f9b86500-2ac2-45de-949f-a2f3bcce5237
2025-10-28 08:40:57,722 - services - INFO - [services.py:1209] - [TRANSLATE_ASYNC] Successfully saved translation f9b86500-2ac2-45de-949f-a2f3bcce5237
2025-10-28 08:40:57,722 - services - INFO - [services.py:1048] - [HTTP] /translate/async - Status: 200 - Time: 72.158s
2025-10-28 08:40:57,723 - services - INFO - [services.py:1043] - [HTTP] GET /health from 127.0.0.1
2025-10-28 08:40:57,723 - services - INFO - [services.py:1043] - [HTTP] GET /memory from 127.0.0.1
2025-10-28 08:40:57,724 - services - INFO - [services.py:1048] - [HTTP] /health - Status: 200 - Time: 0.001s
2025-10-28 08:40:57,724 - services - INFO - [services.py:1048] - [HTTP] /memory - Status: 200 - Time: 0.001s
2025-10-28 08:41:01,844 - services - INFO - [services.py:1043] - [HTTP] GET /health from 127.0.0.1
2025-10-28 08:41:01,845 - services - INFO - [services.py:1048] - [HTTP] /health - Status: 200 - Time: 0.001s
2025-10-28 08:41:02,155 - services - INFO - [services.py:1043] - [HTTP] GET /memory from 127.0.0.1
2025-10-28 08:41:02,156 - services - INFO - [services.py:1048] - [HTTP] /memory - Status: 200 - Time: 0.001s
2025-10-28 08:41:56,358 - services - INFO - [services.py:1043] - [HTTP] GET /translate/async from 127.0.0.1
2025-10-28 08:41:56,359 - services - INFO - [services.py:1048] - [HTTP] /translate/async - Status: 200 - Time: 0.001s
2025-10-28 08:41:56,857 - services - INFO - [services.py:1043] - [HTTP] GET /translate/async from 127.0.0.1
2025-10-28 08:41:56,857 - services - INFO - [services.py:1048] - [HTTP] /translate/async - Status: 200 - Time: 0.000s
2025-10-28 08:42:01,849 - services - INFO - [services.py:1043] - [HTTP] GET /health from 127.0.0.1
2025-10-28 08:42:01,850 - services - INFO - [services.py:1048] - [HTTP] /health - Status: 200 - Time: 0.001s
2025-10-28 08:42:01,888 - services - INFO - [services.py:1043] - [HTTP] GET /memory from 127.0.0.1
2025-10-28 08:42:01,889 - services - INFO - [services.py:1048] - [HTTP] /memory - Status: 200 - Time: 0.001s
2025-10-28 08:42:04,153 - services - INFO - [services.py:1043] - [HTTP] GET /translate/async/f9b86500-2ac2-45de-949f-a2f3bcce5237 from 127.0.0.1
2025-10-28 08:42:04,154 - services - INFO - [services.py:1281] - [GET_ASYNC_TRANSLATION] Retrieving translation f9b86500-2ac2-45de-949f-a2f3bcce5237
2025-10-28 08:42:04,154 - services - INFO - [services.py:1048] - [HTTP] /translate/async/f9b86500-2ac2-45de-949f-a2f3bcce5237 - Status: 200 - Time: 0.001s
2025-10-28 08:43:01,827 - services - INFO - [services.py:1043] - [HTTP] GET /health from 127.0.0.1
2025-10-28 08:43:01,827 - services - INFO - [services.py:1048] - [HTTP] /health - Status: 200 - Time: 0.001s
2025-10-28 08:43:01,856 - services - INFO - [services.py:1043] - [HTTP] GET /memory from 127.0.0.1
2025-10-28 08:43:01,858 - services - INFO - [services.py:1048] - [HTTP] /memory - Status: 200 - Time: 0.001s
2025-10-28 08:44:01,817 - services - INFO - [services.py:1043] - [HTTP] GET /health from 127.0.0.1
2025-10-28 08:44:01,817 - services - INFO - [services.py:1048] - [HTTP] /health - Status: 200 - Time: 0.001s
2025-10-28 08:44:01,857 - services - INFO - [services.py:1043] - [HTTP] GET /memory from 127.0.0.1
2025-10-28 08:44:01,859 - services - INFO - [services.py:1048] - [HTTP] /memory - Status: 200 - Time: 0.001s
2025-10-28 08:45:01,813 - services - INFO - [services.py:1043] - [HTTP] GET /health from 127.0.0.1
2025-10-28 08:45:01,814 - services - INFO - [services.py:1048] - [HTTP] /health - Status: 200 - Time: 0.001s
2025-10-28 08:45:01,847 - services - INFO - [services.py:1043] - [HTTP] GET /memory from 127.0.0.1
2025-10-28 08:45:01,848 - services - INFO - [services.py:1048] - [HTTP] /memory - Status: 200 - Time: 0.001s
2025-10-28 08:46:01,806 - services - INFO - [services.py:1043] - [HTTP] GET /health from 127.0.0.1
2025-10-28 08:46:01,806 - services - INFO - [services.py:1048] - [HTTP] /health - Status: 200 - Time: 0.000s
2025-10-28 08:46:01,821 - services - INFO - [services.py:1043] - [HTTP] GET /memory from 127.0.0.1
2025-10-28 08:46:01,822 - services - INFO - [services.py:1048] - [HTTP] /memory - Status: 200 - Time: 0.001s
2025-10-28 08:47:01,818 - services - INFO - [services.py:1043] - [HTTP] GET /memory from 127.0.0.1
2025-10-28 08:47:01,819 - services - INFO - [services.py:1048] - [HTTP] /memory - Status: 200 - Time: 0.001s
2025-10-28 08:47:01,836 - services - INFO - [services.py:1043] - [HTTP] GET /health from 127.0.0.1
2025-10-28 08:47:01,836 - services - INFO - [services.py:1048] - [HTTP] /health - Status: 200 - Time: 0.001s
2025-10-28 08:48:01,832 - services - INFO - [services.py:1043] - [HTTP] GET /health from 127.0.0.1
2025-10-28 08:48:01,832 - services - INFO - [services.py:1048] - [HTTP] /health - Status: 200 - Time: 0.000s
2025-10-28 08:48:01,858 - services - INFO - [services.py:1043] - [HTTP] GET /memory from 127.0.0.1
2025-10-28 08:48:01,858 - services - INFO - [services.py:1048] - [HTTP] /memory - Status: 200 - Time: 0.001s
2025-10-28 08:49:01,814 - services - INFO - [services.py:1043] - [HTTP] GET /health from 127.0.0.1
2025-10-28 08:49:01,815 - services - INFO - [services.py:1048] - [HTTP] /health - Status: 200 - Time: 0.001s
2025-10-28 08:49:01,860 - services - INFO - [services.py:1043] - [HTTP] GET /memory from 127.0.0.1
2025-10-28 08:49:01,861 - services - INFO - [services.py:1048] - [HTTP] /memory - Status: 200 - Time: 0.001s
2025-10-28 08:49:47,772 - services - INFO - [services.py:1013] - ==================================================
2025-10-28 08:49:47,772 - services - INFO - [services.py:1014] - SHUTTING DOWN FASTAPI TRANSLATION SERVICE
2025-10-28 08:49:47,772 - services - INFO - [services.py:1015] - ==================================================
2025-10-28 08:49:47,773 - services - INFO - [services.py:912] - Freeing GPU memory...
2025-10-28 08:49:48,100 - services - INFO - [services.py:945] - GPU memory freed successfully
2025-10-28 08:49:48,100 - services - INFO - [services.py:1018] - Service shutdown complete
2025-10-28 08:49:50,687 - services - INFO - [services.py:994] - ==================================================
2025-10-28 08:49:50,687 - services - INFO - [services.py:995] - STARTING FASTAPI TRANSLATION SERVICE
2025-10-28 08:49:50,687 - services - INFO - [services.py:996] - ==================================================
2025-10-28 08:49:50,687 - services - INFO - [services.py:334] - ==================================================
2025-10-28 08:49:50,687 - services - INFO - [services.py:335] - Initializing ModelManager
2025-10-28 08:49:50,687 - services - INFO - [services.py:336] - ==================================================
2025-10-28 08:49:50,687 - services - INFO - [services.py:409] - Loading config from /home/anews/NewsPic_G/translate_services/config.json
2025-10-28 08:49:50,687 - services - INFO - [services.py:412] - Config file loaded successfully
2025-10-28 08:49:50,688 - services - INFO - [services.py:437] - Configuration loaded. Max input tokens: 2048
2025-10-28 08:49:50,688 - services - INFO - [services.py:358] - Config loaded successfully
2025-10-28 08:49:50,688 - services - INFO - [services.py:365] - Attempting to load model during initialization...
2025-10-28 08:49:50,688 - services - INFO - [services.py:469] - ==================================================
2025-10-28 08:49:50,688 - services - INFO - [services.py:470] - STARTING MODEL LOAD PROCESS
2025-10-28 08:49:50,688 - services - INFO - [services.py:471] - ==================================================
2025-10-28 08:49:50,688 - services - INFO - [services.py:483] - Model ID: /home/anews/PS/translate/YanoljaNEXT-Rosetta-4B-2510
2025-10-28 08:49:50,688 - services - INFO - [services.py:492] - Using dtype: torch.bfloat16
2025-10-28 08:49:50,688 - services - INFO - [services.py:504] - Memory allocation - GPU: 4GB, CPU: 5GB
2025-10-28 08:49:50,688 - services - INFO - [services.py:511] - Offload folder: /tmp/model_offload
2025-10-28 08:49:50,688 - services - INFO - [services.py:514] - Loading tokenizer...
2025-10-28 08:49:51,944 - services - INFO - [services.py:524] - ✓ Tokenizer loaded successfully
2025-10-28 08:49:51,944 - services - INFO - [services.py:527] - Loading model weights (this may take a few minutes)...
2025-10-28 08:50:00,553 - accelerate.big_modeling - WARNING - [big_modeling.py:442] - Some parameters are on the meta device because they were offloaded to the cpu.
2025-10-28 08:50:00,554 - services - INFO - [services.py:539] - ✓ Model loaded successfully
2025-10-28 08:50:00,554 - services - INFO - [services.py:547] - GPU Memory Status:
2025-10-28 08:50:00,554 - services - INFO - [services.py:548] -   - Allocated: 3.54 GB
2025-10-28 08:50:00,554 - services - INFO - [services.py:549] -   - Reserved: 3.54 GB
2025-10-28 08:50:00,554 - services - INFO - [services.py:550] -   - Total: 23.56 GB
2025-10-28 08:50:00,554 - services - INFO - [services.py:551] -   - Free: 20.02 GB
2025-10-28 08:50:00,554 - services - INFO - [services.py:553] - ==================================================
2025-10-28 08:50:00,554 - services - INFO - [services.py:554] - MODEL LOADING COMPLETE - SUCCESS
2025-10-28 08:50:00,554 - services - INFO - [services.py:555] - ==================================================
2025-10-28 08:50:00,554 - services - INFO - [services.py:370] - Model loaded successfully during initialization
2025-10-28 08:50:00,554 - services - INFO - [services.py:1005] - ✓ Model Service started successfully with model loaded
2025-10-28 08:50:01,833 - services - INFO - [services.py:1043] - [HTTP] GET /health from 127.0.0.1
2025-10-28 08:50:01,834 - services - INFO - [services.py:1048] - [HTTP] /health - Status: 200 - Time: 0.001s
2025-10-28 08:50:01,857 - services - INFO - [services.py:1043] - [HTTP] GET /memory from 127.0.0.1
2025-10-28 08:50:01,858 - services - INFO - [services.py:1048] - [HTTP] /memory - Status: 200 - Time: 0.001s
2025-10-28 08:50:13,176 - services - INFO - [services.py:1043] - [HTTP] GET /health from 127.0.0.1
2025-10-28 08:50:13,177 - services - INFO - [services.py:1048] - [HTTP] /health - Status: 200 - Time: 0.001s
2025-10-28 08:50:17,354 - services - INFO - [services.py:1043] - [HTTP] POST /translate/async from 127.0.0.1
2025-10-28 08:50:17,355 - services - INFO - [services.py:1178] - [TRANSLATE_ASYNC] Received async request for 387 chars to Persian
2025-10-28 08:50:17,355 - services - INFO - [services.py:1278] - [TRANSLATE_ASYNC] Returning UUID b3ab6d62-85fe-41bf-a858-5c060e77cd1c immediately
2025-10-28 08:50:17,355 - services - INFO - [services.py:1048] - [HTTP] /translate/async - Status: 200 - Time: 0.001s
2025-10-28 08:50:17,356 - services - INFO - [services.py:1191] - [BACKGROUND] Starting translation for b3ab6d62-85fe-41bf-a858-5c060e77cd1c
2025-10-28 08:50:17,356 - services - INFO - [services.py:138] - Saved async translation: b3ab6d62-85fe-41bf-a858-5c060e77cd1c
2025-10-28 08:50:17,356 - services - INFO - [services.py:656] - [TRANSLATE_START] Request ID: d0d05abf, Text length: 387 chars
2025-10-28 08:50:17,356 - services - INFO - [services.py:52] - [REQUEST_START] ID: d0d05abf, Text length: 387
2025-10-28 08:50:17,356 - services - DEBUG - [services.py:679] - [d0d05abf] Validating input length...
2025-10-28 08:50:17,357 - services - INFO - [services.py:688] - [d0d05abf] Input validated: 96 tokens
2025-10-28 08:50:17,358 - services - DEBUG - [services.py:691] - [d0d05abf] Checking memory availability...
2025-10-28 08:50:17,358 - services - DEBUG - [services.py:702] - [d0d05abf] GPU memory before translation: 3.54GB
2025-10-28 08:50:17,358 - services - INFO - [services.py:706] - [d0d05abf] Starting translation...
2025-10-28 08:50:17,358 - services - DEBUG - [services.py:794] - Starting internal translation
2025-10-28 08:50:17,358 - services - DEBUG - [services.py:802] - Target language: Persian
2025-10-28 08:50:17,358 - services - DEBUG - [services.py:829] - Creating prompt...
2025-10-28 08:50:17,362 - services - DEBUG - [services.py:837] - Tokenizing input...
2025-10-28 08:50:17,365 - services - DEBUG - [services.py:850] - Input tokenized: 145 tokens
2025-10-28 08:50:17,365 - services - DEBUG - [services.py:862] - Generating with max_new_tokens=1903
2025-10-28 08:50:27,751 - services - INFO - [services.py:1043] - [HTTP] GET /translate/async from 127.0.0.1
2025-10-28 08:50:27,752 - services - INFO - [services.py:1048] - [HTTP] /translate/async - Status: 200 - Time: 0.001s
2025-10-28 08:50:32,809 - services - INFO - [services.py:1043] - [HTTP] GET /translate/async/b3ab6d62-85fe-41bf-a858-5c060e77cd1c from 127.0.0.1
2025-10-28 08:50:32,809 - services - INFO - [services.py:1288] - [GET_ASYNC_TRANSLATION] Retrieving translation b3ab6d62-85fe-41bf-a858-5c060e77cd1c
2025-10-28 08:50:32,810 - services - INFO - [services.py:1048] - [HTTP] /translate/async/b3ab6d62-85fe-41bf-a858-5c060e77cd1c - Status: 200 - Time: 0.001s
2025-10-28 08:51:01,834 - services - INFO - [services.py:1043] - [HTTP] GET /memory from 127.0.0.1
2025-10-28 08:51:01,835 - services - INFO - [services.py:1048] - [HTTP] /memory - Status: 200 - Time: 0.001s
2025-10-28 08:51:01,864 - services - INFO - [services.py:1043] - [HTTP] GET /health from 127.0.0.1
2025-10-28 08:51:01,864 - services - INFO - [services.py:1048] - [HTTP] /health - Status: 200 - Time: 0.001s
2025-10-28 08:51:50,846 - services - DEBUG - [services.py:880] - Generated 163 tokens
2025-10-28 08:51:50,846 - services - INFO - [services.py:712] - [d0d05abf] Translation completed in 93.49s
2025-10-28 08:51:50,847 - services - DEBUG - [services.py:717] - [d0d05abf] GPU memory after translation: 3.70GB
2025-10-28 08:51:50,847 - services - INFO - [services.py:61] - [REQUEST_END] ID: d0d05abf, Status: success, Error: None
2025-10-28 08:51:50,847 - services - INFO - [services.py:726] - [d0d05abf] Translation successful
2025-10-28 08:51:50,847 - services - INFO - [services.py:138] - Saved async translation: b3ab6d62-85fe-41bf-a858-5c060e77cd1c
2025-10-28 08:51:50,847 - services - INFO - [services.py:1229] - [BACKGROUND] Translation b3ab6d62-85fe-41bf-a858-5c060e77cd1c completed successfully
2025-10-28 08:52:01,801 - services - INFO - [services.py:1043] - [HTTP] GET /health from 127.0.0.1
2025-10-28 08:52:01,801 - services - INFO - [services.py:1048] - [HTTP] /health - Status: 200 - Time: 0.001s
2025-10-28 08:52:01,818 - services - INFO - [services.py:1043] - [HTTP] GET /memory from 127.0.0.1
2025-10-28 08:52:01,819 - services - INFO - [services.py:1048] - [HTTP] /memory - Status: 200 - Time: 0.001s
2025-10-28 08:53:01,804 - services - INFO - [services.py:1043] - [HTTP] GET /memory from 127.0.0.1
2025-10-28 08:53:01,805 - services - INFO - [services.py:1048] - [HTTP] /memory - Status: 200 - Time: 0.001s
2025-10-28 08:53:01,820 - services - INFO - [services.py:1043] - [HTTP] GET /health from 127.0.0.1
2025-10-28 08:53:01,820 - services - INFO - [services.py:1048] - [HTTP] /health - Status: 200 - Time: 0.000s
2025-10-28 08:54:01,813 - services - INFO - [services.py:1043] - [HTTP] GET /health from 127.0.0.1
2025-10-28 08:54:01,813 - services - INFO - [services.py:1048] - [HTTP] /health - Status: 200 - Time: 0.000s
2025-10-28 08:54:01,837 - services - INFO - [services.py:1043] - [HTTP] GET /memory from 127.0.0.1
2025-10-28 08:54:01,838 - services - INFO - [services.py:1048] - [HTTP] /memory - Status: 200 - Time: 0.001s
2025-10-28 08:55:01,815 - services - INFO - [services.py:1043] - [HTTP] GET /health from 127.0.0.1
2025-10-28 08:55:01,816 - services - INFO - [services.py:1048] - [HTTP] /health - Status: 200 - Time: 0.001s
2025-10-28 08:55:01,847 - services - INFO - [services.py:1043] - [HTTP] GET /memory from 127.0.0.1
2025-10-28 08:55:01,848 - services - INFO - [services.py:1048] - [HTTP] /memory - Status: 200 - Time: 0.001s
2025-10-28 08:55:47,616 - services - INFO - [services.py:1043] - [HTTP] GET /translate/async/b3ab6d62-85fe-41bf-a858-5c060e77cd1c from 127.0.0.1
2025-10-28 08:55:47,616 - services - INFO - [services.py:1288] - [GET_ASYNC_TRANSLATION] Retrieving translation b3ab6d62-85fe-41bf-a858-5c060e77cd1c
2025-10-28 08:55:47,616 - services - INFO - [services.py:1048] - [HTTP] /translate/async/b3ab6d62-85fe-41bf-a858-5c060e77cd1c - Status: 200 - Time: 0.001s
2025-10-28 08:56:01,807 - services - INFO - [services.py:1043] - [HTTP] GET /health from 127.0.0.1
2025-10-28 08:56:01,807 - services - INFO - [services.py:1048] - [HTTP] /health - Status: 200 - Time: 0.001s
2025-10-28 08:56:01,830 - services - INFO - [services.py:1043] - [HTTP] GET /memory from 127.0.0.1
2025-10-28 08:56:01,831 - services - INFO - [services.py:1048] - [HTTP] /memory - Status: 200 - Time: 0.001s
2025-10-28 08:56:31,847 - services - INFO - [services.py:1013] - ==================================================
2025-10-28 08:56:31,847 - services - INFO - [services.py:1014] - SHUTTING DOWN FASTAPI TRANSLATION SERVICE
2025-10-28 08:56:31,847 - services - INFO - [services.py:1015] - ==================================================
2025-10-28 08:56:31,847 - services - INFO - [services.py:912] - Freeing GPU memory...
2025-10-28 08:56:32,205 - services - INFO - [services.py:945] - GPU memory freed successfully
2025-10-28 08:56:32,205 - services - INFO - [services.py:1018] - Service shutdown complete
2025-10-28 08:58:48,033 - services - INFO - [services.py:994] - ==================================================
2025-10-28 08:58:48,033 - services - INFO - [services.py:995] - STARTING FASTAPI TRANSLATION SERVICE
2025-10-28 08:58:48,033 - services - INFO - [services.py:996] - ==================================================
2025-10-28 08:58:48,033 - services - INFO - [services.py:334] - ==================================================
2025-10-28 08:58:48,033 - services - INFO - [services.py:335] - Initializing ModelManager
2025-10-28 08:58:48,033 - services - INFO - [services.py:336] - ==================================================
2025-10-28 08:58:48,033 - services - INFO - [services.py:409] - Loading config from /home/anews/NewsPic_G/translate_services/config.json
2025-10-28 08:58:48,033 - services - INFO - [services.py:412] - Config file loaded successfully
2025-10-28 08:58:48,033 - services - INFO - [services.py:437] - Configuration loaded. Max input tokens: 2048
2025-10-28 08:58:48,034 - services - INFO - [services.py:358] - Config loaded successfully
2025-10-28 08:58:48,034 - services - INFO - [services.py:365] - Attempting to load model during initialization...
2025-10-28 08:58:48,034 - services - INFO - [services.py:469] - ==================================================
2025-10-28 08:58:48,034 - services - INFO - [services.py:470] - STARTING MODEL LOAD PROCESS
2025-10-28 08:58:48,034 - services - INFO - [services.py:471] - ==================================================
2025-10-28 08:58:48,034 - services - INFO - [services.py:483] - Model ID: /home/anews/PS/translate/YanoljaNEXT-Rosetta-4B-2510
2025-10-28 08:58:48,034 - services - INFO - [services.py:492] - Using dtype: torch.bfloat16
2025-10-28 08:58:48,034 - services - INFO - [services.py:504] - Memory allocation - GPU: 4GB, CPU: 5GB
2025-10-28 08:58:48,034 - services - INFO - [services.py:511] - Offload folder: /tmp/model_offload
2025-10-28 08:58:48,034 - services - INFO - [services.py:514] - Loading tokenizer...
2025-10-28 08:58:49,295 - services - INFO - [services.py:524] - ✓ Tokenizer loaded successfully
2025-10-28 08:58:49,295 - services - INFO - [services.py:527] - Loading model weights (this may take a few minutes)...
2025-10-28 08:58:58,195 - accelerate.big_modeling - WARNING - [big_modeling.py:442] - Some parameters are on the meta device because they were offloaded to the cpu.
2025-10-28 08:58:58,196 - services - INFO - [services.py:539] - ✓ Model loaded successfully
2025-10-28 08:58:58,196 - services - INFO - [services.py:547] - GPU Memory Status:
2025-10-28 08:58:58,196 - services - INFO - [services.py:548] -   - Allocated: 3.54 GB
2025-10-28 08:58:58,196 - services - INFO - [services.py:549] -   - Reserved: 3.54 GB
2025-10-28 08:58:58,196 - services - INFO - [services.py:550] -   - Total: 23.56 GB
2025-10-28 08:58:58,196 - services - INFO - [services.py:551] -   - Free: 20.02 GB
2025-10-28 08:58:58,196 - services - INFO - [services.py:553] - ==================================================
2025-10-28 08:58:58,196 - services - INFO - [services.py:554] - MODEL LOADING COMPLETE - SUCCESS
2025-10-28 08:58:58,196 - services - INFO - [services.py:555] - ==================================================
2025-10-28 08:58:58,196 - services - INFO - [services.py:370] - Model loaded successfully during initialization
2025-10-28 08:58:58,196 - services - INFO - [services.py:1005] - ✓ Model Service started successfully with model loaded
2025-10-28 08:59:00,694 - services - INFO - [services.py:994] - ==================================================
2025-10-28 08:59:00,694 - services - INFO - [services.py:995] - STARTING FASTAPI TRANSLATION SERVICE
2025-10-28 08:59:00,694 - services - INFO - [services.py:996] - ==================================================
2025-10-28 08:59:00,694 - services - INFO - [services.py:334] - ==================================================
2025-10-28 08:59:00,694 - services - INFO - [services.py:335] - Initializing ModelManager
2025-10-28 08:59:00,694 - services - INFO - [services.py:336] - ==================================================
2025-10-28 08:59:00,694 - services - INFO - [services.py:409] - Loading config from /home/anews/NewsPic_G/translate_services/config.json
2025-10-28 08:59:00,694 - services - INFO - [services.py:412] - Config file loaded successfully
2025-10-28 08:59:00,694 - services - INFO - [services.py:437] - Configuration loaded. Max input tokens: 2048
2025-10-28 08:59:00,694 - services - INFO - [services.py:358] - Config loaded successfully
2025-10-28 08:59:00,694 - services - INFO - [services.py:365] - Attempting to load model during initialization...
2025-10-28 08:59:00,695 - services - INFO - [services.py:469] - ==================================================
2025-10-28 08:59:00,695 - services - INFO - [services.py:470] - STARTING MODEL LOAD PROCESS
2025-10-28 08:59:00,695 - services - INFO - [services.py:471] - ==================================================
2025-10-28 08:59:00,695 - services - INFO - [services.py:483] - Model ID: /home/anews/PS/translate/YanoljaNEXT-Rosetta-4B-2510
2025-10-28 08:59:00,695 - services - INFO - [services.py:492] - Using dtype: torch.bfloat16
2025-10-28 08:59:00,695 - services - INFO - [services.py:504] - Memory allocation - GPU: 4GB, CPU: 5GB
2025-10-28 08:59:00,695 - services - INFO - [services.py:511] - Offload folder: /tmp/model_offload
2025-10-28 08:59:00,695 - services - INFO - [services.py:514] - Loading tokenizer...
2025-10-28 08:59:01,954 - services - INFO - [services.py:524] - ✓ Tokenizer loaded successfully
2025-10-28 08:59:01,954 - services - INFO - [services.py:527] - Loading model weights (this may take a few minutes)...
2025-10-28 08:59:10,553 - accelerate.big_modeling - WARNING - [big_modeling.py:442] - Some parameters are on the meta device because they were offloaded to the cpu.
2025-10-28 08:59:10,553 - services - INFO - [services.py:539] - ✓ Model loaded successfully
2025-10-28 08:59:10,554 - services - INFO - [services.py:547] - GPU Memory Status:
2025-10-28 08:59:10,554 - services - INFO - [services.py:548] -   - Allocated: 3.54 GB
2025-10-28 08:59:10,554 - services - INFO - [services.py:549] -   - Reserved: 3.54 GB
2025-10-28 08:59:10,554 - services - INFO - [services.py:550] -   - Total: 23.56 GB
2025-10-28 08:59:10,554 - services - INFO - [services.py:551] -   - Free: 20.02 GB
2025-10-28 08:59:10,554 - services - INFO - [services.py:553] - ==================================================
2025-10-28 08:59:10,554 - services - INFO - [services.py:554] - MODEL LOADING COMPLETE - SUCCESS
2025-10-28 08:59:10,554 - services - INFO - [services.py:555] - ==================================================
2025-10-28 08:59:10,554 - services - INFO - [services.py:370] - Model loaded successfully during initialization
2025-10-28 08:59:10,554 - services - INFO - [services.py:1005] - ✓ Model Service started successfully with model loaded
2025-10-28 08:59:10,917 - services - INFO - [services.py:1043] - [HTTP] GET /health from 127.0.0.1
2025-10-28 08:59:10,918 - services - INFO - [services.py:1048] - [HTTP] /health - Status: 200 - Time: 0.001s
2025-10-28 08:59:17,271 - services - INFO - [services.py:1043] - [HTTP] POST /translate/async from 127.0.0.1
2025-10-28 08:59:17,272 - services - INFO - [services.py:1177] - [TRANSLATE_ASYNC] Received async request for 387 chars to Persian
2025-10-28 08:59:17,272 - services - INFO - [services.py:1277] - [TRANSLATE_ASYNC] Returning UUID 659ffd38-26aa-4e7f-9416-2d9f86eaf118 immediately
2025-10-28 08:59:17,272 - services - INFO - [services.py:1048] - [HTTP] /translate/async - Status: 200 - Time: 0.001s
2025-10-28 08:59:17,273 - services - INFO - [services.py:1190] - [BACKGROUND] Starting translation for 659ffd38-26aa-4e7f-9416-2d9f86eaf118
2025-10-28 08:59:17,273 - services - INFO - [services.py:138] - Saved async translation: 659ffd38-26aa-4e7f-9416-2d9f86eaf118
2025-10-28 08:59:17,273 - services - INFO - [services.py:656] - [TRANSLATE_START] Request ID: e176d80d, Text length: 387 chars
2025-10-28 08:59:17,273 - services - INFO - [services.py:52] - [REQUEST_START] ID: e176d80d, Text length: 387
2025-10-28 08:59:17,274 - services - DEBUG - [services.py:679] - [e176d80d] Validating input length...
2025-10-28 08:59:17,275 - services - INFO - [services.py:688] - [e176d80d] Input validated: 96 tokens
2025-10-28 08:59:17,275 - services - DEBUG - [services.py:691] - [e176d80d] Checking memory availability...
2025-10-28 08:59:17,275 - services - DEBUG - [services.py:702] - [e176d80d] GPU memory before translation: 3.54GB
2025-10-28 08:59:17,275 - services - INFO - [services.py:706] - [e176d80d] Starting translation...
2025-10-28 08:59:17,275 - services - DEBUG - [services.py:794] - Starting internal translation
2025-10-28 08:59:17,275 - services - DEBUG - [services.py:802] - Target language: Persian
2025-10-28 08:59:17,275 - services - DEBUG - [services.py:829] - Creating prompt...
2025-10-28 08:59:17,279 - services - DEBUG - [services.py:837] - Tokenizing input...
2025-10-28 08:59:17,280 - services - DEBUG - [services.py:850] - Input tokenized: 145 tokens
2025-10-28 08:59:17,280 - services - DEBUG - [services.py:862] - Generating with max_new_tokens=1903
2025-10-28 08:59:26,613 - services - INFO - [services.py:1043] - [HTTP] GET /translate/async from 127.0.0.1
2025-10-28 08:59:26,614 - services - INFO - [services.py:1048] - [HTTP] /translate/async - Status: 200 - Time: 0.001s
2025-10-28 08:59:33,744 - services - INFO - [services.py:1043] - [HTTP] GET /translate/async/659ffd38-26aa-4e7f-9416-2d9f86eaf118 from 127.0.0.1
2025-10-28 08:59:33,745 - services - INFO - [services.py:1287] - [GET_ASYNC_TRANSLATION] Retrieving translation 659ffd38-26aa-4e7f-9416-2d9f86eaf118
2025-10-28 08:59:33,745 - services - INFO - [services.py:1048] - [HTTP] /translate/async/659ffd38-26aa-4e7f-9416-2d9f86eaf118 - Status: 200 - Time: 0.001s
2025-10-28 08:59:35,186 - services - INFO - [services.py:1043] - [HTTP] GET /translate/async/659ffd38-26aa-4e7f-9416-2d9f86eaf118 from 127.0.0.1
2025-10-28 08:59:35,186 - services - INFO - [services.py:1287] - [GET_ASYNC_TRANSLATION] Retrieving translation 659ffd38-26aa-4e7f-9416-2d9f86eaf118
2025-10-28 08:59:35,187 - services - INFO - [services.py:1048] - [HTTP] /translate/async/659ffd38-26aa-4e7f-9416-2d9f86eaf118 - Status: 200 - Time: 0.001s
2025-10-28 08:59:41,515 - services - INFO - [services.py:1043] - [HTTP] GET /translate/async/659ffd38-26aa-4e7f-9416-2d9f86eaf118 from 127.0.0.1
2025-10-28 08:59:41,516 - services - INFO - [services.py:1287] - [GET_ASYNC_TRANSLATION] Retrieving translation 659ffd38-26aa-4e7f-9416-2d9f86eaf118
2025-10-28 08:59:41,517 - services - INFO - [services.py:1048] - [HTTP] /translate/async/659ffd38-26aa-4e7f-9416-2d9f86eaf118 - Status: 200 - Time: 0.002s
2025-10-28 08:59:42,536 - services - INFO - [services.py:1043] - [HTTP] GET /translate/async/659ffd38-26aa-4e7f-9416-2d9f86eaf118 from 127.0.0.1
2025-10-28 08:59:42,536 - services - INFO - [services.py:1287] - [GET_ASYNC_TRANSLATION] Retrieving translation 659ffd38-26aa-4e7f-9416-2d9f86eaf118
2025-10-28 08:59:42,537 - services - INFO - [services.py:1048] - [HTTP] /translate/async/659ffd38-26aa-4e7f-9416-2d9f86eaf118 - Status: 200 - Time: 0.001s
2025-10-28 08:59:43,531 - services - INFO - [services.py:1043] - [HTTP] GET /translate/async/659ffd38-26aa-4e7f-9416-2d9f86eaf118 from 127.0.0.1
2025-10-28 08:59:43,531 - services - INFO - [services.py:1287] - [GET_ASYNC_TRANSLATION] Retrieving translation 659ffd38-26aa-4e7f-9416-2d9f86eaf118
2025-10-28 08:59:43,532 - services - INFO - [services.py:1048] - [HTTP] /translate/async/659ffd38-26aa-4e7f-9416-2d9f86eaf118 - Status: 200 - Time: 0.001s
2025-10-28 08:59:46,073 - services - INFO - [services.py:1043] - [HTTP] GET /translate/async/659ffd38-26aa-4e7f-9416-2d9f86eaf118 from 127.0.0.1
2025-10-28 08:59:46,074 - services - INFO - [services.py:1287] - [GET_ASYNC_TRANSLATION] Retrieving translation 659ffd38-26aa-4e7f-9416-2d9f86eaf118
2025-10-28 08:59:46,075 - services - INFO - [services.py:1048] - [HTTP] /translate/async/659ffd38-26aa-4e7f-9416-2d9f86eaf118 - Status: 200 - Time: 0.001s
2025-10-28 08:59:50,941 - services - INFO - [services.py:1043] - [HTTP] GET /translate/async/659ffd38-26aa-4e7f-9416-2d9f86eaf118 from 127.0.0.1
2025-10-28 08:59:50,942 - services - INFO - [services.py:1287] - [GET_ASYNC_TRANSLATION] Retrieving translation 659ffd38-26aa-4e7f-9416-2d9f86eaf118
2025-10-28 08:59:50,943 - services - INFO - [services.py:1048] - [HTTP] /translate/async/659ffd38-26aa-4e7f-9416-2d9f86eaf118 - Status: 200 - Time: 0.001s
2025-10-28 08:59:53,110 - services - INFO - [services.py:1043] - [HTTP] GET /translate/async/659ffd38-26aa-4e7f-9416-2d9f86eaf118 from 127.0.0.1
2025-10-28 08:59:53,110 - services - INFO - [services.py:1287] - [GET_ASYNC_TRANSLATION] Retrieving translation 659ffd38-26aa-4e7f-9416-2d9f86eaf118
2025-10-28 08:59:53,111 - services - INFO - [services.py:1048] - [HTTP] /translate/async/659ffd38-26aa-4e7f-9416-2d9f86eaf118 - Status: 200 - Time: 0.001s
2025-10-28 08:59:54,060 - services - INFO - [services.py:1043] - [HTTP] GET /translate/async/659ffd38-26aa-4e7f-9416-2d9f86eaf118 from 127.0.0.1
2025-10-28 08:59:54,061 - services - INFO - [services.py:1287] - [GET_ASYNC_TRANSLATION] Retrieving translation 659ffd38-26aa-4e7f-9416-2d9f86eaf118
2025-10-28 08:59:54,061 - services - INFO - [services.py:1048] - [HTTP] /translate/async/659ffd38-26aa-4e7f-9416-2d9f86eaf118 - Status: 200 - Time: 0.001s
2025-10-28 08:59:54,976 - services - INFO - [services.py:1043] - [HTTP] GET /translate/async/659ffd38-26aa-4e7f-9416-2d9f86eaf118 from 127.0.0.1
2025-10-28 08:59:54,976 - services - INFO - [services.py:1287] - [GET_ASYNC_TRANSLATION] Retrieving translation 659ffd38-26aa-4e7f-9416-2d9f86eaf118
2025-10-28 08:59:54,977 - services - INFO - [services.py:1048] - [HTTP] /translate/async/659ffd38-26aa-4e7f-9416-2d9f86eaf118 - Status: 200 - Time: 0.001s
2025-10-28 08:59:55,978 - services - INFO - [services.py:1043] - [HTTP] GET /translate/async/659ffd38-26aa-4e7f-9416-2d9f86eaf118 from 127.0.0.1
2025-10-28 08:59:55,979 - services - INFO - [services.py:1287] - [GET_ASYNC_TRANSLATION] Retrieving translation 659ffd38-26aa-4e7f-9416-2d9f86eaf118
2025-10-28 08:59:55,980 - services - INFO - [services.py:1048] - [HTTP] /translate/async/659ffd38-26aa-4e7f-9416-2d9f86eaf118 - Status: 200 - Time: 0.001s
2025-10-28 08:59:57,029 - services - INFO - [services.py:1043] - [HTTP] GET /translate/async/659ffd38-26aa-4e7f-9416-2d9f86eaf118 from 127.0.0.1
2025-10-28 08:59:57,030 - services - INFO - [services.py:1287] - [GET_ASYNC_TRANSLATION] Retrieving translation 659ffd38-26aa-4e7f-9416-2d9f86eaf118
2025-10-28 08:59:57,031 - services - INFO - [services.py:1048] - [HTTP] /translate/async/659ffd38-26aa-4e7f-9416-2d9f86eaf118 - Status: 200 - Time: 0.001s
2025-10-28 08:59:57,944 - services - INFO - [services.py:1043] - [HTTP] GET /translate/async/659ffd38-26aa-4e7f-9416-2d9f86eaf118 from 127.0.0.1
2025-10-28 08:59:57,944 - services - INFO - [services.py:1287] - [GET_ASYNC_TRANSLATION] Retrieving translation 659ffd38-26aa-4e7f-9416-2d9f86eaf118
2025-10-28 08:59:57,944 - services - INFO - [services.py:1048] - [HTTP] /translate/async/659ffd38-26aa-4e7f-9416-2d9f86eaf118 - Status: 200 - Time: 0.001s
2025-10-28 08:59:58,817 - services - INFO - [services.py:1043] - [HTTP] GET /translate/async/659ffd38-26aa-4e7f-9416-2d9f86eaf118 from 127.0.0.1
2025-10-28 08:59:58,818 - services - INFO - [services.py:1287] - [GET_ASYNC_TRANSLATION] Retrieving translation 659ffd38-26aa-4e7f-9416-2d9f86eaf118
2025-10-28 08:59:58,819 - services - INFO - [services.py:1048] - [HTTP] /translate/async/659ffd38-26aa-4e7f-9416-2d9f86eaf118 - Status: 200 - Time: 0.001s
2025-10-28 08:59:59,717 - services - INFO - [services.py:1043] - [HTTP] GET /translate/async/659ffd38-26aa-4e7f-9416-2d9f86eaf118 from 127.0.0.1
2025-10-28 08:59:59,717 - services - INFO - [services.py:1287] - [GET_ASYNC_TRANSLATION] Retrieving translation 659ffd38-26aa-4e7f-9416-2d9f86eaf118
2025-10-28 08:59:59,718 - services - INFO - [services.py:1048] - [HTTP] /translate/async/659ffd38-26aa-4e7f-9416-2d9f86eaf118 - Status: 200 - Time: 0.001s
2025-10-28 09:00:00,710 - services - INFO - [services.py:1043] - [HTTP] GET /translate/async/659ffd38-26aa-4e7f-9416-2d9f86eaf118 from 127.0.0.1
2025-10-28 09:00:00,710 - services - INFO - [services.py:1287] - [GET_ASYNC_TRANSLATION] Retrieving translation 659ffd38-26aa-4e7f-9416-2d9f86eaf118
2025-10-28 09:00:00,711 - services - INFO - [services.py:1048] - [HTTP] /translate/async/659ffd38-26aa-4e7f-9416-2d9f86eaf118 - Status: 200 - Time: 0.001s
2025-10-28 09:00:01,551 - services - INFO - [services.py:1043] - [HTTP] GET /translate/async/659ffd38-26aa-4e7f-9416-2d9f86eaf118 from 127.0.0.1
2025-10-28 09:00:01,551 - services - INFO - [services.py:1287] - [GET_ASYNC_TRANSLATION] Retrieving translation 659ffd38-26aa-4e7f-9416-2d9f86eaf118
2025-10-28 09:00:01,552 - services - INFO - [services.py:1048] - [HTTP] /translate/async/659ffd38-26aa-4e7f-9416-2d9f86eaf118 - Status: 200 - Time: 0.001s
2025-10-28 09:00:01,846 - services - INFO - [services.py:1043] - [HTTP] GET /health from 127.0.0.1
2025-10-28 09:00:01,847 - services - INFO - [services.py:1048] - [HTTP] /health - Status: 200 - Time: 0.001s
2025-10-28 09:00:01,870 - services - INFO - [services.py:1043] - [HTTP] GET /memory from 127.0.0.1
2025-10-28 09:00:01,872 - services - INFO - [services.py:1048] - [HTTP] /memory - Status: 200 - Time: 0.002s
2025-10-28 09:00:02,559 - services - INFO - [services.py:1043] - [HTTP] GET /translate/async/659ffd38-26aa-4e7f-9416-2d9f86eaf118 from 127.0.0.1
2025-10-28 09:00:02,560 - services - INFO - [services.py:1287] - [GET_ASYNC_TRANSLATION] Retrieving translation 659ffd38-26aa-4e7f-9416-2d9f86eaf118
2025-10-28 09:00:02,560 - services - INFO - [services.py:1048] - [HTTP] /translate/async/659ffd38-26aa-4e7f-9416-2d9f86eaf118 - Status: 200 - Time: 0.001s
2025-10-28 09:00:24,217 - services - INFO - [services.py:1043] - [HTTP] GET /translate/async/659ffd38-26aa-4e7f-9416-2d9f86eaf118 from 127.0.0.1
2025-10-28 09:00:24,217 - services - INFO - [services.py:1287] - [GET_ASYNC_TRANSLATION] Retrieving translation 659ffd38-26aa-4e7f-9416-2d9f86eaf118
2025-10-28 09:00:24,218 - services - INFO - [services.py:1048] - [HTTP] /translate/async/659ffd38-26aa-4e7f-9416-2d9f86eaf118 - Status: 200 - Time: 0.001s
2025-10-28 09:00:26,638 - services - INFO - [services.py:1043] - [HTTP] GET /translate/async/659ffd38-26aa-4e7f-9416-2d9f86eaf118 from 127.0.0.1
2025-10-28 09:00:26,638 - services - INFO - [services.py:1287] - [GET_ASYNC_TRANSLATION] Retrieving translation 659ffd38-26aa-4e7f-9416-2d9f86eaf118
2025-10-28 09:00:26,639 - services - INFO - [services.py:1048] - [HTTP] /translate/async/659ffd38-26aa-4e7f-9416-2d9f86eaf118 - Status: 200 - Time: 0.001s
2025-10-28 09:00:28,375 - services - INFO - [services.py:1043] - [HTTP] GET /translate/async/659ffd38-26aa-4e7f-9416-2d9f86eaf118 from 127.0.0.1
2025-10-28 09:00:28,376 - services - INFO - [services.py:1287] - [GET_ASYNC_TRANSLATION] Retrieving translation 659ffd38-26aa-4e7f-9416-2d9f86eaf118
2025-10-28 09:00:28,376 - services - INFO - [services.py:1048] - [HTTP] /translate/async/659ffd38-26aa-4e7f-9416-2d9f86eaf118 - Status: 200 - Time: 0.001s
2025-10-28 09:00:32,944 - services - INFO - [services.py:1043] - [HTTP] GET /translate/async/659ffd38-26aa-4e7f-9416-2d9f86eaf118 from 127.0.0.1
2025-10-28 09:00:32,945 - services - INFO - [services.py:1287] - [GET_ASYNC_TRANSLATION] Retrieving translation 659ffd38-26aa-4e7f-9416-2d9f86eaf118
2025-10-28 09:00:32,945 - services - INFO - [services.py:1048] - [HTTP] /translate/async/659ffd38-26aa-4e7f-9416-2d9f86eaf118 - Status: 200 - Time: 0.001s
2025-10-28 09:00:39,976 - services - INFO - [services.py:1043] - [HTTP] GET /translate/async/659ffd38-26aa-4e7f-9416-2d9f86eaf118 from 127.0.0.1
2025-10-28 09:00:39,977 - services - INFO - [services.py:1287] - [GET_ASYNC_TRANSLATION] Retrieving translation 659ffd38-26aa-4e7f-9416-2d9f86eaf118
2025-10-28 09:00:39,977 - services - INFO - [services.py:1048] - [HTTP] /translate/async/659ffd38-26aa-4e7f-9416-2d9f86eaf118 - Status: 200 - Time: 0.001s
2025-10-28 09:00:41,025 - services - INFO - [services.py:1043] - [HTTP] GET /translate/async/659ffd38-26aa-4e7f-9416-2d9f86eaf118 from 127.0.0.1
2025-10-28 09:00:41,026 - services - INFO - [services.py:1287] - [GET_ASYNC_TRANSLATION] Retrieving translation 659ffd38-26aa-4e7f-9416-2d9f86eaf118
2025-10-28 09:00:41,026 - services - INFO - [services.py:1048] - [HTTP] /translate/async/659ffd38-26aa-4e7f-9416-2d9f86eaf118 - Status: 200 - Time: 0.001s
2025-10-28 09:00:42,074 - services - INFO - [services.py:1043] - [HTTP] GET /translate/async/659ffd38-26aa-4e7f-9416-2d9f86eaf118 from 127.0.0.1
2025-10-28 09:00:42,074 - services - INFO - [services.py:1287] - [GET_ASYNC_TRANSLATION] Retrieving translation 659ffd38-26aa-4e7f-9416-2d9f86eaf118
2025-10-28 09:00:42,075 - services - INFO - [services.py:1048] - [HTTP] /translate/async/659ffd38-26aa-4e7f-9416-2d9f86eaf118 - Status: 200 - Time: 0.001s
2025-10-28 09:00:43,254 - services - INFO - [services.py:1043] - [HTTP] GET /translate/async/659ffd38-26aa-4e7f-9416-2d9f86eaf118 from 127.0.0.1
2025-10-28 09:00:43,254 - services - INFO - [services.py:1287] - [GET_ASYNC_TRANSLATION] Retrieving translation 659ffd38-26aa-4e7f-9416-2d9f86eaf118
2025-10-28 09:00:43,254 - services - INFO - [services.py:1048] - [HTTP] /translate/async/659ffd38-26aa-4e7f-9416-2d9f86eaf118 - Status: 200 - Time: 0.001s
2025-10-28 09:00:48,528 - services - INFO - [services.py:1043] - [HTTP] GET /translate/async/659ffd38-26aa-4e7f-9416-2d9f86eaf118 from 127.0.0.1
2025-10-28 09:00:48,528 - services - INFO - [services.py:1287] - [GET_ASYNC_TRANSLATION] Retrieving translation 659ffd38-26aa-4e7f-9416-2d9f86eaf118
2025-10-28 09:00:48,528 - services - INFO - [services.py:1048] - [HTTP] /translate/async/659ffd38-26aa-4e7f-9416-2d9f86eaf118 - Status: 200 - Time: 0.001s
2025-10-28 09:00:49,807 - services - INFO - [services.py:1043] - [HTTP] GET /translate/async/659ffd38-26aa-4e7f-9416-2d9f86eaf118 from 127.0.0.1
2025-10-28 09:00:49,808 - services - INFO - [services.py:1287] - [GET_ASYNC_TRANSLATION] Retrieving translation 659ffd38-26aa-4e7f-9416-2d9f86eaf118
2025-10-28 09:00:49,808 - services - INFO - [services.py:1048] - [HTTP] /translate/async/659ffd38-26aa-4e7f-9416-2d9f86eaf118 - Status: 200 - Time: 0.001s
2025-10-28 09:00:50,953 - services - INFO - [services.py:1043] - [HTTP] GET /translate/async/659ffd38-26aa-4e7f-9416-2d9f86eaf118 from 127.0.0.1
2025-10-28 09:00:50,954 - services - INFO - [services.py:1287] - [GET_ASYNC_TRANSLATION] Retrieving translation 659ffd38-26aa-4e7f-9416-2d9f86eaf118
2025-10-28 09:00:50,954 - services - INFO - [services.py:1048] - [HTTP] /translate/async/659ffd38-26aa-4e7f-9416-2d9f86eaf118 - Status: 200 - Time: 0.001s
2025-10-28 09:00:52,942 - services - DEBUG - [services.py:880] - Generated 166 tokens
2025-10-28 09:00:52,942 - services - INFO - [services.py:712] - [e176d80d] Translation completed in 95.67s
2025-10-28 09:00:52,942 - services - DEBUG - [services.py:717] - [e176d80d] GPU memory after translation: 3.70GB
2025-10-28 09:00:52,942 - services - INFO - [services.py:61] - [REQUEST_END] ID: e176d80d, Status: success, Error: None
2025-10-28 09:00:52,942 - services - INFO - [services.py:726] - [e176d80d] Translation successful
2025-10-28 09:00:52,943 - services - INFO - [services.py:138] - Saved async translation: 659ffd38-26aa-4e7f-9416-2d9f86eaf118
2025-10-28 09:00:52,943 - services - INFO - [services.py:1228] - [BACKGROUND] Translation 659ffd38-26aa-4e7f-9416-2d9f86eaf118 completed successfully
2025-10-28 09:01:01,851 - services - INFO - [services.py:1043] - [HTTP] GET /health from 127.0.0.1
2025-10-28 09:01:01,852 - services - INFO - [services.py:1048] - [HTTP] /health - Status: 200 - Time: 0.001s
2025-10-28 09:01:01,861 - services - INFO - [services.py:1043] - [HTTP] GET /memory from 127.0.0.1
2025-10-28 09:01:01,862 - services - INFO - [services.py:1048] - [HTTP] /memory - Status: 200 - Time: 0.001s
2025-10-28 09:01:03,969 - services - INFO - [services.py:1043] - [HTTP] GET /translate/async/659ffd38-26aa-4e7f-9416-2d9f86eaf118 from 127.0.0.1
2025-10-28 09:01:03,969 - services - INFO - [services.py:1287] - [GET_ASYNC_TRANSLATION] Retrieving translation 659ffd38-26aa-4e7f-9416-2d9f86eaf118
2025-10-28 09:01:03,970 - services - INFO - [services.py:1048] - [HTTP] /translate/async/659ffd38-26aa-4e7f-9416-2d9f86eaf118 - Status: 200 - Time: 0.001s
2025-10-28 09:02:01,815 - services - INFO - [services.py:1043] - [HTTP] GET /health from 127.0.0.1
2025-10-28 09:02:01,815 - services - INFO - [services.py:1048] - [HTTP] /health - Status: 200 - Time: 0.001s
2025-10-28 09:02:02,127 - services - INFO - [services.py:1043] - [HTTP] GET /memory from 127.0.0.1
2025-10-28 09:02:02,128 - services - INFO - [services.py:1048] - [HTTP] /memory - Status: 200 - Time: 0.001s
2025-10-28 09:03:01,809 - services - INFO - [services.py:1043] - [HTTP] GET /memory from 127.0.0.1
2025-10-28 09:03:01,809 - services - INFO - [services.py:1048] - [HTTP] /memory - Status: 200 - Time: 0.001s
2025-10-28 09:03:01,826 - services - INFO - [services.py:1043] - [HTTP] GET /health from 127.0.0.1
2025-10-28 09:03:01,826 - services - INFO - [services.py:1048] - [HTTP] /health - Status: 200 - Time: 0.000s
2025-10-28 09:04:01,836 - services - INFO - [services.py:1043] - [HTTP] GET /health from 127.0.0.1
2025-10-28 09:04:01,837 - services - INFO - [services.py:1048] - [HTTP] /health - Status: 200 - Time: 0.001s
2025-10-28 09:04:01,908 - services - INFO - [services.py:1043] - [HTTP] GET /memory from 127.0.0.1
2025-10-28 09:04:01,909 - services - INFO - [services.py:1048] - [HTTP] /memory - Status: 200 - Time: 0.001s
2025-10-28 09:05:01,823 - services - INFO - [services.py:1043] - [HTTP] GET /health from 127.0.0.1
2025-10-28 09:05:01,823 - services - INFO - [services.py:1048] - [HTTP] /health - Status: 200 - Time: 0.001s
2025-10-28 09:05:01,847 - services - INFO - [services.py:1043] - [HTTP] GET /memory from 127.0.0.1
2025-10-28 09:05:01,848 - services - INFO - [services.py:1048] - [HTTP] /memory - Status: 200 - Time: 0.001s
2025-10-28 09:06:01,824 - services - INFO - [services.py:1043] - [HTTP] GET /health from 127.0.0.1
2025-10-28 09:06:01,825 - services - INFO - [services.py:1048] - [HTTP] /health - Status: 200 - Time: 0.001s
2025-10-28 09:06:01,833 - services - INFO - [services.py:1043] - [HTTP] GET /memory from 127.0.0.1
2025-10-28 09:06:01,834 - services - INFO - [services.py:1048] - [HTTP] /memory - Status: 200 - Time: 0.001s
2025-10-28 09:07:01,133 - services - INFO - [services.py:1043] - [HTTP] GET /health from 127.0.0.1
2025-10-28 09:07:01,134 - services - INFO - [services.py:1048] - [HTTP] /health - Status: 200 - Time: 0.001s
2025-10-28 09:07:01,145 - services - INFO - [services.py:1043] - [HTTP] GET /memory from 127.0.0.1
2025-10-28 09:07:01,146 - services - INFO - [services.py:1048] - [HTTP] /memory - Status: 200 - Time: 0.001s
2025-10-28 09:07:03,819 - services - INFO - [services.py:1043] - [HTTP] GET /health from 127.0.0.1
2025-10-28 09:07:03,819 - services - INFO - [services.py:1048] - [HTTP] /health - Status: 200 - Time: 0.001s
2025-10-28 09:07:03,835 - services - INFO - [services.py:1043] - [HTTP] GET /memory from 127.0.0.1
2025-10-28 09:07:03,836 - services - INFO - [services.py:1048] - [HTTP] /memory - Status: 200 - Time: 0.001s
2025-10-28 09:07:13,839 - services - INFO - [services.py:1043] - [HTTP] GET /memory from 127.0.0.1
2025-10-28 09:07:13,840 - services - INFO - [services.py:1048] - [HTTP] /memory - Status: 200 - Time: 0.001s
2025-10-28 09:07:23,906 - services - INFO - [services.py:1043] - [HTTP] GET /memory from 127.0.0.1
2025-10-28 09:07:23,907 - services - INFO - [services.py:1048] - [HTTP] /memory - Status: 200 - Time: 0.001s
2025-10-28 09:07:33,823 - services - INFO - [services.py:1043] - [HTTP] GET /health from 127.0.0.1
2025-10-28 09:07:33,823 - services - INFO - [services.py:1048] - [HTTP] /health - Status: 200 - Time: 0.000s
2025-10-28 09:07:33,859 - services - INFO - [services.py:1043] - [HTTP] GET /memory from 127.0.0.1
2025-10-28 09:07:33,860 - services - INFO - [services.py:1048] - [HTTP] /memory - Status: 200 - Time: 0.001s
2025-10-28 09:07:43,863 - services - INFO - [services.py:1043] - [HTTP] GET /memory from 127.0.0.1
2025-10-28 09:07:43,864 - services - INFO - [services.py:1048] - [HTTP] /memory - Status: 200 - Time: 0.001s
2025-10-28 09:07:53,832 - services - INFO - [services.py:1043] - [HTTP] GET /memory from 127.0.0.1
2025-10-28 09:07:53,833 - services - INFO - [services.py:1048] - [HTTP] /memory - Status: 200 - Time: 0.001s
2025-10-28 09:08:23,485 - services - INFO - [services.py:1043] - [HTTP] GET /health from 127.0.0.1
2025-10-28 09:08:23,486 - services - INFO - [services.py:1048] - [HTTP] /health - Status: 200 - Time: 0.001s
2025-10-28 09:08:23,502 - services - INFO - [services.py:1043] - [HTTP] GET /memory from 127.0.0.1
2025-10-28 09:08:23,503 - services - INFO - [services.py:1048] - [HTTP] /memory - Status: 200 - Time: 0.001s
2025-10-28 09:08:33,826 - services - INFO - [services.py:1043] - [HTTP] GET /health from 127.0.0.1
2025-10-28 09:08:33,827 - services - INFO - [services.py:1048] - [HTTP] /health - Status: 200 - Time: 0.001s
2025-10-28 09:08:33,840 - services - INFO - [services.py:1043] - [HTTP] GET /memory from 127.0.0.1
2025-10-28 09:08:33,841 - services - INFO - [services.py:1048] - [HTTP] /memory - Status: 200 - Time: 0.001s
2025-10-28 09:08:44,166 - services - INFO - [services.py:1043] - [HTTP] GET /memory from 127.0.0.1
2025-10-28 09:08:44,166 - services - INFO - [services.py:1048] - [HTTP] /memory - Status: 200 - Time: 0.001s
2025-10-28 09:08:53,794 - services - INFO - [services.py:1043] - [HTTP] GET /memory from 127.0.0.1
2025-10-28 09:08:53,794 - services - INFO - [services.py:1048] - [HTTP] /memory - Status: 200 - Time: 0.001s
2025-10-28 09:09:03,858 - services - INFO - [services.py:1043] - [HTTP] GET /memory from 127.0.0.1
2025-10-28 09:09:03,859 - services - INFO - [services.py:1043] - [HTTP] GET /health from 127.0.0.1
2025-10-28 09:09:03,859 - services - INFO - [services.py:1048] - [HTTP] /memory - Status: 200 - Time: 0.001s
2025-10-28 09:09:03,860 - services - INFO - [services.py:1048] - [HTTP] /health - Status: 200 - Time: 0.001s
2025-10-28 09:09:13,835 - services - INFO - [services.py:1043] - [HTTP] GET /memory from 127.0.0.1
2025-10-28 09:09:13,836 - services - INFO - [services.py:1048] - [HTTP] /memory - Status: 200 - Time: 0.001s
2025-10-28 09:09:23,846 - services - INFO - [services.py:1043] - [HTTP] GET /memory from 127.0.0.1
2025-10-28 09:09:23,848 - services - INFO - [services.py:1048] - [HTTP] /memory - Status: 200 - Time: 0.001s
2025-10-28 09:10:01,828 - services - INFO - [services.py:1043] - [HTTP] GET /health from 127.0.0.1
2025-10-28 09:10:01,829 - services - INFO - [services.py:1048] - [HTTP] /health - Status: 200 - Time: 0.001s
2025-10-28 09:10:01,874 - services - INFO - [services.py:1043] - [HTTP] GET /memory from 127.0.0.1
2025-10-28 09:10:01,875 - services - INFO - [services.py:1048] - [HTTP] /memory - Status: 200 - Time: 0.001s
2025-10-28 09:11:01,889 - services - INFO - [services.py:1043] - [HTTP] GET /health from 127.0.0.1
2025-10-28 09:11:01,890 - services - INFO - [services.py:1043] - [HTTP] GET /memory from 127.0.0.1
2025-10-28 09:11:01,891 - services - INFO - [services.py:1048] - [HTTP] /health - Status: 200 - Time: 0.001s
2025-10-28 09:11:01,891 - services - INFO - [services.py:1048] - [HTTP] /memory - Status: 200 - Time: 0.001s
2025-10-28 09:12:01,806 - services - INFO - [services.py:1043] - [HTTP] GET /memory from 127.0.0.1
2025-10-28 09:12:01,807 - services - INFO - [services.py:1048] - [HTTP] /memory - Status: 200 - Time: 0.001s
2025-10-28 09:12:01,823 - services - INFO - [services.py:1043] - [HTTP] GET /health from 127.0.0.1
2025-10-28 09:12:01,824 - services - INFO - [services.py:1048] - [HTTP] /health - Status: 200 - Time: 0.001s
2025-10-28 09:13:01,809 - services - INFO - [services.py:1043] - [HTTP] GET /health from 127.0.0.1
2025-10-28 09:13:01,810 - services - INFO - [services.py:1048] - [HTTP] /health - Status: 200 - Time: 0.001s
2025-10-28 09:13:01,827 - services - INFO - [services.py:1043] - [HTTP] GET /memory from 127.0.0.1
2025-10-28 09:13:01,828 - services - INFO - [services.py:1048] - [HTTP] /memory - Status: 200 - Time: 0.001s
2025-10-28 09:14:01,820 - services - INFO - [services.py:1043] - [HTTP] GET /memory from 127.0.0.1
2025-10-28 09:14:01,820 - services - INFO - [services.py:1048] - [HTTP] /memory - Status: 200 - Time: 0.001s
2025-10-28 09:14:01,872 - services - INFO - [services.py:1043] - [HTTP] GET /health from 127.0.0.1
2025-10-28 09:14:01,873 - services - INFO - [services.py:1048] - [HTTP] /health - Status: 200 - Time: 0.001s
2025-10-28 09:15:01,809 - services - INFO - [services.py:1043] - [HTTP] GET /memory from 127.0.0.1
2025-10-28 09:15:01,810 - services - INFO - [services.py:1048] - [HTTP] /memory - Status: 200 - Time: 0.001s
2025-10-28 09:15:01,814 - services - INFO - [services.py:1043] - [HTTP] GET /health from 127.0.0.1
2025-10-28 09:15:01,814 - services - INFO - [services.py:1048] - [HTTP] /health - Status: 200 - Time: 0.000s
2025-10-28 09:16:01,868 - services - INFO - [services.py:1043] - [HTTP] GET /health from 127.0.0.1
2025-10-28 09:16:01,869 - services - INFO - [services.py:1048] - [HTTP] /health - Status: 200 - Time: 0.001s
2025-10-28 09:16:01,871 - services - INFO - [services.py:1043] - [HTTP] GET /memory from 127.0.0.1
2025-10-28 09:16:01,873 - services - INFO - [services.py:1048] - [HTTP] /memory - Status: 200 - Time: 0.002s
2025-10-28 09:16:41,544 - services - INFO - [services.py:1043] - [HTTP] GET /health from 127.0.0.1
2025-10-28 09:16:41,544 - services - INFO - [services.py:1048] - [HTTP] /health - Status: 200 - Time: 0.001s
2025-10-28 09:16:41,569 - services - INFO - [services.py:1043] - [HTTP] GET /memory from 127.0.0.1
2025-10-28 09:16:41,570 - services - INFO - [services.py:1048] - [HTTP] /memory - Status: 200 - Time: 0.001s
2025-10-28 09:16:43,850 - services - INFO - [services.py:1043] - [HTTP] GET /memory from 127.0.0.1
2025-10-28 09:16:43,850 - services - INFO - [services.py:1048] - [HTTP] /memory - Status: 200 - Time: 0.001s
2025-10-28 09:16:53,831 - services - INFO - [services.py:1043] - [HTTP] GET /memory from 127.0.0.1
2025-10-28 09:16:53,832 - services - INFO - [services.py:1048] - [HTTP] /memory - Status: 200 - Time: 0.001s
2025-10-28 09:17:03,839 - services - INFO - [services.py:1043] - [HTTP] GET /memory from 127.0.0.1
2025-10-28 09:17:03,840 - services - INFO - [services.py:1048] - [HTTP] /memory - Status: 200 - Time: 0.001s
2025-10-28 09:17:03,849 - services - INFO - [services.py:1043] - [HTTP] GET /health from 127.0.0.1
2025-10-28 09:17:03,850 - services - INFO - [services.py:1048] - [HTTP] /health - Status: 200 - Time: 0.000s
2025-10-28 09:17:13,815 - services - INFO - [services.py:1043] - [HTTP] GET /memory from 127.0.0.1
2025-10-28 09:17:13,815 - services - INFO - [services.py:1048] - [HTTP] /memory - Status: 200 - Time: 0.001s
2025-10-28 09:17:23,848 - services - INFO - [services.py:1043] - [HTTP] GET /memory from 127.0.0.1
2025-10-28 09:17:23,849 - services - INFO - [services.py:1048] - [HTTP] /memory - Status: 200 - Time: 0.001s
2025-10-28 09:17:33,862 - services - INFO - [services.py:1043] - [HTTP] GET /memory from 127.0.0.1
2025-10-28 09:17:33,863 - services - INFO - [services.py:1048] - [HTTP] /memory - Status: 200 - Time: 0.001s
2025-10-28 09:17:33,880 - services - INFO - [services.py:1043] - [HTTP] GET /health from 127.0.0.1
2025-10-28 09:17:33,880 - services - INFO - [services.py:1048] - [HTTP] /health - Status: 200 - Time: 0.000s
2025-10-28 09:18:01,825 - services - INFO - [services.py:1043] - [HTTP] GET /memory from 127.0.0.1
2025-10-28 09:18:01,827 - services - INFO - [services.py:1048] - [HTTP] /memory - Status: 200 - Time: 0.001s
2025-10-28 09:19:01,821 - services - INFO - [services.py:1043] - [HTTP] GET /health from 127.0.0.1
2025-10-28 09:19:01,822 - services - INFO - [services.py:1048] - [HTTP] /health - Status: 200 - Time: 0.001s
2025-10-28 09:19:01,837 - services - INFO - [services.py:1043] - [HTTP] GET /memory from 127.0.0.1
2025-10-28 09:19:01,838 - services - INFO - [services.py:1048] - [HTTP] /memory - Status: 200 - Time: 0.001s
2025-10-28 09:20:01,858 - services - INFO - [services.py:1043] - [HTTP] GET /health from 127.0.0.1
2025-10-28 09:20:01,859 - services - INFO - [services.py:1048] - [HTTP] /health - Status: 200 - Time: 0.001s
2025-10-28 09:20:01,881 - services - INFO - [services.py:1043] - [HTTP] GET /memory from 127.0.0.1
2025-10-28 09:20:01,882 - services - INFO - [services.py:1048] - [HTTP] /memory - Status: 200 - Time: 0.001s
2025-10-28 09:21:01,844 - services - INFO - [services.py:1043] - [HTTP] GET /health from 127.0.0.1
2025-10-28 09:21:01,845 - services - INFO - [services.py:1048] - [HTTP] /health - Status: 200 - Time: 0.001s
2025-10-28 09:21:01,857 - services - INFO - [services.py:1043] - [HTTP] GET /memory from 127.0.0.1
2025-10-28 09:21:01,858 - services - INFO - [services.py:1048] - [HTTP] /memory - Status: 200 - Time: 0.001s
2025-10-28 09:22:01,846 - services - INFO - [services.py:1043] - [HTTP] GET /health from 127.0.0.1
2025-10-28 09:22:01,846 - services - INFO - [services.py:1048] - [HTTP] /health - Status: 200 - Time: 0.001s
2025-10-28 09:22:01,884 - services - INFO - [services.py:1043] - [HTTP] GET /memory from 127.0.0.1
2025-10-28 09:22:01,885 - services - INFO - [services.py:1048] - [HTTP] /memory - Status: 200 - Time: 0.001s
2025-10-28 09:23:01,870 - services - INFO - [services.py:1043] - [HTTP] GET /health from 127.0.0.1
2025-10-28 09:23:01,870 - services - INFO - [services.py:1048] - [HTTP] /health - Status: 200 - Time: 0.001s
2025-10-28 09:23:01,871 - services - INFO - [services.py:1043] - [HTTP] GET /memory from 127.0.0.1
2025-10-28 09:23:01,872 - services - INFO - [services.py:1048] - [HTTP] /memory - Status: 200 - Time: 0.001s
2025-10-28 09:24:01,828 - services - INFO - [services.py:1043] - [HTTP] GET /health from 127.0.0.1
2025-10-28 09:24:01,828 - services - INFO - [services.py:1048] - [HTTP] /health - Status: 200 - Time: 0.000s
2025-10-28 09:24:01,843 - services - INFO - [services.py:1043] - [HTTP] GET /memory from 127.0.0.1
2025-10-28 09:24:01,844 - services - INFO - [services.py:1048] - [HTTP] /memory - Status: 200 - Time: 0.001s
2025-10-28 09:25:01,858 - services - INFO - [services.py:1043] - [HTTP] GET /health from 127.0.0.1
2025-10-28 09:25:01,859 - services - INFO - [services.py:1048] - [HTTP] /health - Status: 200 - Time: 0.001s
2025-10-28 09:25:01,875 - services - INFO - [services.py:1043] - [HTTP] GET /memory from 127.0.0.1
2025-10-28 09:25:01,876 - services - INFO - [services.py:1048] - [HTTP] /memory - Status: 200 - Time: 0.001s
2025-10-28 09:25:24,170 - services - INFO - [services.py:1043] - [HTTP] GET /memory from 127.0.0.1
2025-10-28 09:25:24,172 - services - INFO - [services.py:1048] - [HTTP] /memory - Status: 200 - Time: 0.002s
2025-10-28 09:25:24,195 - services - INFO - [services.py:1043] - [HTTP] GET /health from 127.0.0.1
2025-10-28 09:25:24,195 - services - INFO - [services.py:1048] - [HTTP] /health - Status: 200 - Time: 0.000s
2025-10-28 09:43:22,580 - services - INFO - [services.py:1013] - ==================================================
2025-10-28 09:43:22,580 - services - INFO - [services.py:1014] - SHUTTING DOWN FASTAPI TRANSLATION SERVICE
2025-10-28 09:43:22,580 - services - INFO - [services.py:1015] - ==================================================
2025-10-28 09:43:22,580 - services - INFO - [services.py:912] - Freeing GPU memory...
2025-10-28 09:43:22,949 - services - INFO - [services.py:945] - GPU memory freed successfully
2025-10-28 09:43:22,949 - services - INFO - [services.py:1018] - Service shutdown complete
2025-10-28 09:43:26,005 - services - INFO - [services.py:1002] - ==================================================
2025-10-28 09:43:26,005 - services - INFO - [services.py:1003] - STARTING FASTAPI TRANSLATION SERVICE
2025-10-28 09:43:26,005 - services - INFO - [services.py:1004] - ==================================================
2025-10-28 09:43:26,005 - services - INFO - [services.py:336] - ==================================================
2025-10-28 09:43:26,005 - services - INFO - [services.py:337] - Initializing ModelManager
2025-10-28 09:43:26,005 - services - INFO - [services.py:338] - ==================================================
2025-10-28 09:43:26,005 - services - INFO - [services.py:411] - Loading config from /home/anews/NewsPic_G/translate_services/config.json
2025-10-28 09:43:26,006 - services - INFO - [services.py:414] - Config file loaded successfully
2025-10-28 09:43:26,006 - services - INFO - [services.py:439] - Configuration loaded. Max input tokens: 2048
2025-10-28 09:43:26,006 - services - INFO - [services.py:360] - Config loaded successfully
2025-10-28 09:43:26,006 - services - INFO - [services.py:367] - Attempting to load model during initialization...
2025-10-28 09:43:26,006 - services - INFO - [services.py:477] - ==================================================
2025-10-28 09:43:26,006 - services - INFO - [services.py:478] - STARTING MODEL LOAD PROCESS
2025-10-28 09:43:26,006 - services - INFO - [services.py:479] - ==================================================
2025-10-28 09:43:26,006 - services - INFO - [services.py:491] - Model ID: /home/anews/PS/translate/YanoljaNEXT-Rosetta-4B-2510
2025-10-28 09:43:26,006 - services - INFO - [services.py:500] - Using dtype: torch.bfloat16
2025-10-28 09:43:26,006 - services - INFO - [services.py:512] - Memory allocation - GPU: 4GB, CPU: 5GB
2025-10-28 09:43:26,006 - services - INFO - [services.py:519] - Offload folder: /tmp/model_offload
2025-10-28 09:43:26,007 - services - INFO - [services.py:522] - Loading tokenizer...
2025-10-28 09:43:27,291 - services - INFO - [services.py:532] - ✓ Tokenizer loaded successfully
2025-10-28 09:43:27,291 - services - INFO - [services.py:535] - Loading model weights (this may take a few minutes)...
2025-10-28 09:43:42,002 - accelerate.big_modeling - WARNING - [big_modeling.py:442] - Some parameters are on the meta device because they were offloaded to the cpu.
2025-10-28 09:43:42,003 - services - INFO - [services.py:547] - ✓ Model loaded successfully
2025-10-28 09:43:42,003 - services - INFO - [services.py:555] - GPU Memory Status:
2025-10-28 09:43:42,003 - services - INFO - [services.py:556] -   - Allocated: 3.54 GB
2025-10-28 09:43:42,003 - services - INFO - [services.py:557] -   - Reserved: 3.54 GB
2025-10-28 09:43:42,003 - services - INFO - [services.py:558] -   - Total: 23.56 GB
2025-10-28 09:43:42,004 - services - INFO - [services.py:559] -   - Free: 20.02 GB
2025-10-28 09:43:42,004 - services - INFO - [services.py:561] - ==================================================
2025-10-28 09:43:42,004 - services - INFO - [services.py:562] - MODEL LOADING COMPLETE - SUCCESS
2025-10-28 09:43:42,004 - services - INFO - [services.py:563] - ==================================================
2025-10-28 09:43:42,004 - services - INFO - [services.py:372] - Model loaded successfully during initialization
2025-10-28 09:43:42,004 - services - INFO - [services.py:1013] - ✓ Model Service started successfully with model loaded
2025-10-28 09:43:50,897 - services - INFO - [services.py:1051] - [HTTP] GET /health from 127.0.0.1
2025-10-28 09:43:50,897 - services - INFO - [services.py:1056] - [HTTP] /health - Status: 200 - Time: 0.001s
2025-10-28 09:44:17,633 - services - INFO - [services.py:1051] - [HTTP] POST /translate/async from 127.0.0.1
2025-10-28 09:44:17,633 - services - INFO - [services.py:1191] - [TRANSLATE_ASYNC] Received async request for 96 chars to Persian
2025-10-28 09:44:17,634 - services - INFO - [services.py:1295] - [TRANSLATE_ASYNC] Returning UUID 6c80549b-0ae9-4367-b279-2e3b7c81d650 immediately
2025-10-28 09:44:17,634 - services - INFO - [services.py:1056] - [HTTP] /translate/async - Status: 200 - Time: 0.001s
2025-10-28 09:44:17,634 - services - INFO - [services.py:1207] - [BACKGROUND] Starting translation for 6c80549b-0ae9-4367-b279-2e3b7c81d650
2025-10-28 09:44:17,635 - services - INFO - [services.py:138] - Saved async translation: 6c80549b-0ae9-4367-b279-2e3b7c81d650
2025-10-28 09:44:17,635 - services - INFO - [services.py:664] - [TRANSLATE_START] Request ID: 4cea32b4, Text length: 96 chars
2025-10-28 09:44:17,635 - services - INFO - [services.py:52] - [REQUEST_START] ID: 4cea32b4, Text length: 96
2025-10-28 09:44:17,635 - services - DEBUG - [services.py:687] - [4cea32b4] Validating input length...
2025-10-28 09:44:17,636 - services - INFO - [services.py:696] - [4cea32b4] Input validated: 20 tokens
2025-10-28 09:44:17,636 - services - DEBUG - [services.py:699] - [4cea32b4] Checking memory availability...
2025-10-28 09:44:17,636 - services - DEBUG - [services.py:710] - [4cea32b4] GPU memory before translation: 3.54GB
2025-10-28 09:44:17,636 - services - INFO - [services.py:714] - [4cea32b4] Starting translation...
2025-10-28 09:44:17,636 - services - DEBUG - [services.py:802] - Starting internal translation
2025-10-28 09:44:17,636 - services - DEBUG - [services.py:810] - Target language: Persian
2025-10-28 09:44:17,636 - services - DEBUG - [services.py:837] - Creating prompt...
2025-10-28 09:44:17,640 - services - DEBUG - [services.py:845] - Tokenizing input...
2025-10-28 09:44:17,662 - services - DEBUG - [services.py:858] - Input tokenized: 69 tokens
2025-10-28 09:44:17,662 - services - DEBUG - [services.py:870] - Generating with max_new_tokens=1979
2025-10-28 09:44:34,151 - services - DEBUG - [services.py:888] - Generated 28 tokens
2025-10-28 09:44:34,151 - services - INFO - [services.py:720] - [4cea32b4] Translation completed in 16.52s
2025-10-28 09:44:34,152 - services - DEBUG - [services.py:725] - [4cea32b4] GPU memory after translation: 3.70GB
2025-10-28 09:44:34,152 - services - INFO - [services.py:61] - [REQUEST_END] ID: 4cea32b4, Status: success, Error: None
2025-10-28 09:44:34,152 - services - INFO - [services.py:734] - [4cea32b4] Translation successful
2025-10-28 09:44:34,152 - services - INFO - [services.py:138] - Saved async translation: 6c80549b-0ae9-4367-b279-2e3b7c81d650
2025-10-28 09:44:34,152 - services - INFO - [services.py:1246] - [BACKGROUND] Translation 6c80549b-0ae9-4367-b279-2e3b7c81d650 completed successfully
2025-10-28 09:44:38,160 - services - INFO - [services.py:1051] - [HTTP] GET /translate/async/6c80549b-0ae9-4367-b279-2e3b7c81d650 from 127.0.0.1
2025-10-28 09:44:38,160 - services - INFO - [services.py:1306] - [GET_ASYNC_TRANSLATION] Retrieving translation 6c80549b-0ae9-4367-b279-2e3b7c81d650
2025-10-28 09:44:38,160 - services - INFO - [services.py:1056] - [HTTP] /translate/async/6c80549b-0ae9-4367-b279-2e3b7c81d650 - Status: 200 - Time: 0.001s
2025-10-28 09:44:42,111 - services - INFO - [services.py:1051] - [HTTP] GET /translate/async/6c80549b-0ae9-4367-b279-2e3b7c81d650 from 127.0.0.1
2025-10-28 09:44:42,112 - services - INFO - [services.py:1306] - [GET_ASYNC_TRANSLATION] Retrieving translation 6c80549b-0ae9-4367-b279-2e3b7c81d650
2025-10-28 09:44:42,112 - services - INFO - [services.py:1056] - [HTTP] /translate/async/6c80549b-0ae9-4367-b279-2e3b7c81d650 - Status: 200 - Time: 0.001s
2025-10-28 09:54:02,768 - services - INFO - [services.py:1051] - [HTTP] POST /translate/async from 127.0.0.1
2025-10-28 09:54:02,863 - services - INFO - [services.py:1191] - [TRANSLATE_ASYNC] Received async request for 211 chars to Persian
2025-10-28 09:54:02,873 - services - INFO - [services.py:1295] - [TRANSLATE_ASYNC] Returning UUID 0e222b0a-0bfe-4368-8ff4-254a177d67bb immediately
2025-10-28 09:54:02,886 - services - INFO - [services.py:1056] - [HTTP] /translate/async - Status: 200 - Time: 0.127s
2025-10-28 09:54:02,911 - services - INFO - [services.py:1207] - [BACKGROUND] Starting translation for 0e222b0a-0bfe-4368-8ff4-254a177d67bb
2025-10-28 09:54:02,921 - services - INFO - [services.py:138] - Saved async translation: 0e222b0a-0bfe-4368-8ff4-254a177d67bb
2025-10-28 09:54:02,922 - services - INFO - [services.py:664] - [TRANSLATE_START] Request ID: 7850047b, Text length: 211 chars
2025-10-28 09:54:02,924 - services - INFO - [services.py:52] - [REQUEST_START] ID: 7850047b, Text length: 211
2025-10-28 09:54:02,924 - services - DEBUG - [services.py:687] - [7850047b] Validating input length...
2025-10-28 09:54:03,056 - services - INFO - [services.py:696] - [7850047b] Input validated: 50 tokens
2025-10-28 09:54:03,056 - services - DEBUG - [services.py:699] - [7850047b] Checking memory availability...
2025-10-28 09:54:03,078 - services - DEBUG - [services.py:710] - [7850047b] GPU memory before translation: 3.70GB
2025-10-28 09:54:03,078 - services - INFO - [services.py:714] - [7850047b] Starting translation...
2025-10-28 09:54:03,079 - services - DEBUG - [services.py:802] - Starting internal translation
2025-10-28 09:54:03,079 - services - DEBUG - [services.py:810] - Target language: Persian
2025-10-28 09:54:03,080 - services - DEBUG - [services.py:837] - Creating prompt...
2025-10-28 09:54:03,097 - services - DEBUG - [services.py:845] - Tokenizing input...
2025-10-28 09:54:03,171 - services - DEBUG - [services.py:858] - Input tokenized: 99 tokens
2025-10-28 09:54:03,172 - services - DEBUG - [services.py:870] - Generating with max_new_tokens=1949
2025-10-28 09:55:06,796 - services - DEBUG - [services.py:888] - Generated 81 tokens
2025-10-28 09:55:06,797 - services - INFO - [services.py:720] - [7850047b] Translation completed in 63.72s
2025-10-28 09:55:06,797 - services - DEBUG - [services.py:725] - [7850047b] GPU memory after translation: 3.70GB
2025-10-28 09:55:06,797 - services - INFO - [services.py:61] - [REQUEST_END] ID: 7850047b, Status: success, Error: None
2025-10-28 09:55:06,797 - services - INFO - [services.py:734] - [7850047b] Translation successful
2025-10-28 09:55:06,798 - services - INFO - [services.py:138] - Saved async translation: 0e222b0a-0bfe-4368-8ff4-254a177d67bb
2025-10-28 09:55:06,798 - services - INFO - [services.py:1246] - [BACKGROUND] Translation 0e222b0a-0bfe-4368-8ff4-254a177d67bb completed successfully
2025-10-28 10:02:07,910 - services - INFO - [services.py:1051] - [HTTP] POST /translate/async from 127.0.0.1
2025-10-28 10:02:07,912 - services - INFO - [services.py:1191] - [TRANSLATE_ASYNC] Received async request for 211 chars to Persian
2025-10-28 10:02:07,912 - services - INFO - [services.py:1295] - [TRANSLATE_ASYNC] Returning UUID 87a15504-be60-4af1-a311-9e27224866c8 immediately
2025-10-28 10:02:07,913 - services - INFO - [services.py:1056] - [HTTP] /translate/async - Status: 200 - Time: 0.003s
2025-10-28 10:02:07,913 - services - INFO - [services.py:1207] - [BACKGROUND] Starting translation for 87a15504-be60-4af1-a311-9e27224866c8
2025-10-28 10:02:07,914 - services - INFO - [services.py:138] - Saved async translation: 87a15504-be60-4af1-a311-9e27224866c8
2025-10-28 10:02:07,914 - services - INFO - [services.py:664] - [TRANSLATE_START] Request ID: 84a220be, Text length: 211 chars
2025-10-28 10:02:07,914 - services - INFO - [services.py:52] - [REQUEST_START] ID: 84a220be, Text length: 211
2025-10-28 10:02:07,914 - services - DEBUG - [services.py:687] - [84a220be] Validating input length...
2025-10-28 10:02:07,915 - services - INFO - [services.py:696] - [84a220be] Input validated: 50 tokens
2025-10-28 10:02:07,915 - services - DEBUG - [services.py:699] - [84a220be] Checking memory availability...
2025-10-28 10:02:07,915 - services - DEBUG - [services.py:710] - [84a220be] GPU memory before translation: 3.70GB
2025-10-28 10:02:07,915 - services - INFO - [services.py:714] - [84a220be] Starting translation...
2025-10-28 10:02:07,915 - services - DEBUG - [services.py:802] - Starting internal translation
2025-10-28 10:02:07,915 - services - DEBUG - [services.py:810] - Target language: Persian
2025-10-28 10:02:07,916 - services - DEBUG - [services.py:837] - Creating prompt...
2025-10-28 10:02:07,916 - services - DEBUG - [services.py:845] - Tokenizing input...
2025-10-28 10:02:07,929 - services - DEBUG - [services.py:858] - Input tokenized: 99 tokens
2025-10-28 10:02:07,929 - services - DEBUG - [services.py:870] - Generating with max_new_tokens=1949
2025-10-28 10:02:24,199 - services - INFO - [services.py:1051] - [HTTP] GET /translate/async/87a15504-be60-4af1-a311-9e27224866c8 from 127.0.0.1
2025-10-28 10:02:24,206 - services - INFO - [services.py:1306] - [GET_ASYNC_TRANSLATION] Retrieving translation 87a15504-be60-4af1-a311-9e27224866c8
2025-10-28 10:02:24,210 - services - INFO - [services.py:1056] - [HTTP] /translate/async/87a15504-be60-4af1-a311-9e27224866c8 - Status: 200 - Time: 0.013s
2025-10-28 10:02:33,653 - services - INFO - [services.py:1051] - [HTTP] GET /translate/async/87a15504-be60-4af1-a311-9e27224866c8 from 127.0.0.1
2025-10-28 10:02:33,654 - services - INFO - [services.py:1306] - [GET_ASYNC_TRANSLATION] Retrieving translation 87a15504-be60-4af1-a311-9e27224866c8
2025-10-28 10:02:33,655 - services - INFO - [services.py:1056] - [HTTP] /translate/async/87a15504-be60-4af1-a311-9e27224866c8 - Status: 200 - Time: 0.002s
2025-10-28 10:02:35,293 - services - INFO - [services.py:1051] - [HTTP] GET /translate/async/87a15504-be60-4af1-a311-9e27224866c8 from 127.0.0.1
2025-10-28 10:02:35,293 - services - INFO - [services.py:1306] - [GET_ASYNC_TRANSLATION] Retrieving translation 87a15504-be60-4af1-a311-9e27224866c8
2025-10-28 10:02:35,295 - services - INFO - [services.py:1056] - [HTTP] /translate/async/87a15504-be60-4af1-a311-9e27224866c8 - Status: 200 - Time: 0.002s
2025-10-28 10:02:37,190 - services - INFO - [services.py:1051] - [HTTP] GET /translate/async/87a15504-be60-4af1-a311-9e27224866c8 from 127.0.0.1
2025-10-28 10:02:37,191 - services - INFO - [services.py:1306] - [GET_ASYNC_TRANSLATION] Retrieving translation 87a15504-be60-4af1-a311-9e27224866c8
2025-10-28 10:02:37,191 - services - INFO - [services.py:1056] - [HTTP] /translate/async/87a15504-be60-4af1-a311-9e27224866c8 - Status: 200 - Time: 0.002s
2025-10-28 10:02:39,176 - services - INFO - [services.py:1051] - [HTTP] GET /translate/async/87a15504-be60-4af1-a311-9e27224866c8 from 127.0.0.1
2025-10-28 10:02:39,177 - services - INFO - [services.py:1306] - [GET_ASYNC_TRANSLATION] Retrieving translation 87a15504-be60-4af1-a311-9e27224866c8
2025-10-28 10:02:39,178 - services - INFO - [services.py:1056] - [HTTP] /translate/async/87a15504-be60-4af1-a311-9e27224866c8 - Status: 200 - Time: 0.002s
2025-10-28 10:02:58,876 - services - DEBUG - [services.py:888] - Generated 89 tokens
2025-10-28 10:02:58,876 - services - INFO - [services.py:720] - [84a220be] Translation completed in 50.96s
2025-10-28 10:02:58,877 - services - DEBUG - [services.py:725] - [84a220be] GPU memory after translation: 3.70GB
2025-10-28 10:02:58,877 - services - INFO - [services.py:61] - [REQUEST_END] ID: 84a220be, Status: success, Error: None
2025-10-28 10:02:58,877 - services - INFO - [services.py:734] - [84a220be] Translation successful
2025-10-28 10:02:58,878 - services - INFO - [services.py:138] - Saved async translation: 87a15504-be60-4af1-a311-9e27224866c8
2025-10-28 10:02:58,878 - services - INFO - [services.py:1246] - [BACKGROUND] Translation 87a15504-be60-4af1-a311-9e27224866c8 completed successfully
2025-10-28 10:03:02,676 - services - INFO - [services.py:1051] - [HTTP] GET /translate/async/87a15504-be60-4af1-a311-9e27224866c8 from 127.0.0.1
2025-10-28 10:03:02,676 - services - INFO - [services.py:1306] - [GET_ASYNC_TRANSLATION] Retrieving translation 87a15504-be60-4af1-a311-9e27224866c8
2025-10-28 10:03:02,677 - services - INFO - [services.py:1056] - [HTTP] /translate/async/87a15504-be60-4af1-a311-9e27224866c8 - Status: 200 - Time: 0.002s
2025-10-28 10:19:13,181 - services - INFO - [services.py:1051] - [HTTP] POST /translate/async from 127.0.0.1
2025-10-28 10:19:13,182 - services - INFO - [services.py:1191] - [TRANSLATE_ASYNC] Received async request for 323 chars to Persian
2025-10-28 10:19:13,182 - services - INFO - [services.py:1295] - [TRANSLATE_ASYNC] Returning UUID 206f40e9-4726-48a8-8c04-91f688465255 immediately
2025-10-28 10:19:13,183 - services - INFO - [services.py:1056] - [HTTP] /translate/async - Status: 200 - Time: 0.002s
2025-10-28 10:19:13,183 - services - INFO - [services.py:1207] - [BACKGROUND] Starting translation for 206f40e9-4726-48a8-8c04-91f688465255
2025-10-28 10:19:13,184 - services - INFO - [services.py:138] - Saved async translation: 206f40e9-4726-48a8-8c04-91f688465255
2025-10-28 10:19:13,184 - services - INFO - [services.py:664] - [TRANSLATE_START] Request ID: 67dc418c, Text length: 323 chars
2025-10-28 10:19:13,184 - services - INFO - [services.py:52] - [REQUEST_START] ID: 67dc418c, Text length: 323
2025-10-28 10:19:13,185 - services - DEBUG - [services.py:687] - [67dc418c] Validating input length...
2025-10-28 10:19:13,239 - services - INFO - [services.py:696] - [67dc418c] Input validated: 85 tokens
2025-10-28 10:19:13,239 - services - DEBUG - [services.py:699] - [67dc418c] Checking memory availability...
2025-10-28 10:19:13,239 - services - DEBUG - [services.py:710] - [67dc418c] GPU memory before translation: 3.70GB
2025-10-28 10:19:13,239 - services - INFO - [services.py:714] - [67dc418c] Starting translation...
2025-10-28 10:19:13,239 - services - DEBUG - [services.py:802] - Starting internal translation
2025-10-28 10:19:13,240 - services - DEBUG - [services.py:810] - Target language: Persian
2025-10-28 10:19:13,240 - services - DEBUG - [services.py:837] - Creating prompt...
2025-10-28 10:19:13,240 - services - DEBUG - [services.py:845] - Tokenizing input...
2025-10-28 10:19:13,261 - services - DEBUG - [services.py:858] - Input tokenized: 134 tokens
2025-10-28 10:19:13,261 - services - DEBUG - [services.py:870] - Generating with max_new_tokens=1914
2025-10-28 10:19:27,858 - services - INFO - [services.py:1051] - [HTTP] GET /translate/async/206f40e9-4726-48a8-8c04-91f688465255 from 127.0.0.1
2025-10-28 10:19:27,858 - services - INFO - [services.py:1306] - [GET_ASYNC_TRANSLATION] Retrieving translation 206f40e9-4726-48a8-8c04-91f688465255
2025-10-28 10:19:27,860 - services - INFO - [services.py:1056] - [HTTP] /translate/async/206f40e9-4726-48a8-8c04-91f688465255 - Status: 200 - Time: 0.002s
2025-10-28 10:19:48,507 - services - INFO - [services.py:1051] - [HTTP] GET /translate/async/206f40e9-4726-48a8-8c04-91f688465255 from 127.0.0.1
2025-10-28 10:19:48,508 - services - INFO - [services.py:1306] - [GET_ASYNC_TRANSLATION] Retrieving translation 206f40e9-4726-48a8-8c04-91f688465255
2025-10-28 10:19:48,509 - services - INFO - [services.py:1056] - [HTTP] /translate/async/206f40e9-4726-48a8-8c04-91f688465255 - Status: 200 - Time: 0.002s
2025-10-28 10:19:50,760 - services - INFO - [services.py:1051] - [HTTP] GET /translate/async/206f40e9-4726-48a8-8c04-91f688465255 from 127.0.0.1
2025-10-28 10:19:50,761 - services - INFO - [services.py:1306] - [GET_ASYNC_TRANSLATION] Retrieving translation 206f40e9-4726-48a8-8c04-91f688465255
2025-10-28 10:19:50,762 - services - INFO - [services.py:1056] - [HTTP] /translate/async/206f40e9-4726-48a8-8c04-91f688465255 - Status: 200 - Time: 0.003s
2025-10-28 10:19:52,381 - services - INFO - [services.py:1051] - [HTTP] GET /translate/async/206f40e9-4726-48a8-8c04-91f688465255 from 127.0.0.1
2025-10-28 10:19:52,382 - services - INFO - [services.py:1306] - [GET_ASYNC_TRANSLATION] Retrieving translation 206f40e9-4726-48a8-8c04-91f688465255
2025-10-28 10:19:52,383 - services - INFO - [services.py:1056] - [HTTP] /translate/async/206f40e9-4726-48a8-8c04-91f688465255 - Status: 200 - Time: 0.002s
2025-10-28 10:19:59,751 - services - INFO - [services.py:1051] - [HTTP] GET /translate/async/206f40e9-4726-48a8-8c04-91f688465255 from 127.0.0.1
2025-10-28 10:19:59,752 - services - INFO - [services.py:1306] - [GET_ASYNC_TRANSLATION] Retrieving translation 206f40e9-4726-48a8-8c04-91f688465255
2025-10-28 10:19:59,753 - services - INFO - [services.py:1056] - [HTTP] /translate/async/206f40e9-4726-48a8-8c04-91f688465255 - Status: 200 - Time: 0.002s
2025-10-28 10:20:02,436 - services - INFO - [services.py:1051] - [HTTP] GET /translate/async/206f40e9-4726-48a8-8c04-91f688465255 from 127.0.0.1
2025-10-28 10:20:02,437 - services - INFO - [services.py:1306] - [GET_ASYNC_TRANSLATION] Retrieving translation 206f40e9-4726-48a8-8c04-91f688465255
2025-10-28 10:20:02,438 - services - INFO - [services.py:1056] - [HTTP] /translate/async/206f40e9-4726-48a8-8c04-91f688465255 - Status: 200 - Time: 0.002s
2025-10-28 10:20:04,040 - services - INFO - [services.py:1051] - [HTTP] GET /translate/async/206f40e9-4726-48a8-8c04-91f688465255 from 127.0.0.1
2025-10-28 10:20:04,040 - services - INFO - [services.py:1306] - [GET_ASYNC_TRANSLATION] Retrieving translation 206f40e9-4726-48a8-8c04-91f688465255
2025-10-28 10:20:04,041 - services - INFO - [services.py:1056] - [HTTP] /translate/async/206f40e9-4726-48a8-8c04-91f688465255 - Status: 200 - Time: 0.001s
2025-10-28 10:20:08,674 - services - INFO - [services.py:1051] - [HTTP] GET /translate/async/206f40e9-4726-48a8-8c04-91f688465255 from 127.0.0.1
2025-10-28 10:20:08,675 - services - INFO - [services.py:1306] - [GET_ASYNC_TRANSLATION] Retrieving translation 206f40e9-4726-48a8-8c04-91f688465255
2025-10-28 10:20:08,675 - services - INFO - [services.py:1056] - [HTTP] /translate/async/206f40e9-4726-48a8-8c04-91f688465255 - Status: 200 - Time: 0.001s
2025-10-28 10:20:09,752 - services - INFO - [services.py:1051] - [HTTP] GET /translate/async/206f40e9-4726-48a8-8c04-91f688465255 from 127.0.0.1
2025-10-28 10:20:09,753 - services - INFO - [services.py:1306] - [GET_ASYNC_TRANSLATION] Retrieving translation 206f40e9-4726-48a8-8c04-91f688465255
2025-10-28 10:20:09,753 - services - INFO - [services.py:1056] - [HTTP] /translate/async/206f40e9-4726-48a8-8c04-91f688465255 - Status: 200 - Time: 0.001s
2025-10-28 10:20:11,155 - services - INFO - [services.py:1051] - [HTTP] GET /translate/async/206f40e9-4726-48a8-8c04-91f688465255 from 127.0.0.1
2025-10-28 10:20:11,156 - services - INFO - [services.py:1306] - [GET_ASYNC_TRANSLATION] Retrieving translation 206f40e9-4726-48a8-8c04-91f688465255
2025-10-28 10:20:11,157 - services - INFO - [services.py:1056] - [HTTP] /translate/async/206f40e9-4726-48a8-8c04-91f688465255 - Status: 200 - Time: 0.002s
2025-10-28 10:20:13,055 - services - INFO - [services.py:1051] - [HTTP] GET /translate/async/206f40e9-4726-48a8-8c04-91f688465255 from 127.0.0.1
2025-10-28 10:20:13,056 - services - INFO - [services.py:1306] - [GET_ASYNC_TRANSLATION] Retrieving translation 206f40e9-4726-48a8-8c04-91f688465255
2025-10-28 10:20:13,057 - services - INFO - [services.py:1056] - [HTTP] /translate/async/206f40e9-4726-48a8-8c04-91f688465255 - Status: 200 - Time: 0.002s
2025-10-28 10:20:14,315 - services - INFO - [services.py:1051] - [HTTP] GET /translate/async/206f40e9-4726-48a8-8c04-91f688465255 from 127.0.0.1
2025-10-28 10:20:14,315 - services - INFO - [services.py:1306] - [GET_ASYNC_TRANSLATION] Retrieving translation 206f40e9-4726-48a8-8c04-91f688465255
2025-10-28 10:20:14,316 - services - INFO - [services.py:1056] - [HTTP] /translate/async/206f40e9-4726-48a8-8c04-91f688465255 - Status: 200 - Time: 0.002s
2025-10-28 10:20:15,553 - services - INFO - [services.py:1051] - [HTTP] GET /translate/async/206f40e9-4726-48a8-8c04-91f688465255 from 127.0.0.1
2025-10-28 10:20:15,553 - services - INFO - [services.py:1306] - [GET_ASYNC_TRANSLATION] Retrieving translation 206f40e9-4726-48a8-8c04-91f688465255
2025-10-28 10:20:15,555 - services - INFO - [services.py:1056] - [HTTP] /translate/async/206f40e9-4726-48a8-8c04-91f688465255 - Status: 200 - Time: 0.002s
2025-10-28 10:20:16,617 - services - INFO - [services.py:1051] - [HTTP] GET /translate/async/206f40e9-4726-48a8-8c04-91f688465255 from 127.0.0.1
2025-10-28 10:20:16,618 - services - INFO - [services.py:1306] - [GET_ASYNC_TRANSLATION] Retrieving translation 206f40e9-4726-48a8-8c04-91f688465255
2025-10-28 10:20:16,619 - services - INFO - [services.py:1056] - [HTTP] /translate/async/206f40e9-4726-48a8-8c04-91f688465255 - Status: 200 - Time: 0.002s
2025-10-28 10:20:21,334 - services - INFO - [services.py:1051] - [HTTP] GET /translate/async/206f40e9-4726-48a8-8c04-91f688465255 from 127.0.0.1
2025-10-28 10:20:21,334 - services - INFO - [services.py:1306] - [GET_ASYNC_TRANSLATION] Retrieving translation 206f40e9-4726-48a8-8c04-91f688465255
2025-10-28 10:20:21,335 - services - INFO - [services.py:1056] - [HTTP] /translate/async/206f40e9-4726-48a8-8c04-91f688465255 - Status: 200 - Time: 0.002s
2025-10-28 10:20:24,341 - services - INFO - [services.py:1051] - [HTTP] GET /translate/async/206f40e9-4726-48a8-8c04-91f688465255 from 127.0.0.1
2025-10-28 10:20:24,341 - services - INFO - [services.py:1306] - [GET_ASYNC_TRANSLATION] Retrieving translation 206f40e9-4726-48a8-8c04-91f688465255
2025-10-28 10:20:24,342 - services - INFO - [services.py:1056] - [HTTP] /translate/async/206f40e9-4726-48a8-8c04-91f688465255 - Status: 200 - Time: 0.001s
2025-10-28 10:20:30,335 - services - INFO - [services.py:1051] - [HTTP] GET /translate/async/206f40e9-4726-48a8-8c04-91f688465255 from 127.0.0.1
2025-10-28 10:20:30,335 - services - INFO - [services.py:1306] - [GET_ASYNC_TRANSLATION] Retrieving translation 206f40e9-4726-48a8-8c04-91f688465255
2025-10-28 10:20:30,336 - services - INFO - [services.py:1056] - [HTTP] /translate/async/206f40e9-4726-48a8-8c04-91f688465255 - Status: 200 - Time: 0.001s
2025-10-28 10:20:32,121 - services - INFO - [services.py:1051] - [HTTP] GET /translate/async/206f40e9-4726-48a8-8c04-91f688465255 from 127.0.0.1
2025-10-28 10:20:32,122 - services - INFO - [services.py:1306] - [GET_ASYNC_TRANSLATION] Retrieving translation 206f40e9-4726-48a8-8c04-91f688465255
2025-10-28 10:20:32,123 - services - INFO - [services.py:1056] - [HTTP] /translate/async/206f40e9-4726-48a8-8c04-91f688465255 - Status: 200 - Time: 0.002s
2025-10-28 10:20:38,466 - services - INFO - [services.py:1051] - [HTTP] GET /translate/async/206f40e9-4726-48a8-8c04-91f688465255 from 127.0.0.1
2025-10-28 10:20:38,467 - services - INFO - [services.py:1306] - [GET_ASYNC_TRANSLATION] Retrieving translation 206f40e9-4726-48a8-8c04-91f688465255
2025-10-28 10:20:38,467 - services - INFO - [services.py:1056] - [HTTP] /translate/async/206f40e9-4726-48a8-8c04-91f688465255 - Status: 200 - Time: 0.002s
2025-10-28 10:20:39,650 - services - INFO - [services.py:1051] - [HTTP] GET /translate/async/206f40e9-4726-48a8-8c04-91f688465255 from 127.0.0.1
2025-10-28 10:20:39,651 - services - INFO - [services.py:1306] - [GET_ASYNC_TRANSLATION] Retrieving translation 206f40e9-4726-48a8-8c04-91f688465255
2025-10-28 10:20:39,652 - services - INFO - [services.py:1056] - [HTTP] /translate/async/206f40e9-4726-48a8-8c04-91f688465255 - Status: 200 - Time: 0.002s
2025-10-28 10:20:40,679 - services - INFO - [services.py:1051] - [HTTP] GET /translate/async/206f40e9-4726-48a8-8c04-91f688465255 from 127.0.0.1
2025-10-28 10:20:40,680 - services - INFO - [services.py:1306] - [GET_ASYNC_TRANSLATION] Retrieving translation 206f40e9-4726-48a8-8c04-91f688465255
2025-10-28 10:20:40,680 - services - INFO - [services.py:1056] - [HTTP] /translate/async/206f40e9-4726-48a8-8c04-91f688465255 - Status: 200 - Time: 0.002s
2025-10-28 10:20:41,604 - services - DEBUG - [services.py:888] - Generated 154 tokens
2025-10-28 10:20:41,604 - services - INFO - [services.py:720] - [67dc418c] Translation completed in 88.36s
2025-10-28 10:20:41,604 - services - DEBUG - [services.py:725] - [67dc418c] GPU memory after translation: 3.70GB
2025-10-28 10:20:41,604 - services - INFO - [services.py:61] - [REQUEST_END] ID: 67dc418c, Status: success, Error: None
2025-10-28 10:20:41,604 - services - INFO - [services.py:734] - [67dc418c] Translation successful
2025-10-28 10:20:41,605 - services - INFO - [services.py:138] - Saved async translation: 206f40e9-4726-48a8-8c04-91f688465255
2025-10-28 10:20:41,605 - services - INFO - [services.py:1246] - [BACKGROUND] Translation 206f40e9-4726-48a8-8c04-91f688465255 completed successfully
2025-10-28 10:20:43,653 - services - INFO - [services.py:1051] - [HTTP] GET /translate/async/206f40e9-4726-48a8-8c04-91f688465255 from 127.0.0.1
2025-10-28 10:20:43,653 - services - INFO - [services.py:1306] - [GET_ASYNC_TRANSLATION] Retrieving translation 206f40e9-4726-48a8-8c04-91f688465255
2025-10-28 10:20:43,654 - services - INFO - [services.py:1056] - [HTTP] /translate/async/206f40e9-4726-48a8-8c04-91f688465255 - Status: 200 - Time: 0.001s
2025-10-28 11:01:31,759 - services - INFO - [services.py:1051] - [HTTP] POST /translate from 127.0.0.1
2025-10-28 11:01:31,764 - services - INFO - [services.py:1139] - [TRANSLATE_ENDPOINT] Received request for 25 chars to Persian
2025-10-28 11:01:31,764 - services - INFO - [services.py:664] - [TRANSLATE_START] Request ID: 993b925e, Text length: 25 chars
2025-10-28 11:01:31,764 - services - INFO - [services.py:52] - [REQUEST_START] ID: 993b925e, Text length: 25
2025-10-28 11:01:31,764 - services - DEBUG - [services.py:687] - [993b925e] Validating input length...
2025-10-28 11:01:31,773 - services - INFO - [services.py:696] - [993b925e] Input validated: 8 tokens
2025-10-28 11:01:31,774 - services - DEBUG - [services.py:699] - [993b925e] Checking memory availability...
2025-10-28 11:01:31,775 - services - DEBUG - [services.py:710] - [993b925e] GPU memory before translation: 3.70GB
2025-10-28 11:01:31,775 - services - INFO - [services.py:714] - [993b925e] Starting translation...
2025-10-28 11:01:31,775 - services - DEBUG - [services.py:802] - Starting internal translation
2025-10-28 11:01:31,775 - services - DEBUG - [services.py:810] - Target language: Persian
2025-10-28 11:01:31,775 - services - DEBUG - [services.py:837] - Creating prompt...
2025-10-28 11:01:31,775 - services - DEBUG - [services.py:845] - Tokenizing input...
2025-10-28 11:01:31,817 - services - DEBUG - [services.py:858] - Input tokenized: 57 tokens
2025-10-28 11:01:31,817 - services - DEBUG - [services.py:870] - Generating with max_new_tokens=1991
2025-10-28 11:01:36,576 - services - DEBUG - [services.py:888] - Generated 8 tokens
2025-10-28 11:01:36,577 - services - INFO - [services.py:720] - [993b925e] Translation completed in 4.80s
2025-10-28 11:01:36,577 - services - DEBUG - [services.py:725] - [993b925e] GPU memory after translation: 3.70GB
2025-10-28 11:01:36,577 - services - INFO - [services.py:61] - [REQUEST_END] ID: 993b925e, Status: success, Error: None
2025-10-28 11:01:36,577 - services - INFO - [services.py:734] - [993b925e] Translation successful
2025-10-28 11:01:36,578 - services - INFO - [services.py:1056] - [HTTP] /translate - Status: 200 - Time: 4.819s
2025-10-28 11:01:45,688 - services - INFO - [services.py:1051] - [HTTP] GET /translate/async from 127.0.0.1
2025-10-28 11:01:45,691 - services - INFO - [services.py:1056] - [HTTP] /translate/async - Status: 200 - Time: 0.003s
2025-10-28 11:03:57,140 - services - INFO - [services.py:1051] - [HTTP] GET /translate/async from 127.0.0.1
2025-10-28 11:03:57,141 - services - INFO - [services.py:1056] - [HTTP] /translate/async - Status: 200 - Time: 0.001s
2025-10-28 11:08:27,781 - services - INFO - [services.py:1051] - [HTTP] GET /translate/async from 127.0.0.1
2025-10-28 11:08:27,782 - services - INFO - [services.py:1056] - [HTTP] /translate/async - Status: 200 - Time: 0.001s
2025-10-28 11:08:35,192 - services - INFO - [services.py:1051] - [HTTP] GET /health from 127.0.0.1
2025-10-28 11:08:35,194 - services - INFO - [services.py:1056] - [HTTP] /health - Status: 200 - Time: 0.002s
2025-10-28 11:15:41,895 - services - INFO - [services.py:1051] - [HTTP] GET /translate/async from 127.0.0.1
2025-10-28 11:15:41,896 - services - INFO - [services.py:1056] - [HTTP] /translate/async - Status: 200 - Time: 0.001s
2025-10-28 11:15:44,812 - services - INFO - [services.py:1051] - [HTTP] GET /translate/async from 127.0.0.1
2025-10-28 11:15:44,814 - services - INFO - [services.py:1056] - [HTTP] /translate/async - Status: 200 - Time: 0.001s
2025-10-28 11:15:59,694 - services - INFO - [services.py:1051] - [HTTP] GET /translate/async/206f40e9-4726-48a8-8c04-91f688465255 from 127.0.0.1
2025-10-28 11:15:59,694 - services - INFO - [services.py:1306] - [GET_ASYNC_TRANSLATION] Retrieving translation 206f40e9-4726-48a8-8c04-91f688465255
2025-10-28 11:15:59,695 - services - INFO - [services.py:1056] - [HTTP] /translate/async/206f40e9-4726-48a8-8c04-91f688465255 - Status: 200 - Time: 0.001s
2025-10-28 11:22:01,078 - services - INFO - [services.py:1051] - [HTTP] POST /translate/async from 127.0.0.1
2025-10-28 11:22:01,079 - services - INFO - [services.py:1191] - [TRANSLATE_ASYNC] Received async request for 389 chars to Spanish
2025-10-28 11:22:01,079 - services - INFO - [services.py:1295] - [TRANSLATE_ASYNC] Returning UUID 12315b7f-ccd4-4513-9262-d9588d3da1b0 immediately
2025-10-28 11:22:01,079 - services - INFO - [services.py:1056] - [HTTP] /translate/async - Status: 200 - Time: 0.002s
2025-10-28 11:22:01,079 - services - INFO - [services.py:1207] - [BACKGROUND] Starting translation for 12315b7f-ccd4-4513-9262-d9588d3da1b0
2025-10-28 11:22:01,081 - services - INFO - [services.py:138] - Saved async translation: 12315b7f-ccd4-4513-9262-d9588d3da1b0
2025-10-28 11:22:01,081 - services - INFO - [services.py:664] - [TRANSLATE_START] Request ID: d81a0060, Text length: 389 chars
2025-10-28 11:22:01,081 - services - INFO - [services.py:52] - [REQUEST_START] ID: d81a0060, Text length: 389
2025-10-28 11:22:01,081 - services - DEBUG - [services.py:687] - [d81a0060] Validating input length...
2025-10-28 11:22:01,124 - services - INFO - [services.py:696] - [d81a0060] Input validated: 104 tokens
2025-10-28 11:22:01,124 - services - DEBUG - [services.py:699] - [d81a0060] Checking memory availability...
2025-10-28 11:22:01,124 - services - DEBUG - [services.py:710] - [d81a0060] GPU memory before translation: 3.70GB
2025-10-28 11:22:01,125 - services - INFO - [services.py:714] - [d81a0060] Starting translation...
2025-10-28 11:22:01,125 - services - DEBUG - [services.py:802] - Starting internal translation
2025-10-28 11:22:01,125 - services - DEBUG - [services.py:810] - Target language: Spanish
2025-10-28 11:22:01,125 - services - DEBUG - [services.py:837] - Creating prompt...
2025-10-28 11:22:01,125 - services - DEBUG - [services.py:845] - Tokenizing input...
2025-10-28 11:22:01,151 - services - DEBUG - [services.py:858] - Input tokenized: 153 tokens
2025-10-28 11:22:01,152 - services - DEBUG - [services.py:870] - Generating with max_new_tokens=1895
2025-10-28 11:22:36,739 - services - INFO - [services.py:1051] - [HTTP] GET /translate/async/12315b7f-ccd4-4513-9262-d9588d3da1b0 from 127.0.0.1
2025-10-28 11:22:36,741 - services - INFO - [services.py:1306] - [GET_ASYNC_TRANSLATION] Retrieving translation 12315b7f-ccd4-4513-9262-d9588d3da1b0
2025-10-28 11:22:36,742 - services - INFO - [services.py:1056] - [HTTP] /translate/async/12315b7f-ccd4-4513-9262-d9588d3da1b0 - Status: 200 - Time: 0.003s
2025-10-28 11:22:39,571 - services - INFO - [services.py:1051] - [HTTP] GET /translate/async/12315b7f-ccd4-4513-9262-d9588d3da1b0 from 127.0.0.1
2025-10-28 11:22:39,571 - services - INFO - [services.py:1306] - [GET_ASYNC_TRANSLATION] Retrieving translation 12315b7f-ccd4-4513-9262-d9588d3da1b0
2025-10-28 11:22:39,573 - services - INFO - [services.py:1056] - [HTTP] /translate/async/12315b7f-ccd4-4513-9262-d9588d3da1b0 - Status: 200 - Time: 0.002s
2025-10-28 11:22:47,344 - services - INFO - [services.py:1051] - [HTTP] GET /translate/async/12315b7f-ccd4-4513-9262-d9588d3da1b0 from 127.0.0.1
2025-10-28 11:22:47,345 - services - INFO - [services.py:1306] - [GET_ASYNC_TRANSLATION] Retrieving translation 12315b7f-ccd4-4513-9262-d9588d3da1b0
2025-10-28 11:22:47,346 - services - INFO - [services.py:1056] - [HTTP] /translate/async/12315b7f-ccd4-4513-9262-d9588d3da1b0 - Status: 200 - Time: 0.002s
2025-10-28 11:22:48,537 - services - INFO - [services.py:1051] - [HTTP] GET /translate/async/12315b7f-ccd4-4513-9262-d9588d3da1b0 from 127.0.0.1
2025-10-28 11:22:48,538 - services - INFO - [services.py:1306] - [GET_ASYNC_TRANSLATION] Retrieving translation 12315b7f-ccd4-4513-9262-d9588d3da1b0
2025-10-28 11:22:48,539 - services - INFO - [services.py:1056] - [HTTP] /translate/async/12315b7f-ccd4-4513-9262-d9588d3da1b0 - Status: 200 - Time: 0.002s
2025-10-28 11:23:09,657 - services - DEBUG - [services.py:888] - Generated 120 tokens
2025-10-28 11:23:09,657 - services - INFO - [services.py:720] - [d81a0060] Translation completed in 68.53s
2025-10-28 11:23:09,657 - services - DEBUG - [services.py:725] - [d81a0060] GPU memory after translation: 3.70GB
2025-10-28 11:23:09,657 - services - INFO - [services.py:61] - [REQUEST_END] ID: d81a0060, Status: success, Error: None
2025-10-28 11:23:09,657 - services - INFO - [services.py:734] - [d81a0060] Translation successful
2025-10-28 11:23:09,658 - services - INFO - [services.py:138] - Saved async translation: 12315b7f-ccd4-4513-9262-d9588d3da1b0
2025-10-28 11:23:09,658 - services - INFO - [services.py:1246] - [BACKGROUND] Translation 12315b7f-ccd4-4513-9262-d9588d3da1b0 completed successfully
2025-10-28 11:23:48,098 - services - INFO - [services.py:1051] - [HTTP] GET /translate/async/12315b7f-ccd4-4513-9262-d9588d3da1b0 from 127.0.0.1
2025-10-28 11:23:48,099 - services - INFO - [services.py:1306] - [GET_ASYNC_TRANSLATION] Retrieving translation 12315b7f-ccd4-4513-9262-d9588d3da1b0
2025-10-28 11:23:48,100 - services - INFO - [services.py:1056] - [HTTP] /translate/async/12315b7f-ccd4-4513-9262-d9588d3da1b0 - Status: 200 - Time: 0.002s
2025-10-28 11:24:38,083 - services - INFO - [services.py:1051] - [HTTP] POST /translate/async from 127.0.0.1
2025-10-28 11:24:38,084 - services - INFO - [services.py:1191] - [TRANSLATE_ASYNC] Received async request for 389 chars to Persian
2025-10-28 11:24:38,085 - services - INFO - [services.py:1295] - [TRANSLATE_ASYNC] Returning UUID 4781b47b-14bb-4b89-9479-bd9ba517bf7f immediately
2025-10-28 11:24:38,085 - services - INFO - [services.py:1056] - [HTTP] /translate/async - Status: 200 - Time: 0.002s
2025-10-28 11:24:38,085 - services - INFO - [services.py:1207] - [BACKGROUND] Starting translation for 4781b47b-14bb-4b89-9479-bd9ba517bf7f
2025-10-28 11:24:38,086 - services - INFO - [services.py:138] - Saved async translation: 4781b47b-14bb-4b89-9479-bd9ba517bf7f
2025-10-28 11:24:38,087 - services - INFO - [services.py:664] - [TRANSLATE_START] Request ID: e2d7ab28, Text length: 389 chars
2025-10-28 11:24:38,087 - services - INFO - [services.py:52] - [REQUEST_START] ID: e2d7ab28, Text length: 389
2025-10-28 11:24:38,087 - services - DEBUG - [services.py:687] - [e2d7ab28] Validating input length...
2025-10-28 11:24:38,087 - services - INFO - [services.py:696] - [e2d7ab28] Input validated: 104 tokens
2025-10-28 11:24:38,087 - services - DEBUG - [services.py:699] - [e2d7ab28] Checking memory availability...
2025-10-28 11:24:38,087 - services - DEBUG - [services.py:710] - [e2d7ab28] GPU memory before translation: 3.70GB
2025-10-28 11:24:38,087 - services - INFO - [services.py:714] - [e2d7ab28] Starting translation...
2025-10-28 11:24:38,088 - services - DEBUG - [services.py:802] - Starting internal translation
2025-10-28 11:24:38,088 - services - DEBUG - [services.py:810] - Target language: Persian
2025-10-28 11:24:38,088 - services - DEBUG - [services.py:837] - Creating prompt...
2025-10-28 11:24:38,088 - services - DEBUG - [services.py:845] - Tokenizing input...
2025-10-28 11:24:38,109 - services - DEBUG - [services.py:858] - Input tokenized: 153 tokens
2025-10-28 11:24:38,109 - services - DEBUG - [services.py:870] - Generating with max_new_tokens=1895
2025-10-28 11:25:55,192 - services - DEBUG - [services.py:888] - Generated 135 tokens
2025-10-28 11:25:55,192 - services - INFO - [services.py:720] - [e2d7ab28] Translation completed in 77.10s
2025-10-28 11:25:55,192 - services - DEBUG - [services.py:725] - [e2d7ab28] GPU memory after translation: 3.70GB
2025-10-28 11:25:55,193 - services - INFO - [services.py:61] - [REQUEST_END] ID: e2d7ab28, Status: success, Error: None
2025-10-28 11:25:55,193 - services - INFO - [services.py:734] - [e2d7ab28] Translation successful
2025-10-28 11:25:55,193 - services - INFO - [services.py:138] - Saved async translation: 4781b47b-14bb-4b89-9479-bd9ba517bf7f
2025-10-28 11:25:55,193 - services - INFO - [services.py:1246] - [BACKGROUND] Translation 4781b47b-14bb-4b89-9479-bd9ba517bf7f completed successfully
2025-10-28 11:26:19,379 - services - INFO - [services.py:1051] - [HTTP] GET /translate/async/4781b47b-14bb-4b89-9479-bd9ba517bf7f from 127.0.0.1
2025-10-28 11:26:19,379 - services - INFO - [services.py:1306] - [GET_ASYNC_TRANSLATION] Retrieving translation 4781b47b-14bb-4b89-9479-bd9ba517bf7f
2025-10-28 11:26:19,381 - services - INFO - [services.py:1056] - [HTTP] /translate/async/4781b47b-14bb-4b89-9479-bd9ba517bf7f - Status: 200 - Time: 0.001s
2025-10-28 11:28:09,313 - services - INFO - [services.py:1051] - [HTTP] POST /translate/async from 127.0.0.1
2025-10-28 11:28:09,315 - services - INFO - [services.py:1191] - [TRANSLATE_ASYNC] Received async request for 750 chars to Persian
2025-10-28 11:28:09,315 - services - INFO - [services.py:1295] - [TRANSLATE_ASYNC] Returning UUID 1b0d03dd-0d05-48b6-93ac-6a64330a118a immediately
2025-10-28 11:28:09,315 - services - INFO - [services.py:1056] - [HTTP] /translate/async - Status: 200 - Time: 0.002s
2025-10-28 11:28:09,316 - services - INFO - [services.py:1207] - [BACKGROUND] Starting translation for 1b0d03dd-0d05-48b6-93ac-6a64330a118a
2025-10-28 11:28:09,316 - services - INFO - [services.py:138] - Saved async translation: 1b0d03dd-0d05-48b6-93ac-6a64330a118a
2025-10-28 11:28:09,316 - services - INFO - [services.py:664] - [TRANSLATE_START] Request ID: a4b47996, Text length: 750 chars
2025-10-28 11:28:09,317 - services - INFO - [services.py:52] - [REQUEST_START] ID: a4b47996, Text length: 750
2025-10-28 11:28:09,317 - services - DEBUG - [services.py:687] - [a4b47996] Validating input length...
2025-10-28 11:28:09,373 - services - INFO - [services.py:696] - [a4b47996] Input validated: 173 tokens
2025-10-28 11:28:09,373 - services - DEBUG - [services.py:699] - [a4b47996] Checking memory availability...
2025-10-28 11:28:09,373 - services - DEBUG - [services.py:710] - [a4b47996] GPU memory before translation: 3.70GB
2025-10-28 11:28:09,373 - services - INFO - [services.py:714] - [a4b47996] Starting translation...
2025-10-28 11:28:09,373 - services - DEBUG - [services.py:802] - Starting internal translation
2025-10-28 11:28:09,373 - services - DEBUG - [services.py:810] - Target language: Persian
2025-10-28 11:28:09,373 - services - DEBUG - [services.py:837] - Creating prompt...
2025-10-28 11:28:09,374 - services - DEBUG - [services.py:845] - Tokenizing input...
2025-10-28 11:28:09,396 - services - DEBUG - [services.py:858] - Input tokenized: 222 tokens
2025-10-28 11:28:09,396 - services - DEBUG - [services.py:870] - Generating with max_new_tokens=1826
2025-10-28 11:28:19,892 - services - INFO - [services.py:1051] - [HTTP] GET /translate/async/1b0d03dd-0d05-48b6-93ac-6a64330a118a from 127.0.0.1
2025-10-28 11:28:19,893 - services - INFO - [services.py:1306] - [GET_ASYNC_TRANSLATION] Retrieving translation 1b0d03dd-0d05-48b6-93ac-6a64330a118a
2025-10-28 11:28:19,894 - services - INFO - [services.py:1056] - [HTTP] /translate/async/1b0d03dd-0d05-48b6-93ac-6a64330a118a - Status: 200 - Time: 0.002s
2025-10-28 11:28:30,175 - services - INFO - [services.py:1051] - [HTTP] GET /translate/async from 127.0.0.1
2025-10-28 11:28:30,177 - services - INFO - [services.py:1056] - [HTTP] /translate/async - Status: 200 - Time: 0.003s
2025-10-28 11:28:34,811 - services - INFO - [services.py:1051] - [HTTP] GET /translate/async/1b0d03dd-0d05-48b6-93ac-6a64330a118a from 127.0.0.1
2025-10-28 11:28:34,812 - services - INFO - [services.py:1306] - [GET_ASYNC_TRANSLATION] Retrieving translation 1b0d03dd-0d05-48b6-93ac-6a64330a118a
2025-10-28 11:28:34,813 - services - INFO - [services.py:1056] - [HTTP] /translate/async/1b0d03dd-0d05-48b6-93ac-6a64330a118a - Status: 200 - Time: 0.002s
2025-10-28 11:28:43,705 - services - INFO - [services.py:1051] - [HTTP] GET /translate/async/1b0d03dd-0d05-48b6-93ac-6a64330a118a from 127.0.0.1
2025-10-28 11:28:43,706 - services - INFO - [services.py:1306] - [GET_ASYNC_TRANSLATION] Retrieving translation 1b0d03dd-0d05-48b6-93ac-6a64330a118a
2025-10-28 11:28:43,707 - services - INFO - [services.py:1056] - [HTTP] /translate/async/1b0d03dd-0d05-48b6-93ac-6a64330a118a - Status: 200 - Time: 0.002s
2025-10-28 11:28:54,451 - services - INFO - [services.py:1051] - [HTTP] GET /translate/async/1b0d03dd-0d05-48b6-93ac-6a64330a118a from 127.0.0.1
2025-10-28 11:28:54,452 - services - INFO - [services.py:1306] - [GET_ASYNC_TRANSLATION] Retrieving translation 1b0d03dd-0d05-48b6-93ac-6a64330a118a
2025-10-28 11:28:54,453 - services - INFO - [services.py:1056] - [HTTP] /translate/async/1b0d03dd-0d05-48b6-93ac-6a64330a118a - Status: 200 - Time: 0.002s
2025-10-28 11:29:01,249 - services - INFO - [services.py:1051] - [HTTP] GET /translate/async/1b0d03dd-0d05-48b6-93ac-6a64330a118a from 127.0.0.1
2025-10-28 11:29:01,249 - services - INFO - [services.py:1306] - [GET_ASYNC_TRANSLATION] Retrieving translation 1b0d03dd-0d05-48b6-93ac-6a64330a118a
2025-10-28 11:29:01,250 - services - INFO - [services.py:1056] - [HTTP] /translate/async/1b0d03dd-0d05-48b6-93ac-6a64330a118a - Status: 200 - Time: 0.001s
2025-10-28 11:29:02,219 - services - INFO - [services.py:1051] - [HTTP] GET /translate/async/1b0d03dd-0d05-48b6-93ac-6a64330a118a from 127.0.0.1
2025-10-28 11:29:02,220 - services - INFO - [services.py:1306] - [GET_ASYNC_TRANSLATION] Retrieving translation 1b0d03dd-0d05-48b6-93ac-6a64330a118a
2025-10-28 11:29:02,220 - services - INFO - [services.py:1056] - [HTTP] /translate/async/1b0d03dd-0d05-48b6-93ac-6a64330a118a - Status: 200 - Time: 0.001s
2025-10-28 11:29:25,359 - services - INFO - [services.py:1051] - [HTTP] GET /translate/async/1b0d03dd-0d05-48b6-93ac-6a64330a118a from 127.0.0.1
2025-10-28 11:29:25,360 - services - INFO - [services.py:1306] - [GET_ASYNC_TRANSLATION] Retrieving translation 1b0d03dd-0d05-48b6-93ac-6a64330a118a
2025-10-28 11:29:25,361 - services - INFO - [services.py:1056] - [HTTP] /translate/async/1b0d03dd-0d05-48b6-93ac-6a64330a118a - Status: 200 - Time: 0.002s
2025-10-28 11:29:32,286 - services - INFO - [services.py:1051] - [HTTP] GET /translate/async/1b0d03dd-0d05-48b6-93ac-6a64330a118a from 127.0.0.1
2025-10-28 11:29:32,286 - services - INFO - [services.py:1306] - [GET_ASYNC_TRANSLATION] Retrieving translation 1b0d03dd-0d05-48b6-93ac-6a64330a118a
2025-10-28 11:29:32,287 - services - INFO - [services.py:1056] - [HTTP] /translate/async/1b0d03dd-0d05-48b6-93ac-6a64330a118a - Status: 200 - Time: 0.002s
2025-10-28 11:29:34,628 - services - INFO - [services.py:1051] - [HTTP] GET /translate/async/1b0d03dd-0d05-48b6-93ac-6a64330a118a from 127.0.0.1
2025-10-28 11:29:34,628 - services - INFO - [services.py:1306] - [GET_ASYNC_TRANSLATION] Retrieving translation 1b0d03dd-0d05-48b6-93ac-6a64330a118a
2025-10-28 11:29:34,629 - services - INFO - [services.py:1056] - [HTTP] /translate/async/1b0d03dd-0d05-48b6-93ac-6a64330a118a - Status: 200 - Time: 0.002s
2025-10-28 11:29:57,942 - services - INFO - [services.py:1051] - [HTTP] GET /translate/async/1b0d03dd-0d05-48b6-93ac-6a64330a118a from 127.0.0.1
2025-10-28 11:29:57,943 - services - INFO - [services.py:1306] - [GET_ASYNC_TRANSLATION] Retrieving translation 1b0d03dd-0d05-48b6-93ac-6a64330a118a
2025-10-28 11:29:57,943 - services - INFO - [services.py:1056] - [HTTP] /translate/async/1b0d03dd-0d05-48b6-93ac-6a64330a118a - Status: 200 - Time: 0.002s
2025-10-28 11:29:59,440 - services - INFO - [services.py:1051] - [HTTP] GET /translate/async/1b0d03dd-0d05-48b6-93ac-6a64330a118a from 127.0.0.1
2025-10-28 11:29:59,440 - services - INFO - [services.py:1306] - [GET_ASYNC_TRANSLATION] Retrieving translation 1b0d03dd-0d05-48b6-93ac-6a64330a118a
2025-10-28 11:29:59,442 - services - INFO - [services.py:1056] - [HTTP] /translate/async/1b0d03dd-0d05-48b6-93ac-6a64330a118a - Status: 200 - Time: 0.003s
2025-10-28 11:30:01,937 - services - DEBUG - [services.py:888] - Generated 197 tokens
2025-10-28 11:30:01,938 - services - INFO - [services.py:720] - [a4b47996] Translation completed in 112.56s
2025-10-28 11:30:01,938 - services - DEBUG - [services.py:725] - [a4b47996] GPU memory after translation: 3.70GB
2025-10-28 11:30:01,938 - services - INFO - [services.py:61] - [REQUEST_END] ID: a4b47996, Status: success, Error: None
2025-10-28 11:30:01,938 - services - INFO - [services.py:734] - [a4b47996] Translation successful
2025-10-28 11:30:01,939 - services - INFO - [services.py:138] - Saved async translation: 1b0d03dd-0d05-48b6-93ac-6a64330a118a
2025-10-28 11:30:01,939 - services - INFO - [services.py:1246] - [BACKGROUND] Translation 1b0d03dd-0d05-48b6-93ac-6a64330a118a completed successfully
2025-10-28 11:32:15,823 - services - INFO - [services.py:1051] - [HTTP] GET /translate/async/1b0d03dd-0d05-48b6-93ac-6a64330a118a from 127.0.0.1
2025-10-28 11:32:15,823 - services - INFO - [services.py:1306] - [GET_ASYNC_TRANSLATION] Retrieving translation 1b0d03dd-0d05-48b6-93ac-6a64330a118a
2025-10-28 11:32:15,824 - services - INFO - [services.py:1056] - [HTTP] /translate/async/1b0d03dd-0d05-48b6-93ac-6a64330a118a - Status: 200 - Time: 0.002s
2025-10-28 11:45:03,771 - services - INFO - [services.py:1051] - [HTTP] GET /health from 127.0.0.1
2025-10-28 11:45:03,773 - services - INFO - [services.py:1056] - [HTTP] /health - Status: 200 - Time: 0.002s
2025-10-28 12:06:03,455 - services - INFO - [services.py:1051] - [HTTP] GET /config from 127.0.0.1
2025-10-28 12:06:03,458 - services - INFO - [services.py:1056] - [HTTP] /config - Status: 200 - Time: 0.003s
2025-10-28 12:07:32,691 - services - INFO - [services.py:1051] - [HTTP] GET /health from 127.0.0.1
2025-10-28 12:07:32,693 - services - INFO - [services.py:1056] - [HTTP] /health - Status: 200 - Time: 0.002s
2025-10-28 12:08:26,937 - services - INFO - [services.py:1051] - [HTTP] GET /health from 127.0.0.1
2025-10-28 12:08:26,939 - services - INFO - [services.py:1056] - [HTTP] /health - Status: 200 - Time: 0.001s
2025-10-28 12:18:26,249 - services - INFO - [services.py:1051] - [HTTP] GET /translate/async/w3r from 127.0.0.1
2025-10-28 12:18:26,250 - services - INFO - [services.py:1306] - [GET_ASYNC_TRANSLATION] Retrieving translation w3r
2025-10-28 12:18:26,251 - services - WARNING - [services.py:1312] - [GET_ASYNC_TRANSLATION] Translation w3r not found
2025-10-28 12:18:26,254 - services - INFO - [services.py:1056] - [HTTP] /translate/async/w3r - Status: 404 - Time: 0.005s
2025-10-28 12:19:06,593 - services - INFO - [services.py:1051] - [HTTP] GET /translate/async from 127.0.0.1
2025-10-28 12:19:06,595 - services - INFO - [services.py:1056] - [HTTP] /translate/async - Status: 200 - Time: 0.002s
2025-10-28 12:19:57,745 - services - INFO - [services.py:1051] - [HTTP] GET /health from 127.0.0.1
2025-10-28 12:19:57,747 - services - INFO - [services.py:1056] - [HTTP] /health - Status: 200 - Time: 0.001s
2025-10-28 12:19:58,032 - services - INFO - [services.py:1051] - [HTTP] GET /languages from 127.0.0.1
2025-10-28 12:19:58,034 - services - INFO - [services.py:1056] - [HTTP] /languages - Status: 200 - Time: 0.002s
2025-10-28 12:19:58,338 - services - INFO - [services.py:1051] - [HTTP] GET /config from 127.0.0.1
2025-10-28 12:19:58,339 - services - INFO - [services.py:1056] - [HTTP] /config - Status: 200 - Time: 0.001s
2025-10-28 12:19:58,573 - services - INFO - [services.py:1051] - [HTTP] GET /config from 127.0.0.1
2025-10-28 12:19:58,574 - services - INFO - [services.py:1056] - [HTTP] /config - Status: 200 - Time: 0.001s
2025-10-28 12:19:59,276 - services - INFO - [services.py:1051] - [HTTP] GET /memory from 127.0.0.1
2025-10-28 12:19:59,288 - services - INFO - [services.py:1056] - [HTTP] /memory - Status: 200 - Time: 0.012s
2025-10-28 12:20:09,769 - services - INFO - [services.py:1051] - [HTTP] GET /memory from 127.0.0.1
2025-10-28 12:20:09,772 - services - INFO - [services.py:1056] - [HTTP] /memory - Status: 200 - Time: 0.003s
2025-10-28 12:20:19,232 - services - INFO - [services.py:1051] - [HTTP] GET /health from 127.0.0.1
2025-10-28 12:20:19,234 - services - INFO - [services.py:1056] - [HTTP] /health - Status: 200 - Time: 0.002s
2025-10-28 12:20:19,465 - services - INFO - [services.py:1051] - [HTTP] GET /languages from 127.0.0.1
2025-10-28 12:20:19,466 - services - INFO - [services.py:1056] - [HTTP] /languages - Status: 200 - Time: 0.001s
2025-10-28 12:20:19,686 - services - INFO - [services.py:1051] - [HTTP] GET /config from 127.0.0.1
2025-10-28 12:20:19,687 - services - INFO - [services.py:1056] - [HTTP] /config - Status: 200 - Time: 0.001s
2025-10-28 12:20:19,905 - services - INFO - [services.py:1051] - [HTTP] GET /config from 127.0.0.1
2025-10-28 12:20:19,907 - services - INFO - [services.py:1056] - [HTTP] /config - Status: 200 - Time: 0.001s
2025-10-28 12:20:20,432 - services - INFO - [services.py:1051] - [HTTP] GET /memory from 127.0.0.1
2025-10-28 12:20:20,434 - services - INFO - [services.py:1056] - [HTTP] /memory - Status: 200 - Time: 0.002s
2025-10-28 12:20:30,423 - services - INFO - [services.py:1051] - [HTTP] GET /health from 127.0.0.1
2025-10-28 12:20:30,423 - services - INFO - [services.py:1056] - [HTTP] /health - Status: 200 - Time: 0.001s
2025-10-28 12:20:31,612 - services - INFO - [services.py:1051] - [HTTP] GET /health from 127.0.0.1
2025-10-28 12:20:31,613 - services - INFO - [services.py:1056] - [HTTP] /health - Status: 200 - Time: 0.001s
2025-10-28 12:20:31,851 - services - INFO - [services.py:1051] - [HTTP] GET /languages from 127.0.0.1
2025-10-28 12:20:31,853 - services - INFO - [services.py:1056] - [HTTP] /languages - Status: 200 - Time: 0.001s
2025-10-28 12:20:32,355 - services - INFO - [services.py:1051] - [HTTP] GET /config from 127.0.0.1
2025-10-28 12:20:32,356 - services - INFO - [services.py:1056] - [HTTP] /config - Status: 200 - Time: 0.001s
2025-10-28 12:20:32,597 - services - INFO - [services.py:1051] - [HTTP] GET /config from 127.0.0.1
2025-10-28 12:20:32,598 - services - INFO - [services.py:1056] - [HTTP] /config - Status: 200 - Time: 0.001s
2025-10-28 12:20:32,849 - services - INFO - [services.py:1051] - [HTTP] GET /memory from 127.0.0.1
2025-10-28 12:20:32,850 - services - INFO - [services.py:1056] - [HTTP] /memory - Status: 200 - Time: 0.002s
2025-10-28 12:20:43,269 - services - INFO - [services.py:1051] - [HTTP] GET /memory from 127.0.0.1
2025-10-28 12:20:43,271 - services - INFO - [services.py:1056] - [HTTP] /memory - Status: 200 - Time: 0.002s
2025-10-28 12:20:53,299 - services - INFO - [services.py:1051] - [HTTP] GET /memory from 127.0.0.1
2025-10-28 12:20:53,301 - services - INFO - [services.py:1056] - [HTTP] /memory - Status: 200 - Time: 0.002s
2025-10-28 12:21:03,234 - services - INFO - [services.py:1051] - [HTTP] GET /health from 127.0.0.1
2025-10-28 12:21:03,236 - services - INFO - [services.py:1056] - [HTTP] /health - Status: 200 - Time: 0.002s
2025-10-28 12:21:03,240 - services - INFO - [services.py:1051] - [HTTP] GET /memory from 127.0.0.1
2025-10-28 12:21:03,243 - services - INFO - [services.py:1056] - [HTTP] /memory - Status: 200 - Time: 0.003s
2025-10-28 12:21:13,274 - services - INFO - [services.py:1051] - [HTTP] GET /memory from 127.0.0.1
2025-10-28 12:21:13,277 - services - INFO - [services.py:1056] - [HTTP] /memory - Status: 200 - Time: 0.003s
2025-10-28 12:21:23,302 - services - INFO - [services.py:1051] - [HTTP] GET /memory from 127.0.0.1
2025-10-28 12:21:23,306 - services - INFO - [services.py:1056] - [HTTP] /memory - Status: 200 - Time: 0.004s
2025-10-28 12:21:33,237 - services - INFO - [services.py:1051] - [HTTP] GET /memory from 127.0.0.1
2025-10-28 12:21:33,239 - services - INFO - [services.py:1056] - [HTTP] /memory - Status: 200 - Time: 0.002s
2025-10-28 12:21:33,240 - services - INFO - [services.py:1051] - [HTTP] GET /health from 127.0.0.1
2025-10-28 12:21:33,240 - services - INFO - [services.py:1056] - [HTTP] /health - Status: 200 - Time: 0.001s
2025-10-28 12:21:43,274 - services - INFO - [services.py:1051] - [HTTP] GET /memory from 127.0.0.1
2025-10-28 12:21:43,275 - services - INFO - [services.py:1056] - [HTTP] /memory - Status: 200 - Time: 0.002s
2025-10-28 12:21:53,086 - services - INFO - [services.py:1051] - [HTTP] GET /memory from 127.0.0.1
2025-10-28 12:21:53,087 - services - INFO - [services.py:1056] - [HTTP] /memory - Status: 200 - Time: 0.002s
2025-10-28 12:22:03,052 - services - INFO - [services.py:1051] - [HTTP] GET /health from 127.0.0.1
2025-10-28 12:22:03,054 - services - INFO - [services.py:1056] - [HTTP] /health - Status: 200 - Time: 0.002s
2025-10-28 12:22:03,156 - services - INFO - [services.py:1051] - [HTTP] GET /memory from 127.0.0.1
2025-10-28 12:22:03,157 - services - INFO - [services.py:1056] - [HTTP] /memory - Status: 200 - Time: 0.001s
2025-10-28 12:22:13,273 - services - INFO - [services.py:1051] - [HTTP] GET /memory from 127.0.0.1
2025-10-28 12:22:13,275 - services - INFO - [services.py:1056] - [HTTP] /memory - Status: 200 - Time: 0.002s
2025-10-28 12:22:23,924 - services - INFO - [services.py:1051] - [HTTP] GET /memory from 127.0.0.1
2025-10-28 12:22:23,927 - services - INFO - [services.py:1056] - [HTTP] /memory - Status: 200 - Time: 0.003s
2025-10-28 12:22:33,974 - services - INFO - [services.py:1051] - [HTTP] GET /health from 127.0.0.1
2025-10-28 12:22:33,978 - services - INFO - [services.py:1056] - [HTTP] /health - Status: 200 - Time: 0.003s
2025-10-28 12:22:34,004 - services - INFO - [services.py:1051] - [HTTP] GET /memory from 127.0.0.1
2025-10-28 12:22:34,007 - services - INFO - [services.py:1056] - [HTTP] /memory - Status: 200 - Time: 0.003s
2025-10-28 12:22:43,921 - services - INFO - [services.py:1051] - [HTTP] GET /memory from 127.0.0.1
2025-10-28 12:22:43,923 - services - INFO - [services.py:1056] - [HTTP] /memory - Status: 200 - Time: 0.002s
2025-10-28 12:22:53,931 - services - INFO - [services.py:1051] - [HTTP] GET /memory from 127.0.0.1
2025-10-28 12:22:53,932 - services - INFO - [services.py:1056] - [HTTP] /memory - Status: 200 - Time: 0.002s
2025-10-28 12:23:03,931 - services - INFO - [services.py:1051] - [HTTP] GET /health from 127.0.0.1
2025-10-28 12:23:03,933 - services - INFO - [services.py:1056] - [HTTP] /health - Status: 200 - Time: 0.002s
2025-10-28 12:23:03,953 - services - INFO - [services.py:1051] - [HTTP] GET /memory from 127.0.0.1
2025-10-28 12:23:03,955 - services - INFO - [services.py:1056] - [HTTP] /memory - Status: 200 - Time: 0.002s
2025-10-28 12:23:13,933 - services - INFO - [services.py:1051] - [HTTP] GET /memory from 127.0.0.1
2025-10-28 12:23:13,935 - services - INFO - [services.py:1056] - [HTTP] /memory - Status: 200 - Time: 0.001s
2025-10-28 12:23:33,922 - services - INFO - [services.py:1051] - [HTTP] GET /health from 127.0.0.1
2025-10-28 12:23:33,923 - services - INFO - [services.py:1056] - [HTTP] /health - Status: 200 - Time: 0.001s
2025-10-28 12:23:54,934 - services - INFO - [services.py:1051] - [HTTP] GET /memory from 127.0.0.1
2025-10-28 12:23:54,937 - services - INFO - [services.py:1056] - [HTTP] /memory - Status: 200 - Time: 0.003s
2025-10-28 12:24:54,940 - services - INFO - [services.py:1051] - [HTTP] GET /health from 127.0.0.1
2025-10-28 12:24:54,941 - services - INFO - [services.py:1056] - [HTTP] /health - Status: 200 - Time: 0.001s
2025-10-28 12:24:54,943 - services - INFO - [services.py:1051] - [HTTP] GET /memory from 127.0.0.1
2025-10-28 12:24:54,946 - services - INFO - [services.py:1056] - [HTTP] /memory - Status: 200 - Time: 0.003s
2025-10-28 12:25:54,950 - services - INFO - [services.py:1051] - [HTTP] GET /health from 127.0.0.1
2025-10-28 12:25:54,951 - services - INFO - [services.py:1056] - [HTTP] /health - Status: 200 - Time: 0.001s
2025-10-28 12:25:54,959 - services - INFO - [services.py:1051] - [HTTP] GET /memory from 127.0.0.1
2025-10-28 12:25:54,960 - services - INFO - [services.py:1056] - [HTTP] /memory - Status: 200 - Time: 0.001s
2025-10-28 12:26:54,933 - services - INFO - [services.py:1051] - [HTTP] GET /health from 127.0.0.1
2025-10-28 12:26:54,935 - services - INFO - [services.py:1056] - [HTTP] /health - Status: 200 - Time: 0.002s
2025-10-28 12:26:54,968 - services - INFO - [services.py:1051] - [HTTP] GET /memory from 127.0.0.1
2025-10-28 12:26:54,970 - services - INFO - [services.py:1056] - [HTTP] /memory - Status: 200 - Time: 0.001s
2025-10-28 12:27:54,936 - services - INFO - [services.py:1051] - [HTTP] GET /health from 127.0.0.1
2025-10-28 12:27:54,938 - services - INFO - [services.py:1056] - [HTTP] /health - Status: 200 - Time: 0.001s
2025-10-28 12:27:54,961 - services - INFO - [services.py:1051] - [HTTP] GET /memory from 127.0.0.1
2025-10-28 12:27:54,963 - services - INFO - [services.py:1056] - [HTTP] /memory - Status: 200 - Time: 0.002s
2025-10-28 12:28:54,925 - services - INFO - [services.py:1051] - [HTTP] GET /health from 127.0.0.1
2025-10-28 12:28:54,926 - services - INFO - [services.py:1056] - [HTTP] /health - Status: 200 - Time: 0.001s
2025-10-28 12:28:54,987 - services - INFO - [services.py:1051] - [HTTP] GET /memory from 127.0.0.1
2025-10-28 12:28:54,989 - services - INFO - [services.py:1056] - [HTTP] /memory - Status: 200 - Time: 0.002s
2025-10-28 12:29:55,006 - services - INFO - [services.py:1051] - [HTTP] GET /health from 127.0.0.1
2025-10-28 12:29:55,007 - services - INFO - [services.py:1056] - [HTTP] /health - Status: 200 - Time: 0.001s
2025-10-28 12:29:55,019 - services - INFO - [services.py:1051] - [HTTP] GET /memory from 127.0.0.1
2025-10-28 12:29:55,021 - services - INFO - [services.py:1056] - [HTTP] /memory - Status: 200 - Time: 0.002s
2025-10-28 12:30:54,932 - services - INFO - [services.py:1051] - [HTTP] GET /memory from 127.0.0.1
2025-10-28 12:30:54,934 - services - INFO - [services.py:1056] - [HTTP] /memory - Status: 200 - Time: 0.002s
2025-10-28 12:30:54,936 - services - INFO - [services.py:1051] - [HTTP] GET /health from 127.0.0.1
2025-10-28 12:30:54,937 - services - INFO - [services.py:1056] - [HTTP] /health - Status: 200 - Time: 0.002s
2025-10-28 12:31:54,962 - services - INFO - [services.py:1051] - [HTTP] GET /health from 127.0.0.1
2025-10-28 12:31:54,964 - services - INFO - [services.py:1056] - [HTTP] /health - Status: 200 - Time: 0.002s
2025-10-28 12:31:54,966 - services - INFO - [services.py:1051] - [HTTP] GET /memory from 127.0.0.1
2025-10-28 12:31:54,968 - services - INFO - [services.py:1056] - [HTTP] /memory - Status: 200 - Time: 0.002s
2025-10-28 12:32:54,944 - services - INFO - [services.py:1051] - [HTTP] GET /health from 127.0.0.1
2025-10-28 12:32:54,946 - services - INFO - [services.py:1056] - [HTTP] /health - Status: 200 - Time: 0.002s
2025-10-28 12:32:55,132 - services - INFO - [services.py:1051] - [HTTP] GET /memory from 127.0.0.1
2025-10-28 12:32:55,134 - services - INFO - [services.py:1056] - [HTTP] /memory - Status: 200 - Time: 0.002s
2025-10-28 12:33:54,903 - services - INFO - [services.py:1051] - [HTTP] GET /health from 127.0.0.1
2025-10-28 12:33:54,904 - services - INFO - [services.py:1056] - [HTTP] /health - Status: 200 - Time: 0.001s
2025-10-28 12:33:54,929 - services - INFO - [services.py:1051] - [HTTP] GET /memory from 127.0.0.1
2025-10-28 12:33:54,931 - services - INFO - [services.py:1056] - [HTTP] /memory - Status: 200 - Time: 0.002s
2025-10-28 12:34:54,921 - services - INFO - [services.py:1051] - [HTTP] GET /health from 127.0.0.1
2025-10-28 12:34:54,923 - services - INFO - [services.py:1056] - [HTTP] /health - Status: 200 - Time: 0.002s
2025-10-28 12:34:54,924 - services - INFO - [services.py:1051] - [HTTP] GET /memory from 127.0.0.1
2025-10-28 12:34:54,927 - services - INFO - [services.py:1056] - [HTTP] /memory - Status: 200 - Time: 0.003s
2025-10-28 12:35:54,921 - services - INFO - [services.py:1051] - [HTTP] GET /memory from 127.0.0.1
2025-10-28 12:35:54,922 - services - INFO - [services.py:1056] - [HTTP] /memory - Status: 200 - Time: 0.002s
2025-10-28 12:35:54,936 - services - INFO - [services.py:1051] - [HTTP] GET /health from 127.0.0.1
2025-10-28 12:35:54,937 - services - INFO - [services.py:1056] - [HTTP] /health - Status: 200 - Time: 0.002s
2025-10-28 12:36:54,932 - services - INFO - [services.py:1051] - [HTTP] GET /health from 127.0.0.1
2025-10-28 12:36:54,933 - services - INFO - [services.py:1056] - [HTTP] /health - Status: 200 - Time: 0.002s
2025-10-28 12:36:54,934 - services - INFO - [services.py:1051] - [HTTP] GET /memory from 127.0.0.1
2025-10-28 12:36:54,936 - services - INFO - [services.py:1056] - [HTTP] /memory - Status: 200 - Time: 0.001s
2025-10-28 12:37:54,930 - services - INFO - [services.py:1051] - [HTTP] GET /memory from 127.0.0.1
2025-10-28 12:37:54,931 - services - INFO - [services.py:1056] - [HTTP] /memory - Status: 200 - Time: 0.001s
2025-10-28 12:37:54,942 - services - INFO - [services.py:1051] - [HTTP] GET /health from 127.0.0.1
2025-10-28 12:37:54,942 - services - INFO - [services.py:1056] - [HTTP] /health - Status: 200 - Time: 0.001s
2025-10-28 12:38:54,907 - services - INFO - [services.py:1051] - [HTTP] GET /health from 127.0.0.1
2025-10-28 12:38:54,909 - services - INFO - [services.py:1056] - [HTTP] /health - Status: 200 - Time: 0.002s
2025-10-28 12:38:54,922 - services - INFO - [services.py:1051] - [HTTP] GET /memory from 127.0.0.1
2025-10-28 12:38:54,923 - services - INFO - [services.py:1056] - [HTTP] /memory - Status: 200 - Time: 0.002s
2025-10-28 12:39:54,910 - services - INFO - [services.py:1051] - [HTTP] GET /health from 127.0.0.1
2025-10-28 12:39:54,912 - services - INFO - [services.py:1056] - [HTTP] /health - Status: 200 - Time: 0.002s
2025-10-28 12:39:54,928 - services - INFO - [services.py:1051] - [HTTP] GET /memory from 127.0.0.1
2025-10-28 12:39:54,929 - services - INFO - [services.py:1056] - [HTTP] /memory - Status: 200 - Time: 0.001s
2025-10-28 12:40:55,092 - services - INFO - [services.py:1051] - [HTTP] GET /memory from 127.0.0.1
2025-10-28 12:40:55,093 - services - INFO - [services.py:1056] - [HTTP] /memory - Status: 200 - Time: 0.001s
2025-10-28 12:40:55,096 - services - INFO - [services.py:1051] - [HTTP] GET /health from 127.0.0.1
2025-10-28 12:40:55,097 - services - INFO - [services.py:1056] - [HTTP] /health - Status: 200 - Time: 0.002s
2025-10-28 12:41:54,919 - services - INFO - [services.py:1051] - [HTTP] GET /health from 127.0.0.1
2025-10-28 12:41:54,921 - services - INFO - [services.py:1056] - [HTTP] /health - Status: 200 - Time: 0.002s
2025-10-28 12:41:54,929 - services - INFO - [services.py:1051] - [HTTP] GET /memory from 127.0.0.1
2025-10-28 12:41:54,930 - services - INFO - [services.py:1056] - [HTTP] /memory - Status: 200 - Time: 0.001s
2025-10-28 12:42:55,016 - services - INFO - [services.py:1051] - [HTTP] GET /memory from 127.0.0.1
2025-10-28 12:42:55,017 - services - INFO - [services.py:1056] - [HTTP] /memory - Status: 200 - Time: 0.001s
2025-10-28 12:42:55,020 - services - INFO - [services.py:1051] - [HTTP] GET /health from 127.0.0.1
2025-10-28 12:42:55,021 - services - INFO - [services.py:1056] - [HTTP] /health - Status: 200 - Time: 0.001s
2025-10-28 12:43:54,938 - services - INFO - [services.py:1051] - [HTTP] GET /health from 127.0.0.1
2025-10-28 12:43:54,939 - services - INFO - [services.py:1056] - [HTTP] /health - Status: 200 - Time: 0.002s
2025-10-28 12:43:54,940 - services - INFO - [services.py:1051] - [HTTP] GET /memory from 127.0.0.1
2025-10-28 12:43:54,942 - services - INFO - [services.py:1056] - [HTTP] /memory - Status: 200 - Time: 0.002s
2025-10-28 12:44:54,903 - services - INFO - [services.py:1051] - [HTTP] GET /memory from 127.0.0.1
2025-10-28 12:44:54,904 - services - INFO - [services.py:1056] - [HTTP] /memory - Status: 200 - Time: 0.001s
2025-10-28 12:44:54,914 - services - INFO - [services.py:1051] - [HTTP] GET /health from 127.0.0.1
2025-10-28 12:44:54,914 - services - INFO - [services.py:1056] - [HTTP] /health - Status: 200 - Time: 0.001s
2025-10-28 12:45:54,899 - services - INFO - [services.py:1051] - [HTTP] GET /health from 127.0.0.1
2025-10-28 12:45:54,901 - services - INFO - [services.py:1056] - [HTTP] /health - Status: 200 - Time: 0.002s
2025-10-28 12:45:54,925 - services - INFO - [services.py:1051] - [HTTP] GET /memory from 127.0.0.1
2025-10-28 12:45:54,926 - services - INFO - [services.py:1056] - [HTTP] /memory - Status: 200 - Time: 0.001s
2025-10-28 12:46:54,907 - services - INFO - [services.py:1051] - [HTTP] GET /health from 127.0.0.1
2025-10-28 12:46:54,909 - services - INFO - [services.py:1056] - [HTTP] /health - Status: 200 - Time: 0.002s
2025-10-28 12:46:54,924 - services - INFO - [services.py:1051] - [HTTP] GET /memory from 127.0.0.1
2025-10-28 12:46:54,927 - services - INFO - [services.py:1056] - [HTTP] /memory - Status: 200 - Time: 0.002s
2025-10-28 12:47:52,659 - services - INFO - [services.py:1051] - [HTTP] GET /health from 127.0.0.1
2025-10-28 12:47:52,662 - services - INFO - [services.py:1056] - [HTTP] /health - Status: 200 - Time: 0.003s
2025-10-28 12:47:52,703 - services - INFO - [services.py:1051] - [HTTP] GET /memory from 127.0.0.1
2025-10-28 12:47:52,705 - services - INFO - [services.py:1056] - [HTTP] /memory - Status: 200 - Time: 0.002s
2025-10-28 12:48:22,432 - services - INFO - [services.py:1051] - [HTTP] GET /memory from 127.0.0.1
2025-10-28 12:48:22,433 - services - INFO - [services.py:1056] - [HTTP] /memory - Status: 200 - Time: 0.001s
2025-10-28 12:48:45,620 - services - INFO - [services.py:1051] - [HTTP] GET /translate/async from 127.0.0.1
2025-10-28 12:48:45,622 - services - INFO - [services.py:1056] - [HTTP] /translate/async - Status: 200 - Time: 0.002s
2025-10-28 12:56:12,490 - services - INFO - [services.py:1051] - [HTTP] GET /translate/async from 127.0.0.1
2025-10-28 12:56:12,492 - services - INFO - [services.py:1056] - [HTTP] /translate/async - Status: 200 - Time: 0.002s
2025-10-30 15:17:28,519 - services - INFO - [services.py:1051] - [HTTP] GET /health from 127.0.0.1
2025-10-30 15:17:28,521 - services - INFO - [services.py:1056] - [HTTP] /health - Status: 200 - Time: 0.002s
2025-10-30 15:17:37,995 - services - INFO - [services.py:1051] - [HTTP] GET /languages from 127.0.0.1
2025-10-30 15:17:37,996 - services - INFO - [services.py:1056] - [HTTP] /languages - Status: 200 - Time: 0.001s
2025-10-30 15:17:42,995 - services - INFO - [services.py:1051] - [HTTP] GET /config from 127.0.0.1
2025-10-30 15:17:42,996 - services - INFO - [services.py:1056] - [HTTP] /config - Status: 200 - Time: 0.002s
2025-10-30 15:17:43,410 - services - INFO - [services.py:1051] - [HTTP] GET /config from 127.0.0.1
2025-10-30 15:17:43,412 - services - INFO - [services.py:1056] - [HTTP] /config - Status: 200 - Time: 0.002s
2025-10-30 15:17:43,831 - services - INFO - [services.py:1051] - [HTTP] GET /memory from 127.0.0.1
2025-10-30 15:17:43,833 - services - INFO - [services.py:1056] - [HTTP] /memory - Status: 200 - Time: 0.002s
2025-10-30 15:17:54,570 - services - INFO - [services.py:1051] - [HTTP] GET /memory from 127.0.0.1
2025-10-30 15:17:54,572 - services - INFO - [services.py:1056] - [HTTP] /memory - Status: 200 - Time: 0.002s
2025-10-30 15:18:04,634 - services - INFO - [services.py:1051] - [HTTP] GET /memory from 127.0.0.1
2025-10-30 15:18:04,636 - services - INFO - [services.py:1056] - [HTTP] /memory - Status: 200 - Time: 0.001s
2025-10-30 15:18:14,028 - services - INFO - [services.py:1051] - [HTTP] GET /health from 127.0.0.1
2025-10-30 15:18:14,029 - services - INFO - [services.py:1056] - [HTTP] /health - Status: 200 - Time: 0.001s
2025-10-30 15:18:18,335 - services - INFO - [services.py:1051] - [HTTP] GET /health from 127.0.0.1
2025-10-30 15:18:18,337 - services - INFO - [services.py:1056] - [HTTP] /health - Status: 200 - Time: 0.002s
2025-10-30 15:18:22,735 - services - INFO - [services.py:1051] - [HTTP] GET /languages from 127.0.0.1
2025-10-30 15:18:22,736 - services - INFO - [services.py:1056] - [HTTP] /languages - Status: 200 - Time: 0.001s
2025-10-30 15:18:23,214 - services - INFO - [services.py:1051] - [HTTP] GET /config from 127.0.0.1
2025-10-30 15:18:23,215 - services - INFO - [services.py:1056] - [HTTP] /config - Status: 200 - Time: 0.001s
2025-10-30 15:18:25,936 - services - INFO - [services.py:1051] - [HTTP] GET /health from 127.0.0.1
2025-10-30 15:18:25,937 - services - INFO - [services.py:1056] - [HTTP] /health - Status: 200 - Time: 0.001s
2025-10-30 15:18:26,366 - services - INFO - [services.py:1051] - [HTTP] GET /languages from 127.0.0.1
2025-10-30 15:18:26,367 - services - INFO - [services.py:1056] - [HTTP] /languages - Status: 200 - Time: 0.001s
2025-10-30 15:18:26,689 - services - INFO - [services.py:1051] - [HTTP] GET /config from 127.0.0.1
2025-10-30 15:18:26,690 - services - INFO - [services.py:1056] - [HTTP] /config - Status: 200 - Time: 0.001s
2025-10-30 15:18:27,411 - services - INFO - [services.py:1051] - [HTTP] GET /config from 127.0.0.1
2025-10-30 15:18:27,412 - services - INFO - [services.py:1056] - [HTTP] /config - Status: 200 - Time: 0.001s
2025-10-30 15:18:27,837 - services - INFO - [services.py:1051] - [HTTP] GET /memory from 127.0.0.1
2025-10-30 15:18:27,840 - services - INFO - [services.py:1056] - [HTTP] /memory - Status: 200 - Time: 0.002s
2025-10-30 15:18:37,946 - services - INFO - [services.py:1051] - [HTTP] GET /memory from 127.0.0.1
2025-10-30 15:18:37,948 - services - INFO - [services.py:1056] - [HTTP] /memory - Status: 200 - Time: 0.002s
2025-10-30 20:55:56,761 - services - INFO - [services.py:1051] - [HTTP] GET /health from 127.0.0.1
2025-10-30 20:55:56,763 - services - INFO - [services.py:1056] - [HTTP] /health - Status: 200 - Time: 0.001s
2025-10-30 20:56:02,004 - services - INFO - [services.py:1051] - [HTTP] GET /languages from 127.0.0.1
2025-10-30 20:56:02,005 - services - INFO - [services.py:1056] - [HTTP] /languages - Status: 200 - Time: 0.001s
2025-10-30 20:56:04,123 - services - INFO - [services.py:1051] - [HTTP] GET /config from 127.0.0.1
2025-10-30 20:56:04,124 - services - INFO - [services.py:1056] - [HTTP] /config - Status: 200 - Time: 0.001s
2025-10-30 20:56:04,506 - services - INFO - [services.py:1051] - [HTTP] GET /config from 127.0.0.1
2025-10-30 20:56:04,507 - services - INFO - [services.py:1056] - [HTTP] /config - Status: 200 - Time: 0.001s
2025-10-30 20:56:05,234 - services - INFO - [services.py:1051] - [HTTP] GET /memory from 127.0.0.1
2025-10-30 20:56:05,235 - services - INFO - [services.py:1056] - [HTTP] /memory - Status: 200 - Time: 0.002s
2025-10-30 20:56:15,500 - services - INFO - [services.py:1051] - [HTTP] GET /memory from 127.0.0.1
2025-10-30 20:56:15,502 - services - INFO - [services.py:1056] - [HTTP] /memory - Status: 200 - Time: 0.002s
2025-10-30 20:56:25,496 - services - INFO - [services.py:1051] - [HTTP] GET /memory from 127.0.0.1
2025-10-30 20:56:25,497 - services - INFO - [services.py:1056] - [HTTP] /memory - Status: 200 - Time: 0.001s
2025-10-30 20:56:35,436 - services - INFO - [services.py:1051] - [HTTP] GET /health from 127.0.0.1
2025-10-30 20:56:35,436 - services - INFO - [services.py:1056] - [HTTP] /health - Status: 200 - Time: 0.001s
2025-10-30 20:56:35,500 - services - INFO - [services.py:1051] - [HTTP] GET /memory from 127.0.0.1
2025-10-30 20:56:35,501 - services - INFO - [services.py:1056] - [HTTP] /memory - Status: 200 - Time: 0.001s
2025-10-30 20:56:39,666 - services - INFO - [services.py:1051] - [HTTP] GET /health from 127.0.0.1
2025-10-30 20:56:39,667 - services - INFO - [services.py:1056] - [HTTP] /health - Status: 200 - Time: 0.001s
2025-10-30 20:56:45,487 - services - INFO - [services.py:1051] - [HTTP] GET /languages from 127.0.0.1
2025-10-30 20:56:45,488 - services - INFO - [services.py:1056] - [HTTP] /languages - Status: 200 - Time: 0.001s
2025-10-30 20:56:47,194 - services - INFO - [services.py:1051] - [HTTP] GET /config from 127.0.0.1
2025-10-30 20:56:47,195 - services - INFO - [services.py:1056] - [HTTP] /config - Status: 200 - Time: 0.001s
2025-10-30 20:56:47,774 - services - INFO - [services.py:1051] - [HTTP] GET /config from 127.0.0.1
2025-10-30 20:56:47,775 - services - INFO - [services.py:1056] - [HTTP] /config - Status: 200 - Time: 0.002s
2025-10-30 20:56:48,091 - services - INFO - [services.py:1051] - [HTTP] GET /memory from 127.0.0.1
2025-10-30 20:56:48,093 - services - INFO - [services.py:1056] - [HTTP] /memory - Status: 200 - Time: 0.002s
2025-10-30 20:56:56,181 - services - INFO - [services.py:1051] - [HTTP] GET /memory from 127.0.0.1
2025-10-30 20:56:56,184 - services - INFO - [services.py:1056] - [HTTP] /memory - Status: 200 - Time: 0.003s
2025-10-30 20:57:06,138 - services - INFO - [services.py:1051] - [HTTP] GET /memory from 127.0.0.1
2025-10-30 20:57:06,141 - services - INFO - [services.py:1056] - [HTTP] /memory - Status: 200 - Time: 0.002s
2025-10-30 20:57:15,883 - services - INFO - [services.py:1051] - [HTTP] GET /health from 127.0.0.1
2025-10-30 20:57:15,885 - services - INFO - [services.py:1056] - [HTTP] /health - Status: 200 - Time: 0.002s
2025-10-30 20:57:16,882 - services - INFO - [services.py:1051] - [HTTP] GET /memory from 127.0.0.1
2025-10-30 20:57:16,884 - services - INFO - [services.py:1056] - [HTTP] /memory - Status: 200 - Time: 0.001s
2025-10-30 20:57:26,873 - services - INFO - [services.py:1051] - [HTTP] GET /memory from 127.0.0.1
2025-10-30 20:57:26,873 - services - INFO - [services.py:1056] - [HTTP] /memory - Status: 200 - Time: 0.001s
2025-10-30 20:57:36,880 - services - INFO - [services.py:1051] - [HTTP] GET /memory from 127.0.0.1
2025-10-30 20:57:36,882 - services - INFO - [services.py:1056] - [HTTP] /memory - Status: 200 - Time: 0.002s
2025-10-30 20:57:46,271 - services - INFO - [services.py:1051] - [HTTP] GET /health from 127.0.0.1
2025-10-30 20:57:46,271 - services - INFO - [services.py:1056] - [HTTP] /health - Status: 200 - Time: 0.001s
2025-10-30 20:57:47,329 - services - INFO - [services.py:1051] - [HTTP] GET /memory from 127.0.0.1
2025-10-30 20:57:47,330 - services - INFO - [services.py:1056] - [HTTP] /memory - Status: 200 - Time: 0.001s
2025-10-30 20:57:58,251 - services - INFO - [services.py:1051] - [HTTP] GET /memory from 127.0.0.1
2025-10-30 20:57:58,252 - services - INFO - [services.py:1056] - [HTTP] /memory - Status: 200 - Time: 0.001s
2025-10-30 20:58:08,202 - services - INFO - [services.py:1051] - [HTTP] GET /memory from 127.0.0.1
2025-10-30 20:58:08,204 - services - INFO - [services.py:1056] - [HTTP] /memory - Status: 200 - Time: 0.002s
2025-10-30 20:58:16,315 - services - INFO - [services.py:1051] - [HTTP] GET /health from 127.0.0.1
2025-10-30 20:58:16,316 - services - INFO - [services.py:1056] - [HTTP] /health - Status: 200 - Time: 0.001s
2025-10-30 20:58:18,211 - services - INFO - [services.py:1051] - [HTTP] GET /memory from 127.0.0.1
2025-10-30 20:58:18,213 - services - INFO - [services.py:1056] - [HTTP] /memory - Status: 200 - Time: 0.002s
2025-10-30 20:58:28,186 - services - INFO - [services.py:1051] - [HTTP] GET /memory from 127.0.0.1
2025-10-30 20:58:28,188 - services - INFO - [services.py:1056] - [HTTP] /memory - Status: 200 - Time: 0.002s
2025-10-30 20:58:38,191 - services - INFO - [services.py:1051] - [HTTP] GET /memory from 127.0.0.1
2025-10-30 20:58:38,192 - services - INFO - [services.py:1056] - [HTTP] /memory - Status: 200 - Time: 0.001s
2025-10-30 20:58:46,477 - services - INFO - [services.py:1051] - [HTTP] GET /health from 127.0.0.1
2025-10-30 20:58:46,478 - services - INFO - [services.py:1056] - [HTTP] /health - Status: 200 - Time: 0.001s
2025-10-30 20:58:48,189 - services - INFO - [services.py:1051] - [HTTP] GET /memory from 127.0.0.1
2025-10-30 20:58:48,191 - services - INFO - [services.py:1056] - [HTTP] /memory - Status: 200 - Time: 0.002s
2025-10-30 20:58:58,190 - services - INFO - [services.py:1051] - [HTTP] GET /memory from 127.0.0.1
2025-10-30 20:58:58,192 - services - INFO - [services.py:1056] - [HTTP] /memory - Status: 200 - Time: 0.002s
2025-10-30 20:59:08,194 - services - INFO - [services.py:1051] - [HTTP] GET /memory from 127.0.0.1
2025-10-30 20:59:08,196 - services - INFO - [services.py:1056] - [HTTP] /memory - Status: 200 - Time: 0.001s
2025-10-30 20:59:16,458 - services - INFO - [services.py:1051] - [HTTP] GET /health from 127.0.0.1
2025-10-30 20:59:16,459 - services - INFO - [services.py:1056] - [HTTP] /health - Status: 200 - Time: 0.001s
2025-10-30 20:59:18,212 - services - INFO - [services.py:1051] - [HTTP] GET /memory from 127.0.0.1
2025-10-30 20:59:18,214 - services - INFO - [services.py:1056] - [HTTP] /memory - Status: 200 - Time: 0.002s
2025-10-30 20:59:28,201 - services - INFO - [services.py:1051] - [HTTP] GET /memory from 127.0.0.1
2025-10-30 20:59:28,203 - services - INFO - [services.py:1056] - [HTTP] /memory - Status: 200 - Time: 0.002s
2025-10-30 20:59:38,198 - services - INFO - [services.py:1051] - [HTTP] GET /memory from 127.0.0.1
2025-10-30 20:59:38,201 - services - INFO - [services.py:1056] - [HTTP] /memory - Status: 200 - Time: 0.002s
2025-10-30 20:59:46,457 - services - INFO - [services.py:1051] - [HTTP] GET /health from 127.0.0.1
2025-10-30 20:59:46,458 - services - INFO - [services.py:1056] - [HTTP] /health - Status: 200 - Time: 0.002s
2025-10-30 20:59:48,195 - services - INFO - [services.py:1051] - [HTTP] GET /memory from 127.0.0.1
2025-10-30 20:59:48,196 - services - INFO - [services.py:1056] - [HTTP] /memory - Status: 200 - Time: 0.002s
2025-10-30 20:59:59,260 - services - INFO - [services.py:1051] - [HTTP] GET /memory from 127.0.0.1
2025-10-30 20:59:59,262 - services - INFO - [services.py:1056] - [HTTP] /memory - Status: 200 - Time: 0.002s
2025-10-30 21:00:09,270 - services - INFO - [services.py:1051] - [HTTP] GET /memory from 127.0.0.1
2025-10-30 21:00:09,272 - services - INFO - [services.py:1056] - [HTTP] /memory - Status: 200 - Time: 0.002s
2025-10-30 21:00:16,465 - services - INFO - [services.py:1051] - [HTTP] GET /health from 127.0.0.1
2025-10-30 21:00:16,466 - services - INFO - [services.py:1056] - [HTTP] /health - Status: 200 - Time: 0.001s
2025-10-30 21:00:19,238 - services - INFO - [services.py:1051] - [HTTP] GET /memory from 127.0.0.1
2025-10-30 21:00:19,240 - services - INFO - [services.py:1056] - [HTTP] /memory - Status: 200 - Time: 0.002s
2025-10-30 21:00:29,243 - services - INFO - [services.py:1051] - [HTTP] GET /memory from 127.0.0.1
2025-10-30 21:00:29,243 - services - INFO - [services.py:1056] - [HTTP] /memory - Status: 200 - Time: 0.001s
2025-10-30 21:00:39,240 - services - INFO - [services.py:1051] - [HTTP] GET /memory from 127.0.0.1
2025-10-30 21:00:39,241 - services - INFO - [services.py:1056] - [HTTP] /memory - Status: 200 - Time: 0.001s
2025-10-30 21:00:46,466 - services - INFO - [services.py:1051] - [HTTP] GET /health from 127.0.0.1
2025-10-30 21:00:46,467 - services - INFO - [services.py:1056] - [HTTP] /health - Status: 200 - Time: 0.001s
2025-10-30 21:00:49,475 - services - INFO - [services.py:1051] - [HTTP] GET /memory from 127.0.0.1
2025-10-30 21:00:49,477 - services - INFO - [services.py:1056] - [HTTP] /memory - Status: 200 - Time: 0.002s
2025-10-30 21:00:59,509 - services - INFO - [services.py:1051] - [HTTP] GET /memory from 127.0.0.1
2025-10-30 21:00:59,510 - services - INFO - [services.py:1056] - [HTTP] /memory - Status: 200 - Time: 0.002s
2025-10-30 21:01:09,547 - services - INFO - [services.py:1051] - [HTTP] GET /memory from 127.0.0.1
2025-10-30 21:01:09,548 - services - INFO - [services.py:1056] - [HTTP] /memory - Status: 200 - Time: 0.001s
2025-10-30 21:01:16,464 - services - INFO - [services.py:1051] - [HTTP] GET /health from 127.0.0.1
2025-10-30 21:01:16,465 - services - INFO - [services.py:1056] - [HTTP] /health - Status: 200 - Time: 0.001s
2025-10-30 21:01:19,636 - services - INFO - [services.py:1051] - [HTTP] GET /memory from 127.0.0.1
2025-10-30 21:01:19,638 - services - INFO - [services.py:1056] - [HTTP] /memory - Status: 200 - Time: 0.002s
2025-10-30 21:01:29,644 - services - INFO - [services.py:1051] - [HTTP] GET /memory from 127.0.0.1
2025-10-30 21:01:29,646 - services - INFO - [services.py:1056] - [HTTP] /memory - Status: 200 - Time: 0.001s
2025-10-30 21:01:39,689 - services - INFO - [services.py:1051] - [HTTP] GET /memory from 127.0.0.1
2025-10-30 21:01:39,691 - services - INFO - [services.py:1056] - [HTTP] /memory - Status: 200 - Time: 0.002s
2025-10-30 21:01:46,460 - services - INFO - [services.py:1051] - [HTTP] GET /health from 127.0.0.1
2025-10-30 21:01:46,461 - services - INFO - [services.py:1056] - [HTTP] /health - Status: 200 - Time: 0.001s
2025-10-30 21:01:49,644 - services - INFO - [services.py:1051] - [HTTP] GET /memory from 127.0.0.1
2025-10-30 21:01:49,645 - services - INFO - [services.py:1056] - [HTTP] /memory - Status: 200 - Time: 0.001s
2025-10-30 21:01:59,648 - services - INFO - [services.py:1051] - [HTTP] GET /memory from 127.0.0.1
2025-10-30 21:01:59,649 - services - INFO - [services.py:1056] - [HTTP] /memory - Status: 200 - Time: 0.002s
2025-10-30 21:02:09,648 - services - INFO - [services.py:1051] - [HTTP] GET /memory from 127.0.0.1
2025-10-30 21:02:09,649 - services - INFO - [services.py:1056] - [HTTP] /memory - Status: 200 - Time: 0.002s
2025-10-30 21:02:16,468 - services - INFO - [services.py:1051] - [HTTP] GET /health from 127.0.0.1
2025-10-30 21:02:16,470 - services - INFO - [services.py:1056] - [HTTP] /health - Status: 200 - Time: 0.002s
2025-10-30 21:02:19,641 - services - INFO - [services.py:1051] - [HTTP] GET /memory from 127.0.0.1
2025-10-30 21:02:19,643 - services - INFO - [services.py:1056] - [HTTP] /memory - Status: 200 - Time: 0.002s
2025-10-30 21:02:29,661 - services - INFO - [services.py:1051] - [HTTP] GET /memory from 127.0.0.1
2025-10-30 21:02:29,662 - services - INFO - [services.py:1056] - [HTTP] /memory - Status: 200 - Time: 0.002s
2025-10-30 21:02:39,647 - services - INFO - [services.py:1051] - [HTTP] GET /memory from 127.0.0.1
2025-10-30 21:02:39,649 - services - INFO - [services.py:1056] - [HTTP] /memory - Status: 200 - Time: 0.001s
2025-10-30 21:02:47,112 - services - INFO - [services.py:1051] - [HTTP] GET /health from 127.0.0.1
2025-10-30 21:02:47,113 - services - INFO - [services.py:1056] - [HTTP] /health - Status: 200 - Time: 0.001s
2025-10-30 21:02:49,661 - services - INFO - [services.py:1051] - [HTTP] GET /memory from 127.0.0.1
2025-10-30 21:02:49,664 - services - INFO - [services.py:1056] - [HTTP] /memory - Status: 200 - Time: 0.002s
2025-10-30 21:02:59,646 - services - INFO - [services.py:1051] - [HTTP] GET /memory from 127.0.0.1
2025-10-30 21:02:59,648 - services - INFO - [services.py:1056] - [HTTP] /memory - Status: 200 - Time: 0.003s
2025-10-30 21:03:09,654 - services - INFO - [services.py:1051] - [HTTP] GET /memory from 127.0.0.1
2025-10-30 21:03:09,655 - services - INFO - [services.py:1056] - [HTTP] /memory - Status: 200 - Time: 0.001s
2025-10-30 21:03:17,103 - services - INFO - [services.py:1051] - [HTTP] GET /health from 127.0.0.1
2025-10-30 21:03:17,104 - services - INFO - [services.py:1056] - [HTTP] /health - Status: 200 - Time: 0.001s
2025-10-30 21:03:19,650 - services - INFO - [services.py:1051] - [HTTP] GET /memory from 127.0.0.1
2025-10-30 21:03:19,651 - services - INFO - [services.py:1056] - [HTTP] /memory - Status: 200 - Time: 0.001s
2025-10-30 21:03:29,651 - services - INFO - [services.py:1051] - [HTTP] GET /memory from 127.0.0.1
2025-10-30 21:03:29,653 - services - INFO - [services.py:1056] - [HTTP] /memory - Status: 200 - Time: 0.002s
2025-10-30 21:03:39,976 - services - INFO - [services.py:1051] - [HTTP] GET /memory from 127.0.0.1
2025-10-30 21:03:39,977 - services - INFO - [services.py:1056] - [HTTP] /memory - Status: 200 - Time: 0.002s
2025-10-30 21:03:47,227 - services - INFO - [services.py:1051] - [HTTP] GET /health from 127.0.0.1
2025-10-30 21:03:47,229 - services - INFO - [services.py:1056] - [HTTP] /health - Status: 200 - Time: 0.001s
2025-10-30 21:03:51,284 - services - INFO - [services.py:1051] - [HTTP] GET /memory from 127.0.0.1
2025-10-30 21:03:51,286 - services - INFO - [services.py:1056] - [HTTP] /memory - Status: 200 - Time: 0.002s
2025-10-30 21:04:00,250 - services - INFO - [services.py:1051] - [HTTP] GET /memory from 127.0.0.1
2025-10-30 21:04:00,252 - services - INFO - [services.py:1056] - [HTTP] /memory - Status: 200 - Time: 0.002s
2025-10-30 21:04:10,245 - services - INFO - [services.py:1051] - [HTTP] GET /memory from 127.0.0.1
2025-10-30 21:04:10,247 - services - INFO - [services.py:1056] - [HTTP] /memory - Status: 200 - Time: 0.002s
2025-10-30 21:04:17,226 - services - INFO - [services.py:1051] - [HTTP] GET /health from 127.0.0.1
2025-10-30 21:04:17,227 - services - INFO - [services.py:1056] - [HTTP] /health - Status: 200 - Time: 0.001s
2025-10-30 21:04:20,245 - services - INFO - [services.py:1051] - [HTTP] GET /memory from 127.0.0.1
2025-10-30 21:04:20,247 - services - INFO - [services.py:1056] - [HTTP] /memory - Status: 200 - Time: 0.002s
2025-10-30 21:04:30,252 - services - INFO - [services.py:1051] - [HTTP] GET /memory from 127.0.0.1
2025-10-30 21:04:30,254 - services - INFO - [services.py:1056] - [HTTP] /memory - Status: 200 - Time: 0.002s
2025-10-30 21:04:40,251 - services - INFO - [services.py:1051] - [HTTP] GET /memory from 127.0.0.1
2025-10-30 21:04:40,252 - services - INFO - [services.py:1056] - [HTTP] /memory - Status: 200 - Time: 0.001s
2025-10-30 21:04:47,245 - services - INFO - [services.py:1051] - [HTTP] GET /health from 127.0.0.1
2025-10-30 21:04:47,246 - services - INFO - [services.py:1056] - [HTTP] /health - Status: 200 - Time: 0.001s
2025-10-30 21:04:50,260 - services - INFO - [services.py:1051] - [HTTP] GET /memory from 127.0.0.1
2025-10-30 21:04:50,262 - services - INFO - [services.py:1056] - [HTTP] /memory - Status: 200 - Time: 0.002s
2025-10-30 21:05:00,325 - services - INFO - [services.py:1051] - [HTTP] GET /memory from 127.0.0.1
2025-10-30 21:05:00,327 - services - INFO - [services.py:1056] - [HTTP] /memory - Status: 200 - Time: 0.002s
2025-10-30 21:05:10,298 - services - INFO - [services.py:1051] - [HTTP] GET /memory from 127.0.0.1
2025-10-30 21:05:10,299 - services - INFO - [services.py:1056] - [HTTP] /memory - Status: 200 - Time: 0.002s
2025-10-30 21:05:17,226 - services - INFO - [services.py:1051] - [HTTP] GET /health from 127.0.0.1
2025-10-30 21:05:17,227 - services - INFO - [services.py:1056] - [HTTP] /health - Status: 200 - Time: 0.002s
2025-10-30 21:05:20,418 - services - INFO - [services.py:1051] - [HTTP] GET /memory from 127.0.0.1
2025-10-30 21:05:20,420 - services - INFO - [services.py:1056] - [HTTP] /memory - Status: 200 - Time: 0.001s
2025-10-30 21:05:30,410 - services - INFO - [services.py:1051] - [HTTP] GET /memory from 127.0.0.1
2025-10-30 21:05:30,411 - services - INFO - [services.py:1056] - [HTTP] /memory - Status: 200 - Time: 0.002s
2025-10-30 21:05:40,952 - services - INFO - [services.py:1051] - [HTTP] GET /memory from 127.0.0.1
2025-10-30 21:05:40,954 - services - INFO - [services.py:1056] - [HTTP] /memory - Status: 200 - Time: 0.002s
2025-10-30 21:05:47,222 - services - INFO - [services.py:1051] - [HTTP] GET /health from 127.0.0.1
2025-10-30 21:05:47,224 - services - INFO - [services.py:1056] - [HTTP] /health - Status: 200 - Time: 0.001s
2025-10-30 21:05:50,950 - services - INFO - [services.py:1051] - [HTTP] GET /memory from 127.0.0.1
2025-10-30 21:05:50,952 - services - INFO - [services.py:1056] - [HTTP] /memory - Status: 200 - Time: 0.002s
2025-10-30 21:06:00,962 - services - INFO - [services.py:1051] - [HTTP] GET /memory from 127.0.0.1
2025-10-30 21:06:00,963 - services - INFO - [services.py:1056] - [HTTP] /memory - Status: 200 - Time: 0.001s
2025-10-30 21:06:10,960 - services - INFO - [services.py:1051] - [HTTP] GET /memory from 127.0.0.1
2025-10-30 21:06:10,961 - services - INFO - [services.py:1056] - [HTTP] /memory - Status: 200 - Time: 0.001s
2025-10-30 21:06:17,278 - services - INFO - [services.py:1051] - [HTTP] GET /health from 127.0.0.1
2025-10-30 21:06:17,279 - services - INFO - [services.py:1056] - [HTTP] /health - Status: 200 - Time: 0.001s
2025-10-30 21:06:20,965 - services - INFO - [services.py:1051] - [HTTP] GET /memory from 127.0.0.1
2025-10-30 21:06:20,966 - services - INFO - [services.py:1056] - [HTTP] /memory - Status: 200 - Time: 0.002s
2025-10-30 21:06:30,958 - services - INFO - [services.py:1051] - [HTTP] GET /memory from 127.0.0.1
2025-10-30 21:06:30,959 - services - INFO - [services.py:1056] - [HTTP] /memory - Status: 200 - Time: 0.002s
2025-10-30 21:06:40,966 - services - INFO - [services.py:1051] - [HTTP] GET /memory from 127.0.0.1
2025-10-30 21:06:40,968 - services - INFO - [services.py:1056] - [HTTP] /memory - Status: 200 - Time: 0.002s
2025-10-30 21:06:47,215 - services - INFO - [services.py:1051] - [HTTP] GET /health from 127.0.0.1
2025-10-30 21:06:47,216 - services - INFO - [services.py:1056] - [HTTP] /health - Status: 200 - Time: 0.001s
2025-10-30 21:06:51,243 - services - INFO - [services.py:1051] - [HTTP] GET /memory from 127.0.0.1
2025-10-30 21:06:51,244 - services - INFO - [services.py:1056] - [HTTP] /memory - Status: 200 - Time: 0.001s
2025-10-30 21:07:01,258 - services - INFO - [services.py:1051] - [HTTP] GET /memory from 127.0.0.1
2025-10-30 21:07:01,260 - services - INFO - [services.py:1056] - [HTTP] /memory - Status: 200 - Time: 0.002s
2025-10-30 21:07:11,262 - services - INFO - [services.py:1051] - [HTTP] GET /memory from 127.0.0.1
2025-10-30 21:07:11,264 - services - INFO - [services.py:1056] - [HTTP] /memory - Status: 200 - Time: 0.002s
2025-10-30 21:07:17,232 - services - INFO - [services.py:1051] - [HTTP] GET /health from 127.0.0.1
2025-10-30 21:07:17,233 - services - INFO - [services.py:1056] - [HTTP] /health - Status: 200 - Time: 0.001s
2025-10-30 21:07:21,267 - services - INFO - [services.py:1051] - [HTTP] GET /memory from 127.0.0.1
2025-10-30 21:07:21,268 - services - INFO - [services.py:1056] - [HTTP] /memory - Status: 200 - Time: 0.001s
2025-10-30 21:07:31,280 - services - INFO - [services.py:1051] - [HTTP] GET /memory from 127.0.0.1
2025-10-30 21:07:31,281 - services - INFO - [services.py:1056] - [HTTP] /memory - Status: 200 - Time: 0.001s
2025-10-30 21:07:41,270 - services - INFO - [services.py:1051] - [HTTP] GET /memory from 127.0.0.1
2025-10-30 21:07:41,272 - services - INFO - [services.py:1056] - [HTTP] /memory - Status: 200 - Time: 0.001s
2025-10-30 21:07:47,230 - services - INFO - [services.py:1051] - [HTTP] GET /health from 127.0.0.1
2025-10-30 21:07:47,231 - services - INFO - [services.py:1056] - [HTTP] /health - Status: 200 - Time: 0.001s
2025-10-30 21:07:51,273 - services - INFO - [services.py:1051] - [HTTP] GET /memory from 127.0.0.1
2025-10-30 21:07:51,275 - services - INFO - [services.py:1056] - [HTTP] /memory - Status: 200 - Time: 0.002s
2025-10-30 21:08:01,265 - services - INFO - [services.py:1051] - [HTTP] GET /memory from 127.0.0.1
2025-10-30 21:08:01,267 - services - INFO - [services.py:1056] - [HTTP] /memory - Status: 200 - Time: 0.001s
2025-10-30 21:08:11,270 - services - INFO - [services.py:1051] - [HTTP] GET /memory from 127.0.0.1
2025-10-30 21:08:11,271 - services - INFO - [services.py:1056] - [HTTP] /memory - Status: 200 - Time: 0.002s
2025-10-30 21:08:17,226 - services - INFO - [services.py:1051] - [HTTP] GET /health from 127.0.0.1
2025-10-30 21:08:17,228 - services - INFO - [services.py:1056] - [HTTP] /health - Status: 200 - Time: 0.001s
2025-10-30 21:08:21,275 - services - INFO - [services.py:1051] - [HTTP] GET /memory from 127.0.0.1
2025-10-30 21:08:21,277 - services - INFO - [services.py:1056] - [HTTP] /memory - Status: 200 - Time: 0.002s
2025-10-30 21:08:31,282 - services - INFO - [services.py:1051] - [HTTP] GET /memory from 127.0.0.1
2025-10-30 21:08:31,284 - services - INFO - [services.py:1056] - [HTTP] /memory - Status: 200 - Time: 0.002s
2025-10-30 21:08:41,347 - services - INFO - [services.py:1051] - [HTTP] GET /memory from 127.0.0.1
2025-10-30 21:08:41,348 - services - INFO - [services.py:1056] - [HTTP] /memory - Status: 200 - Time: 0.001s
2025-10-30 21:08:47,250 - services - INFO - [services.py:1051] - [HTTP] GET /health from 127.0.0.1
2025-10-30 21:08:47,251 - services - INFO - [services.py:1056] - [HTTP] /health - Status: 200 - Time: 0.001s
2025-10-30 21:08:51,365 - services - INFO - [services.py:1051] - [HTTP] GET /memory from 127.0.0.1
2025-10-30 21:08:51,367 - services - INFO - [services.py:1056] - [HTTP] /memory - Status: 200 - Time: 0.002s
2025-10-30 21:09:01,442 - services - INFO - [services.py:1051] - [HTTP] GET /memory from 127.0.0.1
2025-10-30 21:09:01,443 - services - INFO - [services.py:1056] - [HTTP] /memory - Status: 200 - Time: 0.002s
2025-10-30 21:09:11,297 - services - INFO - [services.py:1051] - [HTTP] GET /memory from 127.0.0.1
2025-10-30 21:09:11,298 - services - INFO - [services.py:1056] - [HTTP] /memory - Status: 200 - Time: 0.002s
2025-10-30 21:09:17,231 - services - INFO - [services.py:1051] - [HTTP] GET /health from 127.0.0.1
2025-10-30 21:09:17,232 - services - INFO - [services.py:1056] - [HTTP] /health - Status: 200 - Time: 0.001s
2025-10-30 21:09:21,319 - services - INFO - [services.py:1051] - [HTTP] GET /memory from 127.0.0.1
2025-10-30 21:09:21,320 - services - INFO - [services.py:1056] - [HTTP] /memory - Status: 200 - Time: 0.002s
2025-10-30 21:09:31,343 - services - INFO - [services.py:1051] - [HTTP] GET /memory from 127.0.0.1
2025-10-30 21:09:31,345 - services - INFO - [services.py:1056] - [HTTP] /memory - Status: 200 - Time: 0.002s
2025-10-30 21:09:41,343 - services - INFO - [services.py:1051] - [HTTP] GET /memory from 127.0.0.1
2025-10-30 21:09:41,345 - services - INFO - [services.py:1056] - [HTTP] /memory - Status: 200 - Time: 0.002s
2025-10-30 21:09:47,247 - services - INFO - [services.py:1051] - [HTTP] GET /health from 127.0.0.1
2025-10-30 21:09:47,248 - services - INFO - [services.py:1056] - [HTTP] /health - Status: 200 - Time: 0.001s
2025-10-30 21:09:51,315 - services - INFO - [services.py:1051] - [HTTP] GET /memory from 127.0.0.1
2025-10-30 21:09:51,317 - services - INFO - [services.py:1056] - [HTTP] /memory - Status: 200 - Time: 0.002s
2025-10-30 21:10:01,395 - services - INFO - [services.py:1051] - [HTTP] GET /memory from 127.0.0.1
2025-10-30 21:10:01,396 - services - INFO - [services.py:1056] - [HTTP] /memory - Status: 200 - Time: 0.002s
2025-10-30 21:10:11,331 - services - INFO - [services.py:1051] - [HTTP] GET /memory from 127.0.0.1
2025-10-30 21:10:11,332 - services - INFO - [services.py:1056] - [HTTP] /memory - Status: 200 - Time: 0.001s
2025-10-30 21:10:17,234 - services - INFO - [services.py:1051] - [HTTP] GET /health from 127.0.0.1
2025-10-30 21:10:17,235 - services - INFO - [services.py:1056] - [HTTP] /health - Status: 200 - Time: 0.001s
2025-10-30 21:10:21,345 - services - INFO - [services.py:1051] - [HTTP] GET /memory from 127.0.0.1
2025-10-30 21:10:21,347 - services - INFO - [services.py:1056] - [HTTP] /memory - Status: 200 - Time: 0.002s
2025-10-30 21:10:31,308 - services - INFO - [services.py:1051] - [HTTP] GET /memory from 127.0.0.1
2025-10-30 21:10:31,309 - services - INFO - [services.py:1056] - [HTTP] /memory - Status: 200 - Time: 0.002s
2025-10-30 21:10:41,307 - services - INFO - [services.py:1051] - [HTTP] GET /memory from 127.0.0.1
2025-10-30 21:10:41,308 - services - INFO - [services.py:1056] - [HTTP] /memory - Status: 200 - Time: 0.002s
2025-10-30 21:10:47,234 - services - INFO - [services.py:1051] - [HTTP] GET /health from 127.0.0.1
2025-10-30 21:10:47,235 - services - INFO - [services.py:1056] - [HTTP] /health - Status: 200 - Time: 0.002s
2025-10-30 21:10:51,306 - services - INFO - [services.py:1051] - [HTTP] GET /memory from 127.0.0.1
2025-10-30 21:10:51,307 - services - INFO - [services.py:1056] - [HTTP] /memory - Status: 200 - Time: 0.002s
2025-10-30 21:11:01,335 - services - INFO - [services.py:1051] - [HTTP] GET /memory from 127.0.0.1
2025-10-30 21:11:01,338 - services - INFO - [services.py:1056] - [HTTP] /memory - Status: 200 - Time: 0.002s
2025-10-30 21:11:11,334 - services - INFO - [services.py:1051] - [HTTP] GET /memory from 127.0.0.1
2025-10-30 21:11:11,335 - services - INFO - [services.py:1056] - [HTTP] /memory - Status: 200 - Time: 0.002s
2025-10-30 21:11:17,261 - services - INFO - [services.py:1051] - [HTTP] GET /health from 127.0.0.1
2025-10-30 21:11:17,263 - services - INFO - [services.py:1056] - [HTTP] /health - Status: 200 - Time: 0.002s
2025-10-30 21:11:21,332 - services - INFO - [services.py:1051] - [HTTP] GET /memory from 127.0.0.1
2025-10-30 21:11:21,335 - services - INFO - [services.py:1056] - [HTTP] /memory - Status: 200 - Time: 0.003s
2025-10-30 21:11:31,331 - services - INFO - [services.py:1051] - [HTTP] GET /memory from 127.0.0.1
2025-10-30 21:11:31,332 - services - INFO - [services.py:1056] - [HTTP] /memory - Status: 200 - Time: 0.001s
2025-10-30 21:11:41,342 - services - INFO - [services.py:1051] - [HTTP] GET /memory from 127.0.0.1
2025-10-30 21:11:41,344 - services - INFO - [services.py:1056] - [HTTP] /memory - Status: 200 - Time: 0.001s
2025-10-30 21:11:47,535 - services - INFO - [services.py:1051] - [HTTP] GET /health from 127.0.0.1
2025-10-30 21:11:47,536 - services - INFO - [services.py:1056] - [HTTP] /health - Status: 200 - Time: 0.001s
2025-10-30 21:11:51,329 - services - INFO - [services.py:1051] - [HTTP] GET /memory from 127.0.0.1
2025-10-30 21:11:51,330 - services - INFO - [services.py:1056] - [HTTP] /memory - Status: 200 - Time: 0.001s
2025-10-30 21:12:01,334 - services - INFO - [services.py:1051] - [HTTP] GET /memory from 127.0.0.1
2025-10-30 21:12:01,335 - services - INFO - [services.py:1056] - [HTTP] /memory - Status: 200 - Time: 0.002s
2025-10-30 21:12:11,339 - services - INFO - [services.py:1051] - [HTTP] GET /memory from 127.0.0.1
2025-10-30 21:12:11,340 - services - INFO - [services.py:1056] - [HTTP] /memory - Status: 200 - Time: 0.001s
2025-10-30 21:12:17,547 - services - INFO - [services.py:1051] - [HTTP] GET /health from 127.0.0.1
2025-10-30 21:12:17,548 - services - INFO - [services.py:1056] - [HTTP] /health - Status: 200 - Time: 0.002s
2025-10-30 21:12:21,339 - services - INFO - [services.py:1051] - [HTTP] GET /memory from 127.0.0.1
2025-10-30 21:12:21,341 - services - INFO - [services.py:1056] - [HTTP] /memory - Status: 200 - Time: 0.002s
2025-10-30 21:12:31,339 - services - INFO - [services.py:1051] - [HTTP] GET /memory from 127.0.0.1
2025-10-30 21:12:31,341 - services - INFO - [services.py:1056] - [HTTP] /memory - Status: 200 - Time: 0.001s
2025-10-30 21:12:41,339 - services - INFO - [services.py:1051] - [HTTP] GET /memory from 127.0.0.1
2025-10-30 21:12:41,341 - services - INFO - [services.py:1056] - [HTTP] /memory - Status: 200 - Time: 0.001s
2025-10-30 21:12:47,540 - services - INFO - [services.py:1051] - [HTTP] GET /health from 127.0.0.1
2025-10-30 21:12:47,540 - services - INFO - [services.py:1056] - [HTTP] /health - Status: 200 - Time: 0.001s
2025-10-30 21:12:51,512 - services - INFO - [services.py:1051] - [HTTP] GET /memory from 127.0.0.1
2025-10-30 21:12:51,513 - services - INFO - [services.py:1056] - [HTTP] /memory - Status: 200 - Time: 0.001s
2025-10-30 21:13:01,509 - services - INFO - [services.py:1051] - [HTTP] GET /memory from 127.0.0.1
2025-10-30 21:13:01,511 - services - INFO - [services.py:1056] - [HTTP] /memory - Status: 200 - Time: 0.002s
2025-10-30 21:13:11,512 - services - INFO - [services.py:1051] - [HTTP] GET /memory from 127.0.0.1
2025-10-30 21:13:11,514 - services - INFO - [services.py:1056] - [HTTP] /memory - Status: 200 - Time: 0.002s
2025-10-30 21:13:17,540 - services - INFO - [services.py:1051] - [HTTP] GET /health from 127.0.0.1
2025-10-30 21:13:17,541 - services - INFO - [services.py:1056] - [HTTP] /health - Status: 200 - Time: 0.001s
2025-10-30 21:13:21,511 - services - INFO - [services.py:1051] - [HTTP] GET /memory from 127.0.0.1
2025-10-30 21:13:21,512 - services - INFO - [services.py:1056] - [HTTP] /memory - Status: 200 - Time: 0.001s
2025-10-30 21:13:31,512 - services - INFO - [services.py:1051] - [HTTP] GET /memory from 127.0.0.1
2025-10-30 21:13:31,514 - services - INFO - [services.py:1056] - [HTTP] /memory - Status: 200 - Time: 0.002s
2025-10-30 21:13:41,515 - services - INFO - [services.py:1051] - [HTTP] GET /memory from 127.0.0.1
2025-10-30 21:13:41,517 - services - INFO - [services.py:1056] - [HTTP] /memory - Status: 200 - Time: 0.001s
2025-10-30 21:13:47,683 - services - INFO - [services.py:1051] - [HTTP] GET /health from 127.0.0.1
2025-10-30 21:13:47,685 - services - INFO - [services.py:1056] - [HTTP] /health - Status: 200 - Time: 0.002s
2025-10-30 21:13:51,560 - services - INFO - [services.py:1051] - [HTTP] GET /memory from 127.0.0.1
2025-10-30 21:13:51,562 - services - INFO - [services.py:1056] - [HTTP] /memory - Status: 200 - Time: 0.002s
2025-10-30 21:14:01,563 - services - INFO - [services.py:1051] - [HTTP] GET /memory from 127.0.0.1
2025-10-30 21:14:01,565 - services - INFO - [services.py:1056] - [HTTP] /memory - Status: 200 - Time: 0.002s
2025-10-30 21:14:11,514 - services - INFO - [services.py:1051] - [HTTP] GET /memory from 127.0.0.1
2025-10-30 21:14:11,515 - services - INFO - [services.py:1056] - [HTTP] /memory - Status: 200 - Time: 0.001s
2025-10-30 21:14:17,683 - services - INFO - [services.py:1051] - [HTTP] GET /health from 127.0.0.1
2025-10-30 21:14:17,684 - services - INFO - [services.py:1056] - [HTTP] /health - Status: 200 - Time: 0.001s
2025-10-30 21:14:21,596 - services - INFO - [services.py:1051] - [HTTP] GET /memory from 127.0.0.1
2025-10-30 21:14:21,597 - services - INFO - [services.py:1056] - [HTTP] /memory - Status: 200 - Time: 0.001s
2025-10-30 21:14:31,673 - services - INFO - [services.py:1051] - [HTTP] GET /memory from 127.0.0.1
2025-10-30 21:14:31,675 - services - INFO - [services.py:1056] - [HTTP] /memory - Status: 200 - Time: 0.002s
2025-10-30 21:14:41,595 - services - INFO - [services.py:1051] - [HTTP] GET /memory from 127.0.0.1
2025-10-30 21:14:41,597 - services - INFO - [services.py:1056] - [HTTP] /memory - Status: 200 - Time: 0.002s
2025-10-30 21:14:47,732 - services - INFO - [services.py:1051] - [HTTP] GET /health from 127.0.0.1
2025-10-30 21:14:47,734 - services - INFO - [services.py:1056] - [HTTP] /health - Status: 200 - Time: 0.002s
2025-10-30 21:14:51,731 - services - INFO - [services.py:1051] - [HTTP] GET /memory from 127.0.0.1
2025-10-30 21:14:51,732 - services - INFO - [services.py:1056] - [HTTP] /memory - Status: 200 - Time: 0.002s
2025-10-30 21:15:01,750 - services - INFO - [services.py:1051] - [HTTP] GET /memory from 127.0.0.1
2025-10-30 21:15:01,751 - services - INFO - [services.py:1056] - [HTTP] /memory - Status: 200 - Time: 0.002s
2025-10-30 21:15:11,750 - services - INFO - [services.py:1051] - [HTTP] GET /memory from 127.0.0.1
2025-10-30 21:15:11,751 - services - INFO - [services.py:1056] - [HTTP] /memory - Status: 200 - Time: 0.002s
2025-10-30 21:15:17,691 - services - INFO - [services.py:1051] - [HTTP] GET /health from 127.0.0.1
2025-10-30 21:15:17,693 - services - INFO - [services.py:1056] - [HTTP] /health - Status: 200 - Time: 0.002s
2025-10-30 21:15:21,733 - services - INFO - [services.py:1051] - [HTTP] GET /memory from 127.0.0.1
2025-10-30 21:15:21,735 - services - INFO - [services.py:1056] - [HTTP] /memory - Status: 200 - Time: 0.002s
2025-10-30 21:15:31,750 - services - INFO - [services.py:1051] - [HTTP] GET /memory from 127.0.0.1
2025-10-30 21:15:31,752 - services - INFO - [services.py:1056] - [HTTP] /memory - Status: 200 - Time: 0.002s
2025-10-30 21:15:41,764 - services - INFO - [services.py:1051] - [HTTP] GET /memory from 127.0.0.1
2025-10-30 21:15:41,765 - services - INFO - [services.py:1056] - [HTTP] /memory - Status: 200 - Time: 0.001s
2025-10-30 21:15:47,694 - services - INFO - [services.py:1051] - [HTTP] GET /health from 127.0.0.1
2025-10-30 21:15:47,695 - services - INFO - [services.py:1056] - [HTTP] /health - Status: 200 - Time: 0.001s
2025-10-30 21:15:51,737 - services - INFO - [services.py:1051] - [HTTP] GET /memory from 127.0.0.1
2025-10-30 21:15:51,739 - services - INFO - [services.py:1056] - [HTTP] /memory - Status: 200 - Time: 0.002s
2025-10-30 21:16:01,727 - services - INFO - [services.py:1051] - [HTTP] GET /memory from 127.0.0.1
2025-10-30 21:16:01,728 - services - INFO - [services.py:1056] - [HTTP] /memory - Status: 200 - Time: 0.001s
2025-10-30 21:16:11,738 - services - INFO - [services.py:1051] - [HTTP] GET /memory from 127.0.0.1
2025-10-30 21:16:11,739 - services - INFO - [services.py:1056] - [HTTP] /memory - Status: 200 - Time: 0.001s
2025-10-30 21:16:17,693 - services - INFO - [services.py:1051] - [HTTP] GET /health from 127.0.0.1
2025-10-30 21:16:17,695 - services - INFO - [services.py:1056] - [HTTP] /health - Status: 200 - Time: 0.001s
2025-10-30 21:16:21,746 - services - INFO - [services.py:1051] - [HTTP] GET /memory from 127.0.0.1
2025-10-30 21:16:21,747 - services - INFO - [services.py:1056] - [HTTP] /memory - Status: 200 - Time: 0.002s
2025-10-30 21:16:31,742 - services - INFO - [services.py:1051] - [HTTP] GET /memory from 127.0.0.1
2025-10-30 21:16:31,743 - services - INFO - [services.py:1056] - [HTTP] /memory - Status: 200 - Time: 0.002s
2025-10-30 21:16:41,730 - services - INFO - [services.py:1051] - [HTTP] GET /memory from 127.0.0.1
2025-10-30 21:16:41,732 - services - INFO - [services.py:1056] - [HTTP] /memory - Status: 200 - Time: 0.002s
2025-10-30 21:16:47,696 - services - INFO - [services.py:1051] - [HTTP] GET /health from 127.0.0.1
2025-10-30 21:16:47,697 - services - INFO - [services.py:1056] - [HTTP] /health - Status: 200 - Time: 0.001s
2025-10-30 21:16:51,731 - services - INFO - [services.py:1051] - [HTTP] GET /memory from 127.0.0.1
2025-10-30 21:16:51,733 - services - INFO - [services.py:1056] - [HTTP] /memory - Status: 200 - Time: 0.002s
2025-10-30 21:17:01,764 - services - INFO - [services.py:1051] - [HTTP] GET /memory from 127.0.0.1
2025-10-30 21:17:01,766 - services - INFO - [services.py:1056] - [HTTP] /memory - Status: 200 - Time: 0.001s
2025-10-30 21:17:11,766 - services - INFO - [services.py:1051] - [HTTP] GET /memory from 127.0.0.1
2025-10-30 21:17:11,767 - services - INFO - [services.py:1056] - [HTTP] /memory - Status: 200 - Time: 0.001s
2025-10-30 21:17:17,686 - services - INFO - [services.py:1051] - [HTTP] GET /health from 127.0.0.1
2025-10-30 21:17:17,687 - services - INFO - [services.py:1056] - [HTTP] /health - Status: 200 - Time: 0.001s
2025-10-30 21:17:21,836 - services - INFO - [services.py:1051] - [HTTP] GET /memory from 127.0.0.1
2025-10-30 21:17:21,838 - services - INFO - [services.py:1056] - [HTTP] /memory - Status: 200 - Time: 0.002s
2025-10-30 21:17:31,856 - services - INFO - [services.py:1051] - [HTTP] GET /memory from 127.0.0.1
2025-10-30 21:17:31,858 - services - INFO - [services.py:1056] - [HTTP] /memory - Status: 200 - Time: 0.003s
2025-10-30 21:17:41,770 - services - INFO - [services.py:1051] - [HTTP] GET /memory from 127.0.0.1
2025-10-30 21:17:41,772 - services - INFO - [services.py:1056] - [HTTP] /memory - Status: 200 - Time: 0.002s
2025-10-30 21:17:47,747 - services - INFO - [services.py:1051] - [HTTP] GET /health from 127.0.0.1
2025-10-30 21:17:47,748 - services - INFO - [services.py:1056] - [HTTP] /health - Status: 200 - Time: 0.001s
2025-10-30 21:17:51,775 - services - INFO - [services.py:1051] - [HTTP] GET /memory from 127.0.0.1
2025-10-30 21:17:51,777 - services - INFO - [services.py:1056] - [HTTP] /memory - Status: 200 - Time: 0.002s
2025-10-30 21:18:01,778 - services - INFO - [services.py:1051] - [HTTP] GET /memory from 127.0.0.1
2025-10-30 21:18:01,780 - services - INFO - [services.py:1056] - [HTTP] /memory - Status: 200 - Time: 0.002s
2025-10-30 21:18:11,760 - services - INFO - [services.py:1051] - [HTTP] GET /memory from 127.0.0.1
2025-10-30 21:18:11,762 - services - INFO - [services.py:1056] - [HTTP] /memory - Status: 200 - Time: 0.002s
2025-10-30 21:18:17,699 - services - INFO - [services.py:1051] - [HTTP] GET /health from 127.0.0.1
2025-10-30 21:18:17,699 - services - INFO - [services.py:1056] - [HTTP] /health - Status: 200 - Time: 0.001s
2025-10-30 21:18:21,762 - services - INFO - [services.py:1051] - [HTTP] GET /memory from 127.0.0.1
2025-10-30 21:18:21,764 - services - INFO - [services.py:1056] - [HTTP] /memory - Status: 200 - Time: 0.001s
2025-10-30 21:18:31,763 - services - INFO - [services.py:1051] - [HTTP] GET /memory from 127.0.0.1
2025-10-30 21:18:31,764 - services - INFO - [services.py:1056] - [HTTP] /memory - Status: 200 - Time: 0.001s
2025-10-30 21:18:41,776 - services - INFO - [services.py:1051] - [HTTP] GET /memory from 127.0.0.1
2025-10-30 21:18:41,778 - services - INFO - [services.py:1056] - [HTTP] /memory - Status: 200 - Time: 0.002s
2025-10-30 21:18:47,747 - services - INFO - [services.py:1051] - [HTTP] GET /health from 127.0.0.1
2025-10-30 21:18:47,749 - services - INFO - [services.py:1056] - [HTTP] /health - Status: 200 - Time: 0.001s
2025-10-30 21:18:51,761 - services - INFO - [services.py:1051] - [HTTP] GET /memory from 127.0.0.1
2025-10-30 21:18:51,763 - services - INFO - [services.py:1056] - [HTTP] /memory - Status: 200 - Time: 0.002s
2025-10-30 21:19:01,792 - services - INFO - [services.py:1051] - [HTTP] GET /memory from 127.0.0.1
2025-10-30 21:19:01,793 - services - INFO - [services.py:1056] - [HTTP] /memory - Status: 200 - Time: 0.001s
2025-10-30 21:19:11,819 - services - INFO - [services.py:1051] - [HTTP] GET /memory from 127.0.0.1
2025-10-30 21:19:11,821 - services - INFO - [services.py:1056] - [HTTP] /memory - Status: 200 - Time: 0.002s
2025-10-30 21:19:18,014 - services - INFO - [services.py:1051] - [HTTP] GET /health from 127.0.0.1
2025-10-30 21:19:18,015 - services - INFO - [services.py:1056] - [HTTP] /health - Status: 200 - Time: 0.001s
2025-10-30 21:19:21,793 - services - INFO - [services.py:1051] - [HTTP] GET /memory from 127.0.0.1
2025-10-30 21:19:21,795 - services - INFO - [services.py:1056] - [HTTP] /memory - Status: 200 - Time: 0.002s
2025-10-30 21:19:31,965 - services - INFO - [services.py:1051] - [HTTP] GET /memory from 127.0.0.1
2025-10-30 21:19:31,968 - services - INFO - [services.py:1056] - [HTTP] /memory - Status: 200 - Time: 0.003s
2025-10-30 21:19:41,800 - services - INFO - [services.py:1051] - [HTTP] GET /memory from 127.0.0.1
2025-10-30 21:19:41,801 - services - INFO - [services.py:1056] - [HTTP] /memory - Status: 200 - Time: 0.001s
2025-10-30 21:19:48,083 - services - INFO - [services.py:1051] - [HTTP] GET /health from 127.0.0.1
2025-10-30 21:19:48,083 - services - INFO - [services.py:1056] - [HTTP] /health - Status: 200 - Time: 0.001s
2025-10-30 21:19:51,805 - services - INFO - [services.py:1051] - [HTTP] GET /memory from 127.0.0.1
2025-10-30 21:19:51,807 - services - INFO - [services.py:1056] - [HTTP] /memory - Status: 200 - Time: 0.002s
2025-10-30 21:20:01,794 - services - INFO - [services.py:1051] - [HTTP] GET /memory from 127.0.0.1
2025-10-30 21:20:01,796 - services - INFO - [services.py:1056] - [HTTP] /memory - Status: 200 - Time: 0.002s
2025-10-30 21:20:11,795 - services - INFO - [services.py:1051] - [HTTP] GET /memory from 127.0.0.1
2025-10-30 21:20:11,796 - services - INFO - [services.py:1056] - [HTTP] /memory - Status: 200 - Time: 0.001s
2025-10-30 21:20:18,012 - services - INFO - [services.py:1051] - [HTTP] GET /health from 127.0.0.1
2025-10-30 21:20:18,013 - services - INFO - [services.py:1056] - [HTTP] /health - Status: 200 - Time: 0.001s
2025-10-30 21:20:21,794 - services - INFO - [services.py:1051] - [HTTP] GET /memory from 127.0.0.1
2025-10-30 21:20:21,795 - services - INFO - [services.py:1056] - [HTTP] /memory - Status: 200 - Time: 0.002s
2025-10-30 21:20:31,792 - services - INFO - [services.py:1051] - [HTTP] GET /memory from 127.0.0.1
2025-10-30 21:20:31,794 - services - INFO - [services.py:1056] - [HTTP] /memory - Status: 200 - Time: 0.001s
2025-10-30 21:20:41,788 - services - INFO - [services.py:1051] - [HTTP] GET /memory from 127.0.0.1
2025-10-30 21:20:41,789 - services - INFO - [services.py:1056] - [HTTP] /memory - Status: 200 - Time: 0.001s
2025-10-30 21:20:48,082 - services - INFO - [services.py:1051] - [HTTP] GET /health from 127.0.0.1
2025-10-30 21:20:48,083 - services - INFO - [services.py:1056] - [HTTP] /health - Status: 200 - Time: 0.001s
2025-10-30 21:20:52,033 - services - INFO - [services.py:1051] - [HTTP] GET /memory from 127.0.0.1
2025-10-30 21:20:52,035 - services - INFO - [services.py:1056] - [HTTP] /memory - Status: 200 - Time: 0.001s
2025-10-30 21:21:02,066 - services - INFO - [services.py:1051] - [HTTP] GET /memory from 127.0.0.1
2025-10-30 21:21:02,068 - services - INFO - [services.py:1056] - [HTTP] /memory - Status: 200 - Time: 0.002s
2025-10-30 21:21:12,211 - services - INFO - [services.py:1051] - [HTTP] GET /memory from 127.0.0.1
2025-10-30 21:21:12,212 - services - INFO - [services.py:1056] - [HTTP] /memory - Status: 200 - Time: 0.001s
2025-10-30 21:21:18,289 - services - INFO - [services.py:1051] - [HTTP] GET /health from 127.0.0.1
2025-10-30 21:21:18,290 - services - INFO - [services.py:1056] - [HTTP] /health - Status: 200 - Time: 0.001s
2025-10-30 21:21:22,052 - services - INFO - [services.py:1051] - [HTTP] GET /memory from 127.0.0.1
2025-10-30 21:21:22,054 - services - INFO - [services.py:1056] - [HTTP] /memory - Status: 200 - Time: 0.001s
2025-10-30 21:21:32,054 - services - INFO - [services.py:1051] - [HTTP] GET /memory from 127.0.0.1
2025-10-30 21:21:32,055 - services - INFO - [services.py:1056] - [HTTP] /memory - Status: 200 - Time: 0.002s
2025-10-30 21:21:42,058 - services - INFO - [services.py:1051] - [HTTP] GET /memory from 127.0.0.1
2025-10-30 21:21:42,060 - services - INFO - [services.py:1056] - [HTTP] /memory - Status: 200 - Time: 0.002s
2025-10-30 21:21:48,268 - services - INFO - [services.py:1051] - [HTTP] GET /health from 127.0.0.1
2025-10-30 21:21:48,269 - services - INFO - [services.py:1056] - [HTTP] /health - Status: 200 - Time: 0.001s
2025-10-30 21:21:52,051 - services - INFO - [services.py:1051] - [HTTP] GET /memory from 127.0.0.1
2025-10-30 21:21:52,053 - services - INFO - [services.py:1056] - [HTTP] /memory - Status: 200 - Time: 0.002s
2025-10-30 21:22:02,055 - services - INFO - [services.py:1051] - [HTTP] GET /memory from 127.0.0.1
2025-10-30 21:22:02,057 - services - INFO - [services.py:1056] - [HTTP] /memory - Status: 200 - Time: 0.002s
2025-10-30 21:22:12,057 - services - INFO - [services.py:1051] - [HTTP] GET /memory from 127.0.0.1
2025-10-30 21:22:12,059 - services - INFO - [services.py:1056] - [HTTP] /memory - Status: 200 - Time: 0.002s
2025-10-30 21:22:18,328 - services - INFO - [services.py:1051] - [HTTP] GET /health from 127.0.0.1
2025-10-30 21:22:18,328 - services - INFO - [services.py:1056] - [HTTP] /health - Status: 200 - Time: 0.001s
2025-10-30 21:22:22,065 - services - INFO - [services.py:1051] - [HTTP] GET /memory from 127.0.0.1
2025-10-30 21:22:22,067 - services - INFO - [services.py:1056] - [HTTP] /memory - Status: 200 - Time: 0.001s
2025-10-30 21:22:32,064 - services - INFO - [services.py:1051] - [HTTP] GET /memory from 127.0.0.1
2025-10-30 21:22:32,065 - services - INFO - [services.py:1056] - [HTTP] /memory - Status: 200 - Time: 0.002s
2025-10-30 21:22:42,115 - services - INFO - [services.py:1051] - [HTTP] GET /memory from 127.0.0.1
2025-10-30 21:22:42,117 - services - INFO - [services.py:1056] - [HTTP] /memory - Status: 200 - Time: 0.001s
2025-10-30 21:22:48,286 - services - INFO - [services.py:1051] - [HTTP] GET /health from 127.0.0.1
2025-10-30 21:22:48,287 - services - INFO - [services.py:1056] - [HTTP] /health - Status: 200 - Time: 0.001s
2025-10-30 21:22:52,331 - services - INFO - [services.py:1051] - [HTTP] GET /memory from 127.0.0.1
2025-10-30 21:22:52,333 - services - INFO - [services.py:1056] - [HTTP] /memory - Status: 200 - Time: 0.001s
2025-10-30 21:23:02,316 - services - INFO - [services.py:1051] - [HTTP] GET /memory from 127.0.0.1
2025-10-30 21:23:02,318 - services - INFO - [services.py:1056] - [HTTP] /memory - Status: 200 - Time: 0.002s
2025-10-30 21:23:12,312 - services - INFO - [services.py:1051] - [HTTP] GET /memory from 127.0.0.1
2025-10-30 21:23:12,314 - services - INFO - [services.py:1056] - [HTTP] /memory - Status: 200 - Time: 0.002s
2025-10-30 21:23:18,277 - services - INFO - [services.py:1051] - [HTTP] GET /health from 127.0.0.1
2025-10-30 21:23:18,278 - services - INFO - [services.py:1056] - [HTTP] /health - Status: 200 - Time: 0.001s
2025-10-30 21:23:22,322 - services - INFO - [services.py:1051] - [HTTP] GET /memory from 127.0.0.1
2025-10-30 21:23:22,323 - services - INFO - [services.py:1056] - [HTTP] /memory - Status: 200 - Time: 0.001s
2025-10-30 21:23:32,321 - services - INFO - [services.py:1051] - [HTTP] GET /memory from 127.0.0.1
2025-10-30 21:23:32,323 - services - INFO - [services.py:1056] - [HTTP] /memory - Status: 200 - Time: 0.002s
2025-10-30 21:23:42,320 - services - INFO - [services.py:1051] - [HTTP] GET /memory from 127.0.0.1
2025-10-30 21:23:42,322 - services - INFO - [services.py:1056] - [HTTP] /memory - Status: 200 - Time: 0.002s
2025-10-30 21:23:48,500 - services - INFO - [services.py:1051] - [HTTP] GET /health from 127.0.0.1
2025-10-30 21:23:48,500 - services - INFO - [services.py:1056] - [HTTP] /health - Status: 200 - Time: 0.001s
2025-10-30 21:23:52,395 - services - INFO - [services.py:1051] - [HTTP] GET /memory from 127.0.0.1
2025-10-30 21:23:52,397 - services - INFO - [services.py:1056] - [HTTP] /memory - Status: 200 - Time: 0.001s
2025-10-30 21:24:02,376 - services - INFO - [services.py:1051] - [HTTP] GET /memory from 127.0.0.1
2025-10-30 21:24:02,377 - services - INFO - [services.py:1056] - [HTTP] /memory - Status: 200 - Time: 0.002s
2025-10-30 21:24:12,391 - services - INFO - [services.py:1051] - [HTTP] GET /memory from 127.0.0.1
2025-10-30 21:24:12,393 - services - INFO - [services.py:1056] - [HTTP] /memory - Status: 200 - Time: 0.002s
2025-10-30 21:24:18,554 - services - INFO - [services.py:1051] - [HTTP] GET /health from 127.0.0.1
2025-10-30 21:24:18,555 - services - INFO - [services.py:1056] - [HTTP] /health - Status: 200 - Time: 0.001s
2025-10-30 21:24:22,319 - services - INFO - [services.py:1051] - [HTTP] GET /memory from 127.0.0.1
2025-10-30 21:24:22,321 - services - INFO - [services.py:1056] - [HTTP] /memory - Status: 200 - Time: 0.001s
2025-10-30 21:24:32,326 - services - INFO - [services.py:1051] - [HTTP] GET /memory from 127.0.0.1
2025-10-30 21:24:32,328 - services - INFO - [services.py:1056] - [HTTP] /memory - Status: 200 - Time: 0.002s
2025-10-30 21:24:42,356 - services - INFO - [services.py:1051] - [HTTP] GET /memory from 127.0.0.1
2025-10-30 21:24:42,357 - services - INFO - [services.py:1056] - [HTTP] /memory - Status: 200 - Time: 0.001s
2025-10-30 21:24:48,592 - services - INFO - [services.py:1051] - [HTTP] GET /health from 127.0.0.1
2025-10-30 21:24:48,593 - services - INFO - [services.py:1056] - [HTTP] /health - Status: 200 - Time: 0.001s
2025-10-30 21:24:52,534 - services - INFO - [services.py:1051] - [HTTP] GET /memory from 127.0.0.1
2025-10-30 21:24:52,535 - services - INFO - [services.py:1056] - [HTTP] /memory - Status: 200 - Time: 0.001s
2025-10-30 21:25:02,550 - services - INFO - [services.py:1051] - [HTTP] GET /memory from 127.0.0.1
2025-10-30 21:25:02,552 - services - INFO - [services.py:1056] - [HTTP] /memory - Status: 200 - Time: 0.002s
2025-10-30 21:25:12,712 - services - INFO - [services.py:1051] - [HTTP] GET /memory from 127.0.0.1
2025-10-30 21:25:12,714 - services - INFO - [services.py:1056] - [HTTP] /memory - Status: 200 - Time: 0.001s
2025-10-30 21:25:18,964 - services - INFO - [services.py:1051] - [HTTP] GET /health from 127.0.0.1
2025-10-30 21:25:18,964 - services - INFO - [services.py:1056] - [HTTP] /health - Status: 200 - Time: 0.001s
2025-10-30 21:25:22,642 - services - INFO - [services.py:1051] - [HTTP] GET /memory from 127.0.0.1
2025-10-30 21:25:22,644 - services - INFO - [services.py:1056] - [HTTP] /memory - Status: 200 - Time: 0.002s
2025-10-30 21:25:32,601 - services - INFO - [services.py:1051] - [HTTP] GET /memory from 127.0.0.1
2025-10-30 21:25:32,603 - services - INFO - [services.py:1056] - [HTTP] /memory - Status: 200 - Time: 0.001s
2025-10-30 21:25:42,576 - services - INFO - [services.py:1051] - [HTTP] GET /memory from 127.0.0.1
2025-10-30 21:25:42,577 - services - INFO - [services.py:1056] - [HTTP] /memory - Status: 200 - Time: 0.001s
2025-10-30 21:25:48,960 - services - INFO - [services.py:1051] - [HTTP] GET /health from 127.0.0.1
2025-10-30 21:25:48,961 - services - INFO - [services.py:1056] - [HTTP] /health - Status: 200 - Time: 0.001s
2025-10-30 21:25:52,573 - services - INFO - [services.py:1051] - [HTTP] GET /memory from 127.0.0.1
2025-10-30 21:25:52,574 - services - INFO - [services.py:1056] - [HTTP] /memory - Status: 200 - Time: 0.001s
2025-10-30 21:26:02,545 - services - INFO - [services.py:1051] - [HTTP] GET /memory from 127.0.0.1
2025-10-30 21:26:02,547 - services - INFO - [services.py:1056] - [HTTP] /memory - Status: 200 - Time: 0.002s
2025-10-30 21:26:12,542 - services - INFO - [services.py:1051] - [HTTP] GET /memory from 127.0.0.1
2025-10-30 21:26:12,543 - services - INFO - [services.py:1056] - [HTTP] /memory - Status: 200 - Time: 0.001s
2025-10-30 21:26:19,017 - services - INFO - [services.py:1051] - [HTTP] GET /health from 127.0.0.1
2025-10-30 21:26:19,018 - services - INFO - [services.py:1056] - [HTTP] /health - Status: 200 - Time: 0.001s
2025-10-30 21:26:22,552 - services - INFO - [services.py:1051] - [HTTP] GET /memory from 127.0.0.1
2025-10-30 21:26:22,553 - services - INFO - [services.py:1056] - [HTTP] /memory - Status: 200 - Time: 0.002s
2025-10-30 21:26:32,543 - services - INFO - [services.py:1051] - [HTTP] GET /memory from 127.0.0.1
2025-10-30 21:26:32,545 - services - INFO - [services.py:1056] - [HTTP] /memory - Status: 200 - Time: 0.002s
2025-10-30 21:26:42,554 - services - INFO - [services.py:1051] - [HTTP] GET /memory from 127.0.0.1
2025-10-30 21:26:42,555 - services - INFO - [services.py:1056] - [HTTP] /memory - Status: 200 - Time: 0.002s
2025-10-30 21:26:48,967 - services - INFO - [services.py:1051] - [HTTP] GET /health from 127.0.0.1
2025-10-30 21:26:48,968 - services - INFO - [services.py:1056] - [HTTP] /health - Status: 200 - Time: 0.001s
2025-10-30 21:26:52,987 - services - INFO - [services.py:1051] - [HTTP] GET /memory from 127.0.0.1
2025-10-30 21:26:52,988 - services - INFO - [services.py:1056] - [HTTP] /memory - Status: 200 - Time: 0.001s
2025-10-30 21:27:02,992 - services - INFO - [services.py:1051] - [HTTP] GET /memory from 127.0.0.1
2025-10-30 21:27:02,994 - services - INFO - [services.py:1056] - [HTTP] /memory - Status: 200 - Time: 0.002s
2025-10-30 21:27:13,009 - services - INFO - [services.py:1051] - [HTTP] GET /memory from 127.0.0.1
2025-10-30 21:27:13,011 - services - INFO - [services.py:1056] - [HTTP] /memory - Status: 200 - Time: 0.002s
2025-10-30 21:27:18,979 - services - INFO - [services.py:1051] - [HTTP] GET /health from 127.0.0.1
2025-10-30 21:27:18,980 - services - INFO - [services.py:1056] - [HTTP] /health - Status: 200 - Time: 0.001s
2025-10-30 21:27:22,983 - services - INFO - [services.py:1051] - [HTTP] GET /memory from 127.0.0.1
2025-10-30 21:27:22,984 - services - INFO - [services.py:1056] - [HTTP] /memory - Status: 200 - Time: 0.001s
2025-10-30 21:27:32,987 - services - INFO - [services.py:1051] - [HTTP] GET /memory from 127.0.0.1
2025-10-30 21:27:32,989 - services - INFO - [services.py:1056] - [HTTP] /memory - Status: 200 - Time: 0.002s
2025-10-30 21:27:43,000 - services - INFO - [services.py:1051] - [HTTP] GET /memory from 127.0.0.1
2025-10-30 21:27:43,004 - services - INFO - [services.py:1056] - [HTTP] /memory - Status: 200 - Time: 0.003s
2025-10-30 21:27:48,969 - services - INFO - [services.py:1051] - [HTTP] GET /health from 127.0.0.1
2025-10-30 21:27:48,970 - services - INFO - [services.py:1056] - [HTTP] /health - Status: 200 - Time: 0.001s
2025-10-30 21:27:52,993 - services - INFO - [services.py:1051] - [HTTP] GET /memory from 127.0.0.1
2025-10-30 21:27:52,997 - services - INFO - [services.py:1056] - [HTTP] /memory - Status: 200 - Time: 0.004s
2025-10-30 21:28:03,010 - services - INFO - [services.py:1051] - [HTTP] GET /memory from 127.0.0.1
2025-10-30 21:28:03,012 - services - INFO - [services.py:1056] - [HTTP] /memory - Status: 200 - Time: 0.002s
2025-10-30 21:28:12,995 - services - INFO - [services.py:1051] - [HTTP] GET /memory from 127.0.0.1
2025-10-30 21:28:12,996 - services - INFO - [services.py:1056] - [HTTP] /memory - Status: 200 - Time: 0.001s
2025-10-30 21:28:18,967 - services - INFO - [services.py:1051] - [HTTP] GET /health from 127.0.0.1
2025-10-30 21:28:18,968 - services - INFO - [services.py:1056] - [HTTP] /health - Status: 200 - Time: 0.001s
2025-10-30 21:28:22,995 - services - INFO - [services.py:1051] - [HTTP] GET /memory from 127.0.0.1
2025-10-30 21:28:22,997 - services - INFO - [services.py:1056] - [HTTP] /memory - Status: 200 - Time: 0.002s
2025-10-30 21:28:32,997 - services - INFO - [services.py:1051] - [HTTP] GET /memory from 127.0.0.1
2025-10-30 21:28:33,000 - services - INFO - [services.py:1056] - [HTTP] /memory - Status: 200 - Time: 0.003s
2025-10-30 21:28:42,997 - services - INFO - [services.py:1051] - [HTTP] GET /memory from 127.0.0.1
2025-10-30 21:28:42,999 - services - INFO - [services.py:1056] - [HTTP] /memory - Status: 200 - Time: 0.002s
2025-10-30 21:28:48,974 - services - INFO - [services.py:1051] - [HTTP] GET /health from 127.0.0.1
2025-10-30 21:28:48,975 - services - INFO - [services.py:1056] - [HTTP] /health - Status: 200 - Time: 0.001s
2025-10-30 21:28:53,001 - services - INFO - [services.py:1051] - [HTTP] GET /memory from 127.0.0.1
2025-10-30 21:28:53,003 - services - INFO - [services.py:1056] - [HTTP] /memory - Status: 200 - Time: 0.002s
2025-10-30 21:29:03,049 - services - INFO - [services.py:1051] - [HTTP] GET /memory from 127.0.0.1
2025-10-30 21:29:03,051 - services - INFO - [services.py:1056] - [HTTP] /memory - Status: 200 - Time: 0.002s
2025-10-30 21:29:13,032 - services - INFO - [services.py:1051] - [HTTP] GET /memory from 127.0.0.1
2025-10-30 21:29:13,034 - services - INFO - [services.py:1056] - [HTTP] /memory - Status: 200 - Time: 0.002s
2025-10-30 21:29:18,979 - services - INFO - [services.py:1051] - [HTTP] GET /health from 127.0.0.1
2025-10-30 21:29:18,979 - services - INFO - [services.py:1056] - [HTTP] /health - Status: 200 - Time: 0.001s
2025-10-30 21:29:23,018 - services - INFO - [services.py:1051] - [HTTP] GET /memory from 127.0.0.1
2025-10-30 21:29:23,019 - services - INFO - [services.py:1056] - [HTTP] /memory - Status: 200 - Time: 0.001s
2025-10-30 21:29:33,025 - services - INFO - [services.py:1051] - [HTTP] GET /memory from 127.0.0.1
2025-10-30 21:29:33,027 - services - INFO - [services.py:1056] - [HTTP] /memory - Status: 200 - Time: 0.003s
2025-10-30 21:29:43,026 - services - INFO - [services.py:1051] - [HTTP] GET /memory from 127.0.0.1
2025-10-30 21:29:43,027 - services - INFO - [services.py:1056] - [HTTP] /memory - Status: 200 - Time: 0.002s
2025-10-30 21:29:48,976 - services - INFO - [services.py:1051] - [HTTP] GET /health from 127.0.0.1
2025-10-30 21:29:48,977 - services - INFO - [services.py:1056] - [HTTP] /health - Status: 200 - Time: 0.001s
2025-10-30 21:29:53,026 - services - INFO - [services.py:1051] - [HTTP] GET /memory from 127.0.0.1
2025-10-30 21:29:53,027 - services - INFO - [services.py:1056] - [HTTP] /memory - Status: 200 - Time: 0.001s
2025-10-30 21:30:03,069 - services - INFO - [services.py:1051] - [HTTP] GET /memory from 127.0.0.1
2025-10-30 21:30:03,071 - services - INFO - [services.py:1056] - [HTTP] /memory - Status: 200 - Time: 0.002s
2025-10-30 21:30:13,055 - services - INFO - [services.py:1051] - [HTTP] GET /memory from 127.0.0.1
2025-10-30 21:30:13,057 - services - INFO - [services.py:1056] - [HTTP] /memory - Status: 200 - Time: 0.002s
2025-10-30 21:30:18,971 - services - INFO - [services.py:1051] - [HTTP] GET /health from 127.0.0.1
2025-10-30 21:30:18,972 - services - INFO - [services.py:1056] - [HTTP] /health - Status: 200 - Time: 0.001s
2025-10-30 21:30:23,030 - services - INFO - [services.py:1051] - [HTTP] GET /memory from 127.0.0.1
2025-10-30 21:30:23,031 - services - INFO - [services.py:1056] - [HTTP] /memory - Status: 200 - Time: 0.001s
2025-10-30 21:30:33,031 - services - INFO - [services.py:1051] - [HTTP] GET /memory from 127.0.0.1
2025-10-30 21:30:33,033 - services - INFO - [services.py:1056] - [HTTP] /memory - Status: 200 - Time: 0.002s
2025-10-30 21:30:43,026 - services - INFO - [services.py:1051] - [HTTP] GET /memory from 127.0.0.1
2025-10-30 21:30:43,028 - services - INFO - [services.py:1056] - [HTTP] /memory - Status: 200 - Time: 0.002s
2025-10-30 21:30:48,976 - services - INFO - [services.py:1051] - [HTTP] GET /health from 127.0.0.1
2025-10-30 21:30:48,977 - services - INFO - [services.py:1056] - [HTTP] /health - Status: 200 - Time: 0.001s
2025-10-30 21:30:53,025 - services - INFO - [services.py:1051] - [HTTP] GET /memory from 127.0.0.1
2025-10-30 21:30:53,027 - services - INFO - [services.py:1056] - [HTTP] /memory - Status: 200 - Time: 0.002s
2025-10-30 21:31:03,050 - services - INFO - [services.py:1051] - [HTTP] GET /memory from 127.0.0.1
2025-10-30 21:31:03,052 - services - INFO - [services.py:1056] - [HTTP] /memory - Status: 200 - Time: 0.002s
2025-10-30 21:31:13,087 - services - INFO - [services.py:1051] - [HTTP] GET /memory from 127.0.0.1
2025-10-30 21:31:13,089 - services - INFO - [services.py:1056] - [HTTP] /memory - Status: 200 - Time: 0.002s
2025-10-30 21:31:18,972 - services - INFO - [services.py:1051] - [HTTP] GET /health from 127.0.0.1
2025-10-30 21:31:18,973 - services - INFO - [services.py:1056] - [HTTP] /health - Status: 200 - Time: 0.001s
2025-10-30 21:31:23,054 - services - INFO - [services.py:1051] - [HTTP] GET /memory from 127.0.0.1
2025-10-30 21:31:23,056 - services - INFO - [services.py:1056] - [HTTP] /memory - Status: 200 - Time: 0.002s
2025-10-30 21:31:33,047 - services - INFO - [services.py:1051] - [HTTP] GET /memory from 127.0.0.1
2025-10-30 21:31:33,048 - services - INFO - [services.py:1056] - [HTTP] /memory - Status: 200 - Time: 0.002s
2025-10-30 21:31:43,049 - services - INFO - [services.py:1051] - [HTTP] GET /memory from 127.0.0.1
2025-10-30 21:31:43,051 - services - INFO - [services.py:1056] - [HTTP] /memory - Status: 200 - Time: 0.002s
2025-10-30 21:31:49,100 - services - INFO - [services.py:1051] - [HTTP] GET /health from 127.0.0.1
2025-10-30 21:31:49,101 - services - INFO - [services.py:1056] - [HTTP] /health - Status: 200 - Time: 0.001s
2025-10-30 21:31:53,078 - services - INFO - [services.py:1051] - [HTTP] GET /memory from 127.0.0.1
2025-10-30 21:31:53,080 - services - INFO - [services.py:1056] - [HTTP] /memory - Status: 200 - Time: 0.001s
2025-10-30 21:32:03,087 - services - INFO - [services.py:1051] - [HTTP] GET /memory from 127.0.0.1
2025-10-30 21:32:03,089 - services - INFO - [services.py:1056] - [HTTP] /memory - Status: 200 - Time: 0.002s
2025-10-30 21:32:13,114 - services - INFO - [services.py:1051] - [HTTP] GET /memory from 127.0.0.1
2025-10-30 21:32:13,116 - services - INFO - [services.py:1056] - [HTTP] /memory - Status: 200 - Time: 0.001s
2025-10-30 21:32:18,974 - services - INFO - [services.py:1051] - [HTTP] GET /health from 127.0.0.1
2025-10-30 21:32:18,974 - services - INFO - [services.py:1056] - [HTTP] /health - Status: 200 - Time: 0.001s
2025-10-30 21:32:23,058 - services - INFO - [services.py:1051] - [HTTP] GET /memory from 127.0.0.1
2025-10-30 21:32:23,060 - services - INFO - [services.py:1056] - [HTTP] /memory - Status: 200 - Time: 0.002s
2025-10-30 21:32:33,045 - services - INFO - [services.py:1051] - [HTTP] GET /memory from 127.0.0.1
2025-10-30 21:32:33,047 - services - INFO - [services.py:1056] - [HTTP] /memory - Status: 200 - Time: 0.002s
2025-10-30 21:32:43,052 - services - INFO - [services.py:1051] - [HTTP] GET /memory from 127.0.0.1
2025-10-30 21:32:43,053 - services - INFO - [services.py:1056] - [HTTP] /memory - Status: 200 - Time: 0.001s
2025-10-30 21:32:49,263 - services - INFO - [services.py:1051] - [HTTP] GET /health from 127.0.0.1
2025-10-30 21:32:49,264 - services - INFO - [services.py:1056] - [HTTP] /health - Status: 200 - Time: 0.001s
2025-10-30 21:32:53,020 - services - INFO - [services.py:1051] - [HTTP] GET /memory from 127.0.0.1
2025-10-30 21:32:53,022 - services - INFO - [services.py:1056] - [HTTP] /memory - Status: 200 - Time: 0.002s
2025-10-30 21:33:03,081 - services - INFO - [services.py:1051] - [HTTP] GET /memory from 127.0.0.1
2025-10-30 21:33:03,082 - services - INFO - [services.py:1056] - [HTTP] /memory - Status: 200 - Time: 0.002s
2025-10-30 21:33:13,078 - services - INFO - [services.py:1051] - [HTTP] GET /memory from 127.0.0.1
2025-10-30 21:33:13,079 - services - INFO - [services.py:1056] - [HTTP] /memory - Status: 200 - Time: 0.002s
2025-10-30 21:33:19,139 - services - INFO - [services.py:1051] - [HTTP] GET /health from 127.0.0.1
2025-10-30 21:33:19,140 - services - INFO - [services.py:1056] - [HTTP] /health - Status: 200 - Time: 0.002s
2025-10-30 21:33:23,086 - services - INFO - [services.py:1051] - [HTTP] GET /memory from 127.0.0.1
2025-10-30 21:33:23,088 - services - INFO - [services.py:1056] - [HTTP] /memory - Status: 200 - Time: 0.002s
2025-10-30 21:33:33,084 - services - INFO - [services.py:1051] - [HTTP] GET /memory from 127.0.0.1
2025-10-30 21:33:33,085 - services - INFO - [services.py:1056] - [HTTP] /memory - Status: 200 - Time: 0.001s
2025-10-30 21:33:43,074 - services - INFO - [services.py:1051] - [HTTP] GET /memory from 127.0.0.1
2025-10-30 21:33:43,075 - services - INFO - [services.py:1056] - [HTTP] /memory - Status: 200 - Time: 0.001s
2025-10-30 21:33:48,975 - services - INFO - [services.py:1051] - [HTTP] GET /health from 127.0.0.1
2025-10-30 21:33:48,976 - services - INFO - [services.py:1056] - [HTTP] /health - Status: 200 - Time: 0.001s
2025-10-30 21:33:53,079 - services - INFO - [services.py:1051] - [HTTP] GET /memory from 127.0.0.1
2025-10-30 21:33:53,081 - services - INFO - [services.py:1056] - [HTTP] /memory - Status: 200 - Time: 0.002s
2025-10-30 21:34:03,079 - services - INFO - [services.py:1051] - [HTTP] GET /memory from 127.0.0.1
2025-10-30 21:34:03,080 - services - INFO - [services.py:1056] - [HTTP] /memory - Status: 200 - Time: 0.002s
2025-10-30 21:34:13,079 - services - INFO - [services.py:1051] - [HTTP] GET /memory from 127.0.0.1
2025-10-30 21:34:13,080 - services - INFO - [services.py:1056] - [HTTP] /memory - Status: 200 - Time: 0.002s
2025-10-30 21:34:19,012 - services - INFO - [services.py:1051] - [HTTP] GET /health from 127.0.0.1
2025-10-30 21:34:19,013 - services - INFO - [services.py:1056] - [HTTP] /health - Status: 200 - Time: 0.001s
2025-10-30 21:34:23,085 - services - INFO - [services.py:1051] - [HTTP] GET /memory from 127.0.0.1
2025-10-30 21:34:23,087 - services - INFO - [services.py:1056] - [HTTP] /memory - Status: 200 - Time: 0.002s
2025-10-30 21:34:33,081 - services - INFO - [services.py:1051] - [HTTP] GET /memory from 127.0.0.1
2025-10-30 21:34:33,083 - services - INFO - [services.py:1056] - [HTTP] /memory - Status: 200 - Time: 0.002s
2025-10-30 21:34:43,079 - services - INFO - [services.py:1051] - [HTTP] GET /memory from 127.0.0.1
2025-10-30 21:34:43,081 - services - INFO - [services.py:1056] - [HTTP] /memory - Status: 200 - Time: 0.002s
2025-10-30 21:34:49,013 - services - INFO - [services.py:1051] - [HTTP] GET /health from 127.0.0.1
2025-10-30 21:34:49,013 - services - INFO - [services.py:1056] - [HTTP] /health - Status: 200 - Time: 0.001s
2025-10-30 21:34:53,079 - services - INFO - [services.py:1051] - [HTTP] GET /memory from 127.0.0.1
2025-10-30 21:34:53,081 - services - INFO - [services.py:1056] - [HTTP] /memory - Status: 200 - Time: 0.002s
2025-10-30 21:35:03,113 - services - INFO - [services.py:1051] - [HTTP] GET /memory from 127.0.0.1
2025-10-30 21:35:03,115 - services - INFO - [services.py:1056] - [HTTP] /memory - Status: 200 - Time: 0.002s
2025-10-30 21:35:13,149 - services - INFO - [services.py:1051] - [HTTP] GET /memory from 127.0.0.1
2025-10-30 21:35:13,150 - services - INFO - [services.py:1056] - [HTTP] /memory - Status: 200 - Time: 0.001s
2025-10-30 21:35:18,974 - services - INFO - [services.py:1051] - [HTTP] GET /health from 127.0.0.1
2025-10-30 21:35:18,974 - services - INFO - [services.py:1056] - [HTTP] /health - Status: 200 - Time: 0.001s
2025-10-30 21:35:23,108 - services - INFO - [services.py:1051] - [HTTP] GET /memory from 127.0.0.1
2025-10-30 21:35:23,110 - services - INFO - [services.py:1056] - [HTTP] /memory - Status: 200 - Time: 0.002s
2025-10-30 21:35:33,108 - services - INFO - [services.py:1051] - [HTTP] GET /memory from 127.0.0.1
2025-10-30 21:35:33,109 - services - INFO - [services.py:1056] - [HTTP] /memory - Status: 200 - Time: 0.002s
2025-10-30 21:35:43,117 - services - INFO - [services.py:1051] - [HTTP] GET /memory from 127.0.0.1
2025-10-30 21:35:43,118 - services - INFO - [services.py:1056] - [HTTP] /memory - Status: 200 - Time: 0.002s
2025-10-30 21:35:48,969 - services - INFO - [services.py:1051] - [HTTP] GET /health from 127.0.0.1
2025-10-30 21:35:48,970 - services - INFO - [services.py:1056] - [HTTP] /health - Status: 200 - Time: 0.001s
2025-10-30 21:35:53,112 - services - INFO - [services.py:1051] - [HTTP] GET /memory from 127.0.0.1
2025-10-30 21:35:53,114 - services - INFO - [services.py:1056] - [HTTP] /memory - Status: 200 - Time: 0.001s
2025-10-30 21:36:03,103 - services - INFO - [services.py:1051] - [HTTP] GET /memory from 127.0.0.1
2025-10-30 21:36:03,106 - services - INFO - [services.py:1056] - [HTTP] /memory - Status: 200 - Time: 0.003s
2025-10-30 21:36:13,151 - services - INFO - [services.py:1051] - [HTTP] GET /memory from 127.0.0.1
2025-10-30 21:36:13,153 - services - INFO - [services.py:1056] - [HTTP] /memory - Status: 200 - Time: 0.001s
2025-10-30 21:36:18,974 - services - INFO - [services.py:1051] - [HTTP] GET /health from 127.0.0.1
2025-10-30 21:36:18,974 - services - INFO - [services.py:1056] - [HTTP] /health - Status: 200 - Time: 0.001s
2025-10-30 21:36:23,108 - services - INFO - [services.py:1051] - [HTTP] GET /memory from 127.0.0.1
2025-10-30 21:36:23,109 - services - INFO - [services.py:1056] - [HTTP] /memory - Status: 200 - Time: 0.001s
2025-10-30 21:36:33,103 - services - INFO - [services.py:1051] - [HTTP] GET /memory from 127.0.0.1
2025-10-30 21:36:33,104 - services - INFO - [services.py:1056] - [HTTP] /memory - Status: 200 - Time: 0.002s
2025-10-30 21:36:43,107 - services - INFO - [services.py:1051] - [HTTP] GET /memory from 127.0.0.1
2025-10-30 21:36:43,109 - services - INFO - [services.py:1056] - [HTTP] /memory - Status: 200 - Time: 0.002s
2025-10-30 21:36:49,019 - services - INFO - [services.py:1051] - [HTTP] GET /health from 127.0.0.1
2025-10-30 21:36:49,021 - services - INFO - [services.py:1056] - [HTTP] /health - Status: 200 - Time: 0.002s
2025-10-30 21:36:53,109 - services - INFO - [services.py:1051] - [HTTP] GET /memory from 127.0.0.1
2025-10-30 21:36:53,111 - services - INFO - [services.py:1056] - [HTTP] /memory - Status: 200 - Time: 0.002s
2025-10-30 21:37:03,130 - services - INFO - [services.py:1051] - [HTTP] GET /memory from 127.0.0.1
2025-10-30 21:37:03,133 - services - INFO - [services.py:1056] - [HTTP] /memory - Status: 200 - Time: 0.002s
2025-10-30 21:37:13,131 - services - INFO - [services.py:1051] - [HTTP] GET /memory from 127.0.0.1
2025-10-30 21:37:13,133 - services - INFO - [services.py:1056] - [HTTP] /memory - Status: 200 - Time: 0.002s
2025-10-30 21:37:18,975 - services - INFO - [services.py:1051] - [HTTP] GET /health from 127.0.0.1
2025-10-30 21:37:18,977 - services - INFO - [services.py:1056] - [HTTP] /health - Status: 200 - Time: 0.001s
2025-10-30 21:37:23,135 - services - INFO - [services.py:1051] - [HTTP] GET /memory from 127.0.0.1
2025-10-30 21:37:23,137 - services - INFO - [services.py:1056] - [HTTP] /memory - Status: 200 - Time: 0.002s
2025-10-30 21:37:33,132 - services - INFO - [services.py:1051] - [HTTP] GET /memory from 127.0.0.1
2025-10-30 21:37:33,133 - services - INFO - [services.py:1056] - [HTTP] /memory - Status: 200 - Time: 0.001s
2025-10-30 21:37:43,136 - services - INFO - [services.py:1051] - [HTTP] GET /memory from 127.0.0.1
2025-10-30 21:37:43,137 - services - INFO - [services.py:1056] - [HTTP] /memory - Status: 200 - Time: 0.001s
2025-10-30 21:37:48,979 - services - INFO - [services.py:1051] - [HTTP] GET /health from 127.0.0.1
2025-10-30 21:37:48,980 - services - INFO - [services.py:1056] - [HTTP] /health - Status: 200 - Time: 0.001s
2025-10-30 21:37:53,127 - services - INFO - [services.py:1051] - [HTTP] GET /memory from 127.0.0.1
2025-10-30 21:37:53,128 - services - INFO - [services.py:1056] - [HTTP] /memory - Status: 200 - Time: 0.001s
2025-10-30 21:38:03,135 - services - INFO - [services.py:1051] - [HTTP] GET /memory from 127.0.0.1
2025-10-30 21:38:03,137 - services - INFO - [services.py:1056] - [HTTP] /memory - Status: 200 - Time: 0.002s
2025-10-30 21:38:13,130 - services - INFO - [services.py:1051] - [HTTP] GET /memory from 127.0.0.1
2025-10-30 21:38:13,132 - services - INFO - [services.py:1056] - [HTTP] /memory - Status: 200 - Time: 0.002s
2025-10-30 21:38:18,978 - services - INFO - [services.py:1051] - [HTTP] GET /health from 127.0.0.1
2025-10-30 21:38:18,980 - services - INFO - [services.py:1056] - [HTTP] /health - Status: 200 - Time: 0.002s
2025-10-30 21:38:23,136 - services - INFO - [services.py:1051] - [HTTP] GET /memory from 127.0.0.1
2025-10-30 21:38:23,137 - services - INFO - [services.py:1056] - [HTTP] /memory - Status: 200 - Time: 0.002s
2025-10-30 21:38:33,134 - services - INFO - [services.py:1051] - [HTTP] GET /memory from 127.0.0.1
2025-10-30 21:38:33,135 - services - INFO - [services.py:1056] - [HTTP] /memory - Status: 200 - Time: 0.001s
2025-10-30 21:38:43,130 - services - INFO - [services.py:1051] - [HTTP] GET /memory from 127.0.0.1
2025-10-30 21:38:43,132 - services - INFO - [services.py:1056] - [HTTP] /memory - Status: 200 - Time: 0.001s
2025-10-30 21:38:48,976 - services - INFO - [services.py:1051] - [HTTP] GET /health from 127.0.0.1
2025-10-30 21:38:48,977 - services - INFO - [services.py:1056] - [HTTP] /health - Status: 200 - Time: 0.001s
2025-10-30 21:38:54,128 - services - INFO - [services.py:1051] - [HTTP] GET /memory from 127.0.0.1
2025-10-30 21:38:54,129 - services - INFO - [services.py:1056] - [HTTP] /memory - Status: 200 - Time: 0.002s
2025-10-30 21:39:03,224 - services - INFO - [services.py:1051] - [HTTP] GET /memory from 127.0.0.1
2025-10-30 21:39:03,226 - services - INFO - [services.py:1056] - [HTTP] /memory - Status: 200 - Time: 0.001s
2025-10-30 21:39:13,176 - services - INFO - [services.py:1051] - [HTTP] GET /memory from 127.0.0.1
2025-10-30 21:39:13,177 - services - INFO - [services.py:1056] - [HTTP] /memory - Status: 200 - Time: 0.001s
2025-10-30 21:39:19,043 - services - INFO - [services.py:1051] - [HTTP] GET /health from 127.0.0.1
2025-10-30 21:39:19,044 - services - INFO - [services.py:1056] - [HTTP] /health - Status: 200 - Time: 0.001s
2025-10-30 21:39:23,313 - services - INFO - [services.py:1051] - [HTTP] GET /memory from 127.0.0.1
2025-10-30 21:39:23,314 - services - INFO - [services.py:1056] - [HTTP] /memory - Status: 200 - Time: 0.001s
2025-10-30 21:39:33,164 - services - INFO - [services.py:1051] - [HTTP] GET /memory from 127.0.0.1
2025-10-30 21:39:33,166 - services - INFO - [services.py:1056] - [HTTP] /memory - Status: 200 - Time: 0.002s
2025-10-30 21:39:43,190 - services - INFO - [services.py:1051] - [HTTP] GET /memory from 127.0.0.1
2025-10-30 21:39:43,191 - services - INFO - [services.py:1056] - [HTTP] /memory - Status: 200 - Time: 0.002s
2025-10-30 21:39:49,016 - services - INFO - [services.py:1051] - [HTTP] GET /health from 127.0.0.1
2025-10-30 21:39:49,017 - services - INFO - [services.py:1056] - [HTTP] /health - Status: 200 - Time: 0.001s
2025-10-30 21:39:53,153 - services - INFO - [services.py:1051] - [HTTP] GET /memory from 127.0.0.1
2025-10-30 21:39:53,155 - services - INFO - [services.py:1056] - [HTTP] /memory - Status: 200 - Time: 0.002s
2025-10-30 21:40:03,150 - services - INFO - [services.py:1051] - [HTTP] GET /memory from 127.0.0.1
2025-10-30 21:40:03,151 - services - INFO - [services.py:1056] - [HTTP] /memory - Status: 200 - Time: 0.001s
2025-10-30 21:40:13,225 - services - INFO - [services.py:1051] - [HTTP] GET /memory from 127.0.0.1
2025-10-30 21:40:13,226 - services - INFO - [services.py:1056] - [HTTP] /memory - Status: 200 - Time: 0.002s
2025-10-30 21:40:18,976 - services - INFO - [services.py:1051] - [HTTP] GET /health from 127.0.0.1
2025-10-30 21:40:18,977 - services - INFO - [services.py:1056] - [HTTP] /health - Status: 200 - Time: 0.001s
2025-10-30 21:40:23,158 - services - INFO - [services.py:1051] - [HTTP] GET /memory from 127.0.0.1
2025-10-30 21:40:23,159 - services - INFO - [services.py:1056] - [HTTP] /memory - Status: 200 - Time: 0.001s
2025-10-30 21:40:33,165 - services - INFO - [services.py:1051] - [HTTP] GET /memory from 127.0.0.1
2025-10-30 21:40:33,167 - services - INFO - [services.py:1056] - [HTTP] /memory - Status: 200 - Time: 0.002s
2025-10-30 21:40:43,170 - services - INFO - [services.py:1051] - [HTTP] GET /memory from 127.0.0.1
2025-10-30 21:40:43,172 - services - INFO - [services.py:1056] - [HTTP] /memory - Status: 200 - Time: 0.002s
2025-10-30 21:40:49,023 - services - INFO - [services.py:1051] - [HTTP] GET /health from 127.0.0.1
2025-10-30 21:40:49,024 - services - INFO - [services.py:1056] - [HTTP] /health - Status: 200 - Time: 0.001s
2025-10-30 21:40:53,160 - services - INFO - [services.py:1051] - [HTTP] GET /memory from 127.0.0.1
2025-10-30 21:40:53,162 - services - INFO - [services.py:1056] - [HTTP] /memory - Status: 200 - Time: 0.002s
2025-10-30 21:41:03,159 - services - INFO - [services.py:1051] - [HTTP] GET /memory from 127.0.0.1
2025-10-30 21:41:03,160 - services - INFO - [services.py:1056] - [HTTP] /memory - Status: 200 - Time: 0.001s
2025-10-30 21:41:13,160 - services - INFO - [services.py:1051] - [HTTP] GET /memory from 127.0.0.1
2025-10-30 21:41:13,162 - services - INFO - [services.py:1056] - [HTTP] /memory - Status: 200 - Time: 0.002s
2025-10-30 21:41:18,972 - services - INFO - [services.py:1051] - [HTTP] GET /health from 127.0.0.1
2025-10-30 21:41:18,974 - services - INFO - [services.py:1056] - [HTTP] /health - Status: 200 - Time: 0.001s
2025-10-30 21:41:23,174 - services - INFO - [services.py:1051] - [HTTP] GET /memory from 127.0.0.1
2025-10-30 21:41:23,175 - services - INFO - [services.py:1056] - [HTTP] /memory - Status: 200 - Time: 0.001s
2025-10-30 21:41:33,158 - services - INFO - [services.py:1051] - [HTTP] GET /memory from 127.0.0.1
2025-10-30 21:41:33,160 - services - INFO - [services.py:1056] - [HTTP] /memory - Status: 200 - Time: 0.002s
2025-10-30 21:41:43,176 - services - INFO - [services.py:1051] - [HTTP] GET /memory from 127.0.0.1
2025-10-30 21:41:43,177 - services - INFO - [services.py:1056] - [HTTP] /memory - Status: 200 - Time: 0.001s
2025-10-30 21:41:48,986 - services - INFO - [services.py:1051] - [HTTP] GET /health from 127.0.0.1
2025-10-30 21:41:48,986 - services - INFO - [services.py:1056] - [HTTP] /health - Status: 200 - Time: 0.001s
2025-10-30 21:41:53,149 - services - INFO - [services.py:1051] - [HTTP] GET /memory from 127.0.0.1
2025-10-30 21:41:53,150 - services - INFO - [services.py:1056] - [HTTP] /memory - Status: 200 - Time: 0.001s
2025-10-30 21:42:03,155 - services - INFO - [services.py:1051] - [HTTP] GET /memory from 127.0.0.1
2025-10-30 21:42:03,156 - services - INFO - [services.py:1056] - [HTTP] /memory - Status: 200 - Time: 0.001s
2025-10-30 21:42:13,317 - services - INFO - [services.py:1051] - [HTTP] GET /memory from 127.0.0.1
2025-10-30 21:42:13,318 - services - INFO - [services.py:1056] - [HTTP] /memory - Status: 200 - Time: 0.002s
2025-10-30 21:42:18,986 - services - INFO - [services.py:1051] - [HTTP] GET /health from 127.0.0.1
2025-10-30 21:42:18,987 - services - INFO - [services.py:1056] - [HTTP] /health - Status: 200 - Time: 0.001s
2025-10-30 21:42:23,165 - services - INFO - [services.py:1051] - [HTTP] GET /memory from 127.0.0.1
2025-10-30 21:42:23,166 - services - INFO - [services.py:1056] - [HTTP] /memory - Status: 200 - Time: 0.001s
2025-10-30 21:42:33,163 - services - INFO - [services.py:1051] - [HTTP] GET /memory from 127.0.0.1
2025-10-30 21:42:33,165 - services - INFO - [services.py:1056] - [HTTP] /memory - Status: 200 - Time: 0.001s
2025-10-30 21:42:43,154 - services - INFO - [services.py:1051] - [HTTP] GET /memory from 127.0.0.1
2025-10-30 21:42:43,155 - services - INFO - [services.py:1056] - [HTTP] /memory - Status: 200 - Time: 0.001s
2025-10-30 21:42:48,976 - services - INFO - [services.py:1051] - [HTTP] GET /health from 127.0.0.1
2025-10-30 21:42:48,977 - services - INFO - [services.py:1056] - [HTTP] /health - Status: 200 - Time: 0.001s
2025-10-30 21:42:53,157 - services - INFO - [services.py:1051] - [HTTP] GET /memory from 127.0.0.1
2025-10-30 21:42:53,158 - services - INFO - [services.py:1056] - [HTTP] /memory - Status: 200 - Time: 0.001s
2025-10-30 21:43:03,166 - services - INFO - [services.py:1051] - [HTTP] GET /memory from 127.0.0.1
2025-10-30 21:43:03,168 - services - INFO - [services.py:1056] - [HTTP] /memory - Status: 200 - Time: 0.002s
2025-10-30 21:43:13,164 - services - INFO - [services.py:1051] - [HTTP] GET /memory from 127.0.0.1
2025-10-30 21:43:13,166 - services - INFO - [services.py:1056] - [HTTP] /memory - Status: 200 - Time: 0.001s
2025-10-30 21:43:19,039 - services - INFO - [services.py:1051] - [HTTP] GET /health from 127.0.0.1
2025-10-30 21:43:19,040 - services - INFO - [services.py:1056] - [HTTP] /health - Status: 200 - Time: 0.001s
2025-10-30 21:43:23,224 - services - INFO - [services.py:1051] - [HTTP] GET /memory from 127.0.0.1
2025-10-30 21:43:23,226 - services - INFO - [services.py:1056] - [HTTP] /memory - Status: 200 - Time: 0.001s
2025-10-30 21:43:33,205 - services - INFO - [services.py:1051] - [HTTP] GET /memory from 127.0.0.1
2025-10-30 21:43:33,207 - services - INFO - [services.py:1056] - [HTTP] /memory - Status: 200 - Time: 0.002s
2025-10-30 21:43:43,166 - services - INFO - [services.py:1051] - [HTTP] GET /memory from 127.0.0.1
2025-10-30 21:43:43,167 - services - INFO - [services.py:1056] - [HTTP] /memory - Status: 200 - Time: 0.001s
2025-10-30 21:43:48,983 - services - INFO - [services.py:1051] - [HTTP] GET /health from 127.0.0.1
2025-10-30 21:43:48,984 - services - INFO - [services.py:1056] - [HTTP] /health - Status: 200 - Time: 0.001s
2025-10-30 21:43:53,165 - services - INFO - [services.py:1051] - [HTTP] GET /memory from 127.0.0.1
2025-10-30 21:43:53,166 - services - INFO - [services.py:1056] - [HTTP] /memory - Status: 200 - Time: 0.001s
2025-10-30 21:44:03,184 - services - INFO - [services.py:1051] - [HTTP] GET /memory from 127.0.0.1
2025-10-30 21:44:03,185 - services - INFO - [services.py:1056] - [HTTP] /memory - Status: 200 - Time: 0.002s
2025-10-30 21:44:13,202 - services - INFO - [services.py:1051] - [HTTP] GET /memory from 127.0.0.1
2025-10-30 21:44:13,203 - services - INFO - [services.py:1056] - [HTTP] /memory - Status: 200 - Time: 0.001s
2025-10-30 21:44:18,984 - services - INFO - [services.py:1051] - [HTTP] GET /health from 127.0.0.1
2025-10-30 21:44:18,985 - services - INFO - [services.py:1056] - [HTTP] /health - Status: 200 - Time: 0.001s
2025-10-30 21:44:23,164 - services - INFO - [services.py:1051] - [HTTP] GET /memory from 127.0.0.1
2025-10-30 21:44:23,166 - services - INFO - [services.py:1056] - [HTTP] /memory - Status: 200 - Time: 0.002s
2025-10-30 21:44:33,167 - services - INFO - [services.py:1051] - [HTTP] GET /memory from 127.0.0.1
2025-10-30 21:44:33,168 - services - INFO - [services.py:1056] - [HTTP] /memory - Status: 200 - Time: 0.001s
2025-10-30 21:44:43,166 - services - INFO - [services.py:1051] - [HTTP] GET /memory from 127.0.0.1
2025-10-30 21:44:43,167 - services - INFO - [services.py:1056] - [HTTP] /memory - Status: 200 - Time: 0.001s
2025-10-30 21:44:48,983 - services - INFO - [services.py:1051] - [HTTP] GET /health from 127.0.0.1
2025-10-30 21:44:48,985 - services - INFO - [services.py:1056] - [HTTP] /health - Status: 200 - Time: 0.001s
2025-10-30 21:44:53,204 - services - INFO - [services.py:1051] - [HTTP] GET /memory from 127.0.0.1
2025-10-30 21:44:53,206 - services - INFO - [services.py:1056] - [HTTP] /memory - Status: 200 - Time: 0.002s
2025-10-30 21:45:03,214 - services - INFO - [services.py:1051] - [HTTP] GET /memory from 127.0.0.1
2025-10-30 21:45:03,215 - services - INFO - [services.py:1056] - [HTTP] /memory - Status: 200 - Time: 0.001s
2025-10-30 21:45:13,169 - services - INFO - [services.py:1051] - [HTTP] GET /memory from 127.0.0.1
2025-10-30 21:45:13,170 - services - INFO - [services.py:1056] - [HTTP] /memory - Status: 200 - Time: 0.001s
2025-10-30 21:45:19,341 - services - INFO - [services.py:1051] - [HTTP] GET /health from 127.0.0.1
2025-10-30 21:45:19,342 - services - INFO - [services.py:1056] - [HTTP] /health - Status: 200 - Time: 0.001s
2025-10-30 21:45:23,168 - services - INFO - [services.py:1051] - [HTTP] GET /memory from 127.0.0.1
2025-10-30 21:45:23,170 - services - INFO - [services.py:1056] - [HTTP] /memory - Status: 200 - Time: 0.002s
2025-10-30 21:45:33,205 - services - INFO - [services.py:1051] - [HTTP] GET /memory from 127.0.0.1
2025-10-30 21:45:33,207 - services - INFO - [services.py:1056] - [HTTP] /memory - Status: 200 - Time: 0.002s
2025-10-30 21:45:43,174 - services - INFO - [services.py:1051] - [HTTP] GET /memory from 127.0.0.1
2025-10-30 21:45:43,175 - services - INFO - [services.py:1056] - [HTTP] /memory - Status: 200 - Time: 0.002s
2025-10-30 21:45:49,343 - services - INFO - [services.py:1051] - [HTTP] GET /health from 127.0.0.1
2025-10-30 21:45:49,343 - services - INFO - [services.py:1056] - [HTTP] /health - Status: 200 - Time: 0.001s
2025-10-30 21:45:53,171 - services - INFO - [services.py:1051] - [HTTP] GET /memory from 127.0.0.1
2025-10-30 21:45:53,172 - services - INFO - [services.py:1056] - [HTTP] /memory - Status: 200 - Time: 0.002s
2025-10-30 21:46:03,183 - services - INFO - [services.py:1051] - [HTTP] GET /memory from 127.0.0.1
2025-10-30 21:46:03,184 - services - INFO - [services.py:1056] - [HTTP] /memory - Status: 200 - Time: 0.001s
2025-10-30 21:46:13,176 - services - INFO - [services.py:1051] - [HTTP] GET /memory from 127.0.0.1
2025-10-30 21:46:13,178 - services - INFO - [services.py:1056] - [HTTP] /memory - Status: 200 - Time: 0.002s
2025-10-30 21:46:19,342 - services - INFO - [services.py:1051] - [HTTP] GET /health from 127.0.0.1
2025-10-30 21:46:19,343 - services - INFO - [services.py:1056] - [HTTP] /health - Status: 200 - Time: 0.001s
2025-10-30 21:46:23,208 - services - INFO - [services.py:1051] - [HTTP] GET /memory from 127.0.0.1
2025-10-30 21:46:23,209 - services - INFO - [services.py:1056] - [HTTP] /memory - Status: 200 - Time: 0.001s
2025-10-30 21:46:33,174 - services - INFO - [services.py:1051] - [HTTP] GET /memory from 127.0.0.1
2025-10-30 21:46:33,176 - services - INFO - [services.py:1056] - [HTTP] /memory - Status: 200 - Time: 0.002s
2025-10-30 21:46:43,275 - services - INFO - [services.py:1051] - [HTTP] GET /memory from 127.0.0.1
2025-10-30 21:46:43,277 - services - INFO - [services.py:1056] - [HTTP] /memory - Status: 200 - Time: 0.001s
2025-10-30 21:46:49,338 - services - INFO - [services.py:1051] - [HTTP] GET /health from 127.0.0.1
2025-10-30 21:46:49,338 - services - INFO - [services.py:1056] - [HTTP] /health - Status: 200 - Time: 0.001s
2025-10-30 21:46:53,219 - services - INFO - [services.py:1051] - [HTTP] GET /memory from 127.0.0.1
2025-10-30 21:46:53,220 - services - INFO - [services.py:1056] - [HTTP] /memory - Status: 200 - Time: 0.001s
2025-10-30 21:47:03,168 - services - INFO - [services.py:1051] - [HTTP] GET /memory from 127.0.0.1
2025-10-30 21:47:03,170 - services - INFO - [services.py:1056] - [HTTP] /memory - Status: 200 - Time: 0.002s
2025-10-30 21:47:13,173 - services - INFO - [services.py:1051] - [HTTP] GET /memory from 127.0.0.1
2025-10-30 21:47:13,174 - services - INFO - [services.py:1056] - [HTTP] /memory - Status: 200 - Time: 0.001s
2025-10-30 21:47:19,344 - services - INFO - [services.py:1051] - [HTTP] GET /health from 127.0.0.1
2025-10-30 21:47:19,345 - services - INFO - [services.py:1056] - [HTTP] /health - Status: 200 - Time: 0.001s
2025-10-30 21:47:23,175 - services - INFO - [services.py:1051] - [HTTP] GET /memory from 127.0.0.1
2025-10-30 21:47:23,177 - services - INFO - [services.py:1056] - [HTTP] /memory - Status: 200 - Time: 0.002s
2025-10-30 21:47:33,175 - services - INFO - [services.py:1051] - [HTTP] GET /memory from 127.0.0.1
2025-10-30 21:47:33,176 - services - INFO - [services.py:1056] - [HTTP] /memory - Status: 200 - Time: 0.002s
2025-10-30 21:47:43,176 - services - INFO - [services.py:1051] - [HTTP] GET /memory from 127.0.0.1
2025-10-30 21:47:43,178 - services - INFO - [services.py:1056] - [HTTP] /memory - Status: 200 - Time: 0.002s
2025-10-30 21:47:49,346 - services - INFO - [services.py:1051] - [HTTP] GET /health from 127.0.0.1
2025-10-30 21:47:49,347 - services - INFO - [services.py:1056] - [HTTP] /health - Status: 200 - Time: 0.001s
2025-10-30 21:47:53,168 - services - INFO - [services.py:1051] - [HTTP] GET /memory from 127.0.0.1
2025-10-30 21:47:53,169 - services - INFO - [services.py:1056] - [HTTP] /memory - Status: 200 - Time: 0.001s
2025-10-30 21:48:03,169 - services - INFO - [services.py:1051] - [HTTP] GET /memory from 127.0.0.1
2025-10-30 21:48:03,170 - services - INFO - [services.py:1056] - [HTTP] /memory - Status: 200 - Time: 0.001s
2025-10-30 21:48:13,178 - services - INFO - [services.py:1051] - [HTTP] GET /memory from 127.0.0.1
2025-10-30 21:48:13,180 - services - INFO - [services.py:1056] - [HTTP] /memory - Status: 200 - Time: 0.002s
2025-10-30 21:48:19,413 - services - INFO - [services.py:1051] - [HTTP] GET /health from 127.0.0.1
2025-10-30 21:48:19,414 - services - INFO - [services.py:1056] - [HTTP] /health - Status: 200 - Time: 0.001s
2025-10-30 21:48:23,235 - services - INFO - [services.py:1051] - [HTTP] GET /memory from 127.0.0.1
2025-10-30 21:48:23,236 - services - INFO - [services.py:1056] - [HTTP] /memory - Status: 200 - Time: 0.001s
2025-10-30 21:48:33,170 - services - INFO - [services.py:1051] - [HTTP] GET /memory from 127.0.0.1
2025-10-30 21:48:33,172 - services - INFO - [services.py:1056] - [HTTP] /memory - Status: 200 - Time: 0.002s
2025-10-30 21:48:43,202 - services - INFO - [services.py:1051] - [HTTP] GET /memory from 127.0.0.1
2025-10-30 21:48:43,203 - services - INFO - [services.py:1056] - [HTTP] /memory - Status: 200 - Time: 0.001s
2025-10-30 21:48:49,356 - services - INFO - [services.py:1051] - [HTTP] GET /health from 127.0.0.1
2025-10-30 21:48:49,357 - services - INFO - [services.py:1056] - [HTTP] /health - Status: 200 - Time: 0.001s
2025-10-30 21:48:53,362 - services - INFO - [services.py:1051] - [HTTP] GET /memory from 127.0.0.1
2025-10-30 21:48:53,363 - services - INFO - [services.py:1056] - [HTTP] /memory - Status: 200 - Time: 0.001s
2025-10-30 21:49:03,385 - services - INFO - [services.py:1051] - [HTTP] GET /memory from 127.0.0.1
2025-10-30 21:49:03,386 - services - INFO - [services.py:1056] - [HTTP] /memory - Status: 200 - Time: 0.002s
2025-10-30 21:49:13,435 - services - INFO - [services.py:1051] - [HTTP] GET /memory from 127.0.0.1
2025-10-30 21:49:13,437 - services - INFO - [services.py:1056] - [HTTP] /memory - Status: 200 - Time: 0.002s
2025-10-30 21:49:19,347 - services - INFO - [services.py:1051] - [HTTP] GET /health from 127.0.0.1
2025-10-30 21:49:19,348 - services - INFO - [services.py:1056] - [HTTP] /health - Status: 200 - Time: 0.001s
2025-10-30 21:49:23,498 - services - INFO - [services.py:1051] - [HTTP] GET /memory from 127.0.0.1
2025-10-30 21:49:23,500 - services - INFO - [services.py:1056] - [HTTP] /memory - Status: 200 - Time: 0.002s
2025-10-30 21:49:33,502 - services - INFO - [services.py:1051] - [HTTP] GET /memory from 127.0.0.1
2025-10-30 21:49:33,503 - services - INFO - [services.py:1056] - [HTTP] /memory - Status: 200 - Time: 0.001s
2025-10-30 21:49:43,435 - services - INFO - [services.py:1051] - [HTTP] GET /memory from 127.0.0.1
2025-10-30 21:49:43,437 - services - INFO - [services.py:1056] - [HTTP] /memory - Status: 200 - Time: 0.001s
2025-10-30 21:49:49,395 - services - INFO - [services.py:1051] - [HTTP] GET /health from 127.0.0.1
2025-10-30 21:49:49,396 - services - INFO - [services.py:1056] - [HTTP] /health - Status: 200 - Time: 0.001s
2025-10-30 21:49:53,386 - services - INFO - [services.py:1051] - [HTTP] GET /memory from 127.0.0.1
2025-10-30 21:49:53,387 - services - INFO - [services.py:1056] - [HTTP] /memory - Status: 200 - Time: 0.001s
2025-10-30 21:50:03,387 - services - INFO - [services.py:1051] - [HTTP] GET /memory from 127.0.0.1
2025-10-30 21:50:03,388 - services - INFO - [services.py:1056] - [HTTP] /memory - Status: 200 - Time: 0.001s
2025-10-30 21:50:13,401 - services - INFO - [services.py:1051] - [HTTP] GET /memory from 127.0.0.1
2025-10-30 21:50:13,402 - services - INFO - [services.py:1056] - [HTTP] /memory - Status: 200 - Time: 0.001s
2025-10-30 21:50:19,393 - services - INFO - [services.py:1051] - [HTTP] GET /health from 127.0.0.1
2025-10-30 21:50:19,393 - services - INFO - [services.py:1056] - [HTTP] /health - Status: 200 - Time: 0.001s
2025-10-30 21:50:23,406 - services - INFO - [services.py:1051] - [HTTP] GET /memory from 127.0.0.1
2025-10-30 21:50:23,408 - services - INFO - [services.py:1056] - [HTTP] /memory - Status: 200 - Time: 0.002s
2025-10-30 21:50:33,397 - services - INFO - [services.py:1051] - [HTTP] GET /memory from 127.0.0.1
2025-10-30 21:50:33,398 - services - INFO - [services.py:1056] - [HTTP] /memory - Status: 200 - Time: 0.001s
2025-10-30 21:50:43,397 - services - INFO - [services.py:1051] - [HTTP] GET /memory from 127.0.0.1
2025-10-30 21:50:43,398 - services - INFO - [services.py:1056] - [HTTP] /memory - Status: 200 - Time: 0.002s
2025-10-30 21:50:49,344 - services - INFO - [services.py:1051] - [HTTP] GET /health from 127.0.0.1
2025-10-30 21:50:49,345 - services - INFO - [services.py:1056] - [HTTP] /health - Status: 200 - Time: 0.001s
2025-10-30 21:50:53,421 - services - INFO - [services.py:1051] - [HTTP] GET /memory from 127.0.0.1
2025-10-30 21:50:53,422 - services - INFO - [services.py:1056] - [HTTP] /memory - Status: 200 - Time: 0.002s
2025-10-30 21:51:03,602 - services - INFO - [services.py:1051] - [HTTP] GET /memory from 127.0.0.1
2025-10-30 21:51:03,604 - services - INFO - [services.py:1056] - [HTTP] /memory - Status: 200 - Time: 0.001s
2025-10-30 21:51:13,429 - services - INFO - [services.py:1051] - [HTTP] GET /memory from 127.0.0.1
2025-10-30 21:51:13,431 - services - INFO - [services.py:1056] - [HTTP] /memory - Status: 200 - Time: 0.003s
2025-10-30 21:51:19,531 - services - INFO - [services.py:1051] - [HTTP] GET /health from 127.0.0.1
2025-10-30 21:51:19,532 - services - INFO - [services.py:1056] - [HTTP] /health - Status: 200 - Time: 0.001s
2025-10-30 21:51:23,543 - services - INFO - [services.py:1051] - [HTTP] GET /memory from 127.0.0.1
2025-10-30 21:51:23,544 - services - INFO - [services.py:1056] - [HTTP] /memory - Status: 200 - Time: 0.001s
2025-10-30 21:51:33,446 - services - INFO - [services.py:1051] - [HTTP] GET /memory from 127.0.0.1
2025-10-30 21:51:33,448 - services - INFO - [services.py:1056] - [HTTP] /memory - Status: 200 - Time: 0.002s
2025-10-30 21:51:43,748 - services - INFO - [services.py:1051] - [HTTP] GET /memory from 127.0.0.1
2025-10-30 21:51:43,750 - services - INFO - [services.py:1056] - [HTTP] /memory - Status: 200 - Time: 0.001s
2025-10-30 21:51:49,306 - services - INFO - [services.py:1051] - [HTTP] GET /health from 127.0.0.1
2025-10-30 21:51:49,307 - services - INFO - [services.py:1056] - [HTTP] /health - Status: 200 - Time: 0.002s
2025-10-30 21:51:53,593 - services - INFO - [services.py:1051] - [HTTP] GET /memory from 127.0.0.1
2025-10-30 21:51:53,595 - services - INFO - [services.py:1056] - [HTTP] /memory - Status: 200 - Time: 0.001s
2025-10-30 21:52:03,441 - services - INFO - [services.py:1051] - [HTTP] GET /memory from 127.0.0.1
2025-10-30 21:52:03,443 - services - INFO - [services.py:1056] - [HTTP] /memory - Status: 200 - Time: 0.002s
2025-10-30 21:52:13,472 - services - INFO - [services.py:1051] - [HTTP] GET /memory from 127.0.0.1
2025-10-30 21:52:13,474 - services - INFO - [services.py:1056] - [HTTP] /memory - Status: 200 - Time: 0.001s
2025-10-30 21:52:19,355 - services - INFO - [services.py:1051] - [HTTP] GET /health from 127.0.0.1
2025-10-30 21:52:19,356 - services - INFO - [services.py:1056] - [HTTP] /health - Status: 200 - Time: 0.001s
2025-10-30 21:52:23,421 - services - INFO - [services.py:1051] - [HTTP] GET /memory from 127.0.0.1
2025-10-30 21:52:23,422 - services - INFO - [services.py:1056] - [HTTP] /memory - Status: 200 - Time: 0.001s
2025-10-30 21:52:33,423 - services - INFO - [services.py:1051] - [HTTP] GET /memory from 127.0.0.1
2025-10-30 21:52:33,425 - services - INFO - [services.py:1056] - [HTTP] /memory - Status: 200 - Time: 0.002s
2025-10-30 21:52:43,428 - services - INFO - [services.py:1051] - [HTTP] GET /memory from 127.0.0.1
2025-10-30 21:52:43,429 - services - INFO - [services.py:1056] - [HTTP] /memory - Status: 200 - Time: 0.001s
2025-10-30 21:52:49,402 - services - INFO - [services.py:1051] - [HTTP] GET /health from 127.0.0.1
2025-10-30 21:52:49,402 - services - INFO - [services.py:1056] - [HTTP] /health - Status: 200 - Time: 0.001s
2025-10-30 21:52:53,423 - services - INFO - [services.py:1051] - [HTTP] GET /memory from 127.0.0.1
2025-10-30 21:52:53,424 - services - INFO - [services.py:1056] - [HTTP] /memory - Status: 200 - Time: 0.002s
2025-10-30 21:53:03,516 - services - INFO - [services.py:1051] - [HTTP] GET /memory from 127.0.0.1
2025-10-30 21:53:03,517 - services - INFO - [services.py:1056] - [HTTP] /memory - Status: 200 - Time: 0.001s
2025-10-30 21:53:13,648 - services - INFO - [services.py:1051] - [HTTP] GET /memory from 127.0.0.1
2025-10-30 21:53:13,649 - services - INFO - [services.py:1056] - [HTTP] /memory - Status: 200 - Time: 0.001s
2025-10-30 21:53:19,354 - services - INFO - [services.py:1051] - [HTTP] GET /health from 127.0.0.1
2025-10-30 21:53:19,355 - services - INFO - [services.py:1056] - [HTTP] /health - Status: 200 - Time: 0.001s
2025-10-30 21:53:23,453 - services - INFO - [services.py:1051] - [HTTP] GET /memory from 127.0.0.1
2025-10-30 21:53:23,454 - services - INFO - [services.py:1056] - [HTTP] /memory - Status: 200 - Time: 0.002s
2025-10-30 21:53:33,448 - services - INFO - [services.py:1051] - [HTTP] GET /memory from 127.0.0.1
2025-10-30 21:53:33,450 - services - INFO - [services.py:1056] - [HTTP] /memory - Status: 200 - Time: 0.002s
2025-10-30 21:53:43,710 - services - INFO - [services.py:1051] - [HTTP] GET /memory from 127.0.0.1
2025-10-30 21:53:43,711 - services - INFO - [services.py:1056] - [HTTP] /memory - Status: 200 - Time: 0.002s
2025-10-30 21:53:49,550 - services - INFO - [services.py:1051] - [HTTP] GET /health from 127.0.0.1
2025-10-30 21:53:49,551 - services - INFO - [services.py:1056] - [HTTP] /health - Status: 200 - Time: 0.001s
2025-10-30 21:53:53,570 - services - INFO - [services.py:1051] - [HTTP] GET /memory from 127.0.0.1
2025-10-30 21:53:53,572 - services - INFO - [services.py:1056] - [HTTP] /memory - Status: 200 - Time: 0.001s
2025-10-30 21:54:03,737 - services - INFO - [services.py:1051] - [HTTP] GET /memory from 127.0.0.1
2025-10-30 21:54:03,739 - services - INFO - [services.py:1056] - [HTTP] /memory - Status: 200 - Time: 0.001s
2025-10-30 21:54:13,770 - services - INFO - [services.py:1051] - [HTTP] GET /memory from 127.0.0.1
2025-10-30 21:54:13,771 - services - INFO - [services.py:1056] - [HTTP] /memory - Status: 200 - Time: 0.001s
2025-10-30 21:54:19,692 - services - INFO - [services.py:1051] - [HTTP] GET /health from 127.0.0.1
2025-10-30 21:54:19,693 - services - INFO - [services.py:1056] - [HTTP] /health - Status: 200 - Time: 0.001s
2025-10-30 21:54:23,397 - services - INFO - [services.py:1051] - [HTTP] GET /memory from 127.0.0.1
2025-10-30 21:54:23,398 - services - INFO - [services.py:1056] - [HTTP] /memory - Status: 200 - Time: 0.001s
2025-10-30 21:54:33,463 - services - INFO - [services.py:1051] - [HTTP] GET /memory from 127.0.0.1
2025-10-30 21:54:33,464 - services - INFO - [services.py:1056] - [HTTP] /memory - Status: 200 - Time: 0.001s
2025-10-30 21:54:43,519 - services - INFO - [services.py:1051] - [HTTP] GET /memory from 127.0.0.1
2025-10-30 21:54:43,520 - services - INFO - [services.py:1056] - [HTTP] /memory - Status: 200 - Time: 0.001s
2025-10-30 21:54:49,385 - services - INFO - [services.py:1051] - [HTTP] GET /health from 127.0.0.1
2025-10-30 21:54:49,387 - services - INFO - [services.py:1056] - [HTTP] /health - Status: 200 - Time: 0.002s
2025-10-30 21:54:53,465 - services - INFO - [services.py:1051] - [HTTP] GET /memory from 127.0.0.1
2025-10-30 21:54:53,466 - services - INFO - [services.py:1056] - [HTTP] /memory - Status: 200 - Time: 0.002s
2025-10-30 21:55:03,483 - services - INFO - [services.py:1051] - [HTTP] GET /memory from 127.0.0.1
2025-10-30 21:55:03,485 - services - INFO - [services.py:1056] - [HTTP] /memory - Status: 200 - Time: 0.002s
2025-10-30 21:55:13,529 - services - INFO - [services.py:1051] - [HTTP] GET /memory from 127.0.0.1
2025-10-30 21:55:13,530 - services - INFO - [services.py:1056] - [HTTP] /memory - Status: 200 - Time: 0.002s
2025-10-30 21:55:19,373 - services - INFO - [services.py:1051] - [HTTP] GET /health from 127.0.0.1
2025-10-30 21:55:19,375 - services - INFO - [services.py:1056] - [HTTP] /health - Status: 200 - Time: 0.001s
2025-10-30 21:55:23,489 - services - INFO - [services.py:1051] - [HTTP] GET /memory from 127.0.0.1
2025-10-30 21:55:23,491 - services - INFO - [services.py:1056] - [HTTP] /memory - Status: 200 - Time: 0.002s
2025-10-30 21:55:33,486 - services - INFO - [services.py:1051] - [HTTP] GET /memory from 127.0.0.1
2025-10-30 21:55:33,487 - services - INFO - [services.py:1056] - [HTTP] /memory - Status: 200 - Time: 0.001s
2025-10-30 21:55:43,525 - services - INFO - [services.py:1051] - [HTTP] GET /memory from 127.0.0.1
2025-10-30 21:55:43,526 - services - INFO - [services.py:1056] - [HTTP] /memory - Status: 200 - Time: 0.001s
2025-10-30 21:55:49,363 - services - INFO - [services.py:1051] - [HTTP] GET /health from 127.0.0.1
2025-10-30 21:55:49,364 - services - INFO - [services.py:1056] - [HTTP] /health - Status: 200 - Time: 0.001s
2025-10-30 21:55:53,480 - services - INFO - [services.py:1051] - [HTTP] GET /memory from 127.0.0.1
2025-10-30 21:55:53,481 - services - INFO - [services.py:1056] - [HTTP] /memory - Status: 200 - Time: 0.001s
2025-10-30 21:56:03,546 - services - INFO - [services.py:1051] - [HTTP] GET /memory from 127.0.0.1
2025-10-30 21:56:03,548 - services - INFO - [services.py:1056] - [HTTP] /memory - Status: 200 - Time: 0.001s
2025-10-30 21:56:13,485 - services - INFO - [services.py:1051] - [HTTP] GET /memory from 127.0.0.1
2025-10-30 21:56:13,486 - services - INFO - [services.py:1056] - [HTTP] /memory - Status: 200 - Time: 0.001s
2025-10-30 21:56:19,356 - services - INFO - [services.py:1051] - [HTTP] GET /health from 127.0.0.1
2025-10-30 21:56:19,357 - services - INFO - [services.py:1056] - [HTTP] /health - Status: 200 - Time: 0.001s
2025-10-30 21:56:23,483 - services - INFO - [services.py:1051] - [HTTP] GET /memory from 127.0.0.1
2025-10-30 21:56:23,485 - services - INFO - [services.py:1056] - [HTTP] /memory - Status: 200 - Time: 0.002s
2025-10-30 21:56:33,490 - services - INFO - [services.py:1051] - [HTTP] GET /memory from 127.0.0.1
2025-10-30 21:56:33,491 - services - INFO - [services.py:1056] - [HTTP] /memory - Status: 200 - Time: 0.002s
2025-10-30 21:56:43,533 - services - INFO - [services.py:1051] - [HTTP] GET /memory from 127.0.0.1
2025-10-30 21:56:43,534 - services - INFO - [services.py:1056] - [HTTP] /memory - Status: 200 - Time: 0.001s
2025-10-30 21:56:49,371 - services - INFO - [services.py:1051] - [HTTP] GET /health from 127.0.0.1
2025-10-30 21:56:49,372 - services - INFO - [services.py:1056] - [HTTP] /health - Status: 200 - Time: 0.001s
2025-10-30 21:56:53,491 - services - INFO - [services.py:1051] - [HTTP] GET /memory from 127.0.0.1
2025-10-30 21:56:53,492 - services - INFO - [services.py:1056] - [HTTP] /memory - Status: 200 - Time: 0.001s
2025-10-30 21:57:03,506 - services - INFO - [services.py:1051] - [HTTP] GET /memory from 127.0.0.1
2025-10-30 21:57:03,507 - services - INFO - [services.py:1056] - [HTTP] /memory - Status: 200 - Time: 0.002s
2025-10-30 21:57:13,512 - services - INFO - [services.py:1051] - [HTTP] GET /memory from 127.0.0.1
2025-10-30 21:57:13,513 - services - INFO - [services.py:1056] - [HTTP] /memory - Status: 200 - Time: 0.001s
2025-10-30 21:57:19,393 - services - INFO - [services.py:1051] - [HTTP] GET /health from 127.0.0.1
2025-10-30 21:57:19,394 - services - INFO - [services.py:1056] - [HTTP] /health - Status: 200 - Time: 0.001s
2025-10-30 21:57:23,516 - services - INFO - [services.py:1051] - [HTTP] GET /memory from 127.0.0.1
2025-10-30 21:57:23,518 - services - INFO - [services.py:1056] - [HTTP] /memory - Status: 200 - Time: 0.002s
2025-10-30 21:57:33,522 - services - INFO - [services.py:1051] - [HTTP] GET /memory from 127.0.0.1
2025-10-30 21:57:33,524 - services - INFO - [services.py:1056] - [HTTP] /memory - Status: 200 - Time: 0.002s
2025-10-30 21:57:43,521 - services - INFO - [services.py:1051] - [HTTP] GET /memory from 127.0.0.1
2025-10-30 21:57:43,522 - services - INFO - [services.py:1056] - [HTTP] /memory - Status: 200 - Time: 0.001s
2025-10-30 21:57:49,699 - services - INFO - [services.py:1051] - [HTTP] GET /health from 127.0.0.1
2025-10-30 21:57:49,700 - services - INFO - [services.py:1056] - [HTTP] /health - Status: 200 - Time: 0.001s
2025-10-30 21:57:53,510 - services - INFO - [services.py:1051] - [HTTP] GET /memory from 127.0.0.1
2025-10-30 21:57:53,512 - services - INFO - [services.py:1056] - [HTTP] /memory - Status: 200 - Time: 0.001s
2025-10-30 21:58:03,515 - services - INFO - [services.py:1051] - [HTTP] GET /memory from 127.0.0.1
2025-10-30 21:58:03,517 - services - INFO - [services.py:1056] - [HTTP] /memory - Status: 200 - Time: 0.002s
2025-10-30 21:58:13,517 - services - INFO - [services.py:1051] - [HTTP] GET /memory from 127.0.0.1
2025-10-30 21:58:13,518 - services - INFO - [services.py:1056] - [HTTP] /memory - Status: 200 - Time: 0.001s
2025-10-30 21:58:19,706 - services - INFO - [services.py:1051] - [HTTP] GET /health from 127.0.0.1
2025-10-30 21:58:19,706 - services - INFO - [services.py:1056] - [HTTP] /health - Status: 200 - Time: 0.001s
2025-10-30 21:58:23,524 - services - INFO - [services.py:1051] - [HTTP] GET /memory from 127.0.0.1
2025-10-30 21:58:23,526 - services - INFO - [services.py:1056] - [HTTP] /memory - Status: 200 - Time: 0.002s
2025-10-30 21:58:33,526 - services - INFO - [services.py:1051] - [HTTP] GET /memory from 127.0.0.1
2025-10-30 21:58:33,527 - services - INFO - [services.py:1056] - [HTTP] /memory - Status: 200 - Time: 0.002s
2025-10-30 21:58:43,568 - services - INFO - [services.py:1051] - [HTTP] GET /memory from 127.0.0.1
2025-10-30 21:58:43,569 - services - INFO - [services.py:1056] - [HTTP] /memory - Status: 200 - Time: 0.001s
2025-10-30 21:58:49,699 - services - INFO - [services.py:1051] - [HTTP] GET /health from 127.0.0.1
2025-10-30 21:58:49,700 - services - INFO - [services.py:1056] - [HTTP] /health - Status: 200 - Time: 0.001s
2025-10-30 21:58:53,733 - services - INFO - [services.py:1051] - [HTTP] GET /memory from 127.0.0.1
2025-10-30 21:58:53,734 - services - INFO - [services.py:1056] - [HTTP] /memory - Status: 200 - Time: 0.001s
2025-10-30 21:59:03,756 - services - INFO - [services.py:1051] - [HTTP] GET /memory from 127.0.0.1
2025-10-30 21:59:03,757 - services - INFO - [services.py:1056] - [HTTP] /memory - Status: 200 - Time: 0.002s
2025-10-30 21:59:13,768 - services - INFO - [services.py:1051] - [HTTP] GET /memory from 127.0.0.1
2025-10-30 21:59:13,769 - services - INFO - [services.py:1056] - [HTTP] /memory - Status: 200 - Time: 0.001s
2025-10-30 21:59:19,703 - services - INFO - [services.py:1051] - [HTTP] GET /health from 127.0.0.1
2025-10-30 21:59:19,704 - services - INFO - [services.py:1056] - [HTTP] /health - Status: 200 - Time: 0.001s
2025-10-30 21:59:23,749 - services - INFO - [services.py:1051] - [HTTP] GET /memory from 127.0.0.1
2025-10-30 21:59:23,750 - services - INFO - [services.py:1056] - [HTTP] /memory - Status: 200 - Time: 0.001s
2025-10-30 21:59:33,749 - services - INFO - [services.py:1051] - [HTTP] GET /memory from 127.0.0.1
2025-10-30 21:59:33,751 - services - INFO - [services.py:1056] - [HTTP] /memory - Status: 200 - Time: 0.002s
2025-10-30 21:59:43,758 - services - INFO - [services.py:1051] - [HTTP] GET /memory from 127.0.0.1
2025-10-30 21:59:43,759 - services - INFO - [services.py:1056] - [HTTP] /memory - Status: 200 - Time: 0.001s
2025-10-30 21:59:49,971 - services - INFO - [services.py:1051] - [HTTP] GET /health from 127.0.0.1
2025-10-30 21:59:49,972 - services - INFO - [services.py:1056] - [HTTP] /health - Status: 200 - Time: 0.001s
2025-10-30 21:59:53,751 - services - INFO - [services.py:1051] - [HTTP] GET /memory from 127.0.0.1
2025-10-30 21:59:53,752 - services - INFO - [services.py:1056] - [HTTP] /memory - Status: 200 - Time: 0.001s
2025-10-30 22:00:03,754 - services - INFO - [services.py:1051] - [HTTP] GET /memory from 127.0.0.1
2025-10-30 22:00:03,755 - services - INFO - [services.py:1056] - [HTTP] /memory - Status: 200 - Time: 0.002s
2025-10-30 22:00:13,760 - services - INFO - [services.py:1051] - [HTTP] GET /memory from 127.0.0.1
2025-10-30 22:00:13,761 - services - INFO - [services.py:1056] - [HTTP] /memory - Status: 200 - Time: 0.001s
2025-10-30 22:00:19,928 - services - INFO - [services.py:1051] - [HTTP] GET /health from 127.0.0.1
2025-10-30 22:00:19,929 - services - INFO - [services.py:1056] - [HTTP] /health - Status: 200 - Time: 0.001s
2025-10-30 22:00:23,747 - services - INFO - [services.py:1051] - [HTTP] GET /memory from 127.0.0.1
2025-10-30 22:00:23,749 - services - INFO - [services.py:1056] - [HTTP] /memory - Status: 200 - Time: 0.002s
2025-10-30 22:00:33,755 - services - INFO - [services.py:1051] - [HTTP] GET /memory from 127.0.0.1
2025-10-30 22:00:33,756 - services - INFO - [services.py:1056] - [HTTP] /memory - Status: 200 - Time: 0.001s
2025-10-30 22:00:43,745 - services - INFO - [services.py:1051] - [HTTP] GET /memory from 127.0.0.1
2025-10-30 22:00:43,746 - services - INFO - [services.py:1056] - [HTTP] /memory - Status: 200 - Time: 0.002s
2025-10-30 22:00:49,958 - services - INFO - [services.py:1051] - [HTTP] GET /health from 127.0.0.1
2025-10-30 22:00:49,959 - services - INFO - [services.py:1056] - [HTTP] /health - Status: 200 - Time: 0.001s
2025-10-30 22:00:53,753 - services - INFO - [services.py:1051] - [HTTP] GET /memory from 127.0.0.1
2025-10-30 22:00:53,754 - services - INFO - [services.py:1056] - [HTTP] /memory - Status: 200 - Time: 0.002s
2025-10-30 22:01:03,747 - services - INFO - [services.py:1051] - [HTTP] GET /memory from 127.0.0.1
2025-10-30 22:01:03,748 - services - INFO - [services.py:1056] - [HTTP] /memory - Status: 200 - Time: 0.001s
2025-10-30 22:01:13,749 - services - INFO - [services.py:1051] - [HTTP] GET /memory from 127.0.0.1
2025-10-30 22:01:13,751 - services - INFO - [services.py:1056] - [HTTP] /memory - Status: 200 - Time: 0.001s
2025-10-30 22:01:19,930 - services - INFO - [services.py:1051] - [HTTP] GET /health from 127.0.0.1
2025-10-30 22:01:19,931 - services - INFO - [services.py:1056] - [HTTP] /health - Status: 200 - Time: 0.002s
2025-10-30 22:01:23,830 - services - INFO - [services.py:1051] - [HTTP] GET /memory from 127.0.0.1
2025-10-30 22:01:23,831 - services - INFO - [services.py:1056] - [HTTP] /memory - Status: 200 - Time: 0.001s
2025-10-30 22:01:33,748 - services - INFO - [services.py:1051] - [HTTP] GET /memory from 127.0.0.1
2025-10-30 22:01:33,750 - services - INFO - [services.py:1056] - [HTTP] /memory - Status: 200 - Time: 0.002s
2025-10-30 22:01:43,776 - services - INFO - [services.py:1051] - [HTTP] GET /memory from 127.0.0.1
2025-10-30 22:01:43,777 - services - INFO - [services.py:1056] - [HTTP] /memory - Status: 200 - Time: 0.001s
2025-10-30 22:01:49,966 - services - INFO - [services.py:1051] - [HTTP] GET /health from 127.0.0.1
2025-10-30 22:01:49,967 - services - INFO - [services.py:1056] - [HTTP] /health - Status: 200 - Time: 0.001s
2025-10-30 22:01:53,762 - services - INFO - [services.py:1051] - [HTTP] GET /memory from 127.0.0.1
2025-10-30 22:01:53,764 - services - INFO - [services.py:1056] - [HTTP] /memory - Status: 200 - Time: 0.001s
2025-10-30 22:02:03,759 - services - INFO - [services.py:1051] - [HTTP] GET /memory from 127.0.0.1
2025-10-30 22:02:03,760 - services - INFO - [services.py:1056] - [HTTP] /memory - Status: 200 - Time: 0.002s
2025-10-30 22:02:13,751 - services - INFO - [services.py:1051] - [HTTP] GET /memory from 127.0.0.1
2025-10-30 22:02:13,754 - services - INFO - [services.py:1056] - [HTTP] /memory - Status: 200 - Time: 0.003s
2025-10-30 22:02:19,942 - services - INFO - [services.py:1051] - [HTTP] GET /health from 127.0.0.1
2025-10-30 22:02:19,943 - services - INFO - [services.py:1056] - [HTTP] /health - Status: 200 - Time: 0.001s
2025-10-30 22:02:23,761 - services - INFO - [services.py:1051] - [HTTP] GET /memory from 127.0.0.1
2025-10-30 22:02:23,762 - services - INFO - [services.py:1056] - [HTTP] /memory - Status: 200 - Time: 0.001s
2025-10-30 22:02:33,756 - services - INFO - [services.py:1051] - [HTTP] GET /memory from 127.0.0.1
2025-10-30 22:02:33,757 - services - INFO - [services.py:1056] - [HTTP] /memory - Status: 200 - Time: 0.001s
2025-10-30 22:02:43,751 - services - INFO - [services.py:1051] - [HTTP] GET /memory from 127.0.0.1
2025-10-30 22:02:43,752 - services - INFO - [services.py:1056] - [HTTP] /memory - Status: 200 - Time: 0.001s
2025-10-30 22:02:49,943 - services - INFO - [services.py:1051] - [HTTP] GET /health from 127.0.0.1
2025-10-30 22:02:49,944 - services - INFO - [services.py:1056] - [HTTP] /health - Status: 200 - Time: 0.001s
2025-10-30 22:02:53,948 - services - INFO - [services.py:1051] - [HTTP] GET /memory from 127.0.0.1
2025-10-30 22:02:53,949 - services - INFO - [services.py:1056] - [HTTP] /memory - Status: 200 - Time: 0.001s
2025-10-30 22:03:03,956 - services - INFO - [services.py:1051] - [HTTP] GET /memory from 127.0.0.1
2025-10-30 22:03:03,958 - services - INFO - [services.py:1056] - [HTTP] /memory - Status: 200 - Time: 0.002s
2025-10-30 22:03:13,958 - services - INFO - [services.py:1051] - [HTTP] GET /memory from 127.0.0.1
2025-10-30 22:03:13,960 - services - INFO - [services.py:1056] - [HTTP] /memory - Status: 200 - Time: 0.002s
2025-10-30 22:03:19,932 - services - INFO - [services.py:1051] - [HTTP] GET /health from 127.0.0.1
2025-10-30 22:03:19,932 - services - INFO - [services.py:1056] - [HTTP] /health - Status: 200 - Time: 0.001s
2025-10-30 22:03:23,946 - services - INFO - [services.py:1051] - [HTTP] GET /memory from 127.0.0.1
2025-10-30 22:03:23,947 - services - INFO - [services.py:1056] - [HTTP] /memory - Status: 200 - Time: 0.001s
2025-10-30 22:03:33,961 - services - INFO - [services.py:1051] - [HTTP] GET /memory from 127.0.0.1
2025-10-30 22:03:33,963 - services - INFO - [services.py:1056] - [HTTP] /memory - Status: 200 - Time: 0.002s
2025-10-30 22:03:43,946 - services - INFO - [services.py:1051] - [HTTP] GET /memory from 127.0.0.1
2025-10-30 22:03:43,947 - services - INFO - [services.py:1056] - [HTTP] /memory - Status: 200 - Time: 0.001s
2025-10-30 22:03:49,925 - services - INFO - [services.py:1051] - [HTTP] GET /health from 127.0.0.1
2025-10-30 22:03:49,925 - services - INFO - [services.py:1056] - [HTTP] /health - Status: 200 - Time: 0.001s
2025-10-30 22:03:53,943 - services - INFO - [services.py:1051] - [HTTP] GET /memory from 127.0.0.1
2025-10-30 22:03:53,945 - services - INFO - [services.py:1056] - [HTTP] /memory - Status: 200 - Time: 0.001s
2025-10-30 22:04:03,970 - services - INFO - [services.py:1051] - [HTTP] GET /memory from 127.0.0.1
2025-10-30 22:04:03,971 - services - INFO - [services.py:1056] - [HTTP] /memory - Status: 200 - Time: 0.001s
2025-10-30 22:04:13,987 - services - INFO - [services.py:1051] - [HTTP] GET /memory from 127.0.0.1
2025-10-30 22:04:13,989 - services - INFO - [services.py:1056] - [HTTP] /memory - Status: 200 - Time: 0.002s
2025-10-30 22:04:19,954 - services - INFO - [services.py:1051] - [HTTP] GET /health from 127.0.0.1
2025-10-30 22:04:19,955 - services - INFO - [services.py:1056] - [HTTP] /health - Status: 200 - Time: 0.001s
2025-10-30 22:04:24,016 - services - INFO - [services.py:1051] - [HTTP] GET /memory from 127.0.0.1
2025-10-30 22:04:24,017 - services - INFO - [services.py:1056] - [HTTP] /memory - Status: 200 - Time: 0.001s
2025-10-30 22:04:33,980 - services - INFO - [services.py:1051] - [HTTP] GET /memory from 127.0.0.1
2025-10-30 22:04:33,981 - services - INFO - [services.py:1056] - [HTTP] /memory - Status: 200 - Time: 0.001s
2025-10-30 22:04:43,970 - services - INFO - [services.py:1051] - [HTTP] GET /memory from 127.0.0.1
2025-10-30 22:04:43,972 - services - INFO - [services.py:1056] - [HTTP] /memory - Status: 200 - Time: 0.002s
2025-10-30 22:04:49,922 - services - INFO - [services.py:1051] - [HTTP] GET /health from 127.0.0.1
2025-10-30 22:04:49,923 - services - INFO - [services.py:1056] - [HTTP] /health - Status: 200 - Time: 0.001s
2025-10-30 22:04:53,971 - services - INFO - [services.py:1051] - [HTTP] GET /memory from 127.0.0.1
2025-10-30 22:04:53,973 - services - INFO - [services.py:1056] - [HTTP] /memory - Status: 200 - Time: 0.001s
2025-10-30 22:05:04,050 - services - INFO - [services.py:1051] - [HTTP] GET /memory from 127.0.0.1
2025-10-30 22:05:04,052 - services - INFO - [services.py:1056] - [HTTP] /memory - Status: 200 - Time: 0.002s
2025-10-30 22:05:14,049 - services - INFO - [services.py:1051] - [HTTP] GET /memory from 127.0.0.1
2025-10-30 22:05:14,050 - services - INFO - [services.py:1056] - [HTTP] /memory - Status: 200 - Time: 0.001s
2025-10-30 22:05:19,927 - services - INFO - [services.py:1051] - [HTTP] GET /health from 127.0.0.1
2025-10-30 22:05:19,927 - services - INFO - [services.py:1056] - [HTTP] /health - Status: 200 - Time: 0.001s
2025-10-30 22:05:23,997 - services - INFO - [services.py:1051] - [HTTP] GET /memory from 127.0.0.1
2025-10-30 22:05:23,998 - services - INFO - [services.py:1056] - [HTTP] /memory - Status: 200 - Time: 0.001s
2025-10-30 22:05:33,993 - services - INFO - [services.py:1051] - [HTTP] GET /memory from 127.0.0.1
2025-10-30 22:05:33,995 - services - INFO - [services.py:1056] - [HTTP] /memory - Status: 200 - Time: 0.002s
2025-10-30 22:05:43,992 - services - INFO - [services.py:1051] - [HTTP] GET /memory from 127.0.0.1
2025-10-30 22:05:43,994 - services - INFO - [services.py:1056] - [HTTP] /memory - Status: 200 - Time: 0.001s
2025-10-30 22:05:49,923 - services - INFO - [services.py:1051] - [HTTP] GET /health from 127.0.0.1
2025-10-30 22:05:49,924 - services - INFO - [services.py:1056] - [HTTP] /health - Status: 200 - Time: 0.001s
2025-10-30 22:05:53,997 - services - INFO - [services.py:1051] - [HTTP] GET /memory from 127.0.0.1
2025-10-30 22:05:53,999 - services - INFO - [services.py:1056] - [HTTP] /memory - Status: 200 - Time: 0.002s
2025-10-30 22:06:04,037 - services - INFO - [services.py:1051] - [HTTP] GET /memory from 127.0.0.1
2025-10-30 22:06:04,038 - services - INFO - [services.py:1056] - [HTTP] /memory - Status: 200 - Time: 0.001s
2025-10-30 22:06:14,002 - services - INFO - [services.py:1051] - [HTTP] GET /memory from 127.0.0.1
2025-10-30 22:06:14,003 - services - INFO - [services.py:1056] - [HTTP] /memory - Status: 200 - Time: 0.001s
2025-10-30 22:06:19,984 - services - INFO - [services.py:1051] - [HTTP] GET /health from 127.0.0.1
2025-10-30 22:06:19,985 - services - INFO - [services.py:1056] - [HTTP] /health - Status: 200 - Time: 0.001s
2025-10-30 22:06:23,996 - services - INFO - [services.py:1051] - [HTTP] GET /memory from 127.0.0.1
2025-10-30 22:06:23,998 - services - INFO - [services.py:1056] - [HTTP] /memory - Status: 200 - Time: 0.001s
2025-10-30 22:06:33,996 - services - INFO - [services.py:1051] - [HTTP] GET /memory from 127.0.0.1
2025-10-30 22:06:33,997 - services - INFO - [services.py:1056] - [HTTP] /memory - Status: 200 - Time: 0.001s
2025-10-30 22:06:43,990 - services - INFO - [services.py:1051] - [HTTP] GET /memory from 127.0.0.1
2025-10-30 22:06:43,991 - services - INFO - [services.py:1056] - [HTTP] /memory - Status: 200 - Time: 0.001s
2025-10-30 22:06:49,918 - services - INFO - [services.py:1051] - [HTTP] GET /health from 127.0.0.1
2025-10-30 22:06:49,919 - services - INFO - [services.py:1056] - [HTTP] /health - Status: 200 - Time: 0.001s
2025-10-30 22:06:53,991 - services - INFO - [services.py:1051] - [HTTP] GET /memory from 127.0.0.1
2025-10-30 22:06:53,993 - services - INFO - [services.py:1056] - [HTTP] /memory - Status: 200 - Time: 0.001s
2025-10-30 22:07:04,032 - services - INFO - [services.py:1051] - [HTTP] GET /memory from 127.0.0.1
2025-10-30 22:07:04,033 - services - INFO - [services.py:1056] - [HTTP] /memory - Status: 200 - Time: 0.001s
2025-10-30 22:07:14,157 - services - INFO - [services.py:1051] - [HTTP] GET /memory from 127.0.0.1
2025-10-30 22:07:14,158 - services - INFO - [services.py:1056] - [HTTP] /memory - Status: 200 - Time: 0.001s
2025-10-30 22:07:19,914 - services - INFO - [services.py:1051] - [HTTP] GET /health from 127.0.0.1
2025-10-30 22:07:19,915 - services - INFO - [services.py:1056] - [HTTP] /health - Status: 200 - Time: 0.001s
2025-10-30 22:07:24,019 - services - INFO - [services.py:1051] - [HTTP] GET /memory from 127.0.0.1
2025-10-30 22:07:24,020 - services - INFO - [services.py:1056] - [HTTP] /memory - Status: 200 - Time: 0.001s
2025-10-30 22:07:34,019 - services - INFO - [services.py:1051] - [HTTP] GET /memory from 127.0.0.1
2025-10-30 22:07:34,020 - services - INFO - [services.py:1056] - [HTTP] /memory - Status: 200 - Time: 0.001s
2025-10-30 22:07:44,087 - services - INFO - [services.py:1051] - [HTTP] GET /memory from 127.0.0.1
2025-10-30 22:07:44,088 - services - INFO - [services.py:1056] - [HTTP] /memory - Status: 200 - Time: 0.001s
2025-10-30 22:07:49,918 - services - INFO - [services.py:1051] - [HTTP] GET /health from 127.0.0.1
2025-10-30 22:07:49,919 - services - INFO - [services.py:1056] - [HTTP] /health - Status: 200 - Time: 0.001s
2025-10-30 22:07:54,017 - services - INFO - [services.py:1051] - [HTTP] GET /memory from 127.0.0.1
2025-10-30 22:07:54,018 - services - INFO - [services.py:1056] - [HTTP] /memory - Status: 200 - Time: 0.001s
2025-10-30 22:08:04,095 - services - INFO - [services.py:1051] - [HTTP] GET /memory from 127.0.0.1
2025-10-30 22:08:04,097 - services - INFO - [services.py:1056] - [HTTP] /memory - Status: 200 - Time: 0.002s
2025-10-30 22:08:14,065 - services - INFO - [services.py:1051] - [HTTP] GET /memory from 127.0.0.1
2025-10-30 22:08:14,067 - services - INFO - [services.py:1056] - [HTTP] /memory - Status: 200 - Time: 0.002s
2025-10-30 22:08:19,915 - services - INFO - [services.py:1051] - [HTTP] GET /health from 127.0.0.1
2025-10-30 22:08:19,916 - services - INFO - [services.py:1056] - [HTTP] /health - Status: 200 - Time: 0.001s
2025-10-30 22:08:24,032 - services - INFO - [services.py:1051] - [HTTP] GET /memory from 127.0.0.1
2025-10-30 22:08:24,035 - services - INFO - [services.py:1056] - [HTTP] /memory - Status: 200 - Time: 0.002s
2025-10-30 22:08:34,012 - services - INFO - [services.py:1051] - [HTTP] GET /memory from 127.0.0.1
2025-10-30 22:08:34,013 - services - INFO - [services.py:1056] - [HTTP] /memory - Status: 200 - Time: 0.001s
2025-10-30 22:08:44,011 - services - INFO - [services.py:1051] - [HTTP] GET /memory from 127.0.0.1
2025-10-30 22:08:44,013 - services - INFO - [services.py:1056] - [HTTP] /memory - Status: 200 - Time: 0.001s
2025-10-30 22:08:49,911 - services - INFO - [services.py:1051] - [HTTP] GET /health from 127.0.0.1
2025-10-30 22:08:49,912 - services - INFO - [services.py:1056] - [HTTP] /health - Status: 200 - Time: 0.001s
2025-10-30 22:08:54,055 - services - INFO - [services.py:1051] - [HTTP] GET /memory from 127.0.0.1
2025-10-30 22:08:54,056 - services - INFO - [services.py:1056] - [HTTP] /memory - Status: 200 - Time: 0.001s
2025-10-30 22:09:04,062 - services - INFO - [services.py:1051] - [HTTP] GET /memory from 127.0.0.1
2025-10-30 22:09:04,064 - services - INFO - [services.py:1056] - [HTTP] /memory - Status: 200 - Time: 0.002s
2025-10-30 22:09:14,106 - services - INFO - [services.py:1051] - [HTTP] GET /memory from 127.0.0.1
2025-10-30 22:09:14,107 - services - INFO - [services.py:1056] - [HTTP] /memory - Status: 200 - Time: 0.001s
2025-10-30 22:09:20,288 - services - INFO - [services.py:1051] - [HTTP] GET /health from 127.0.0.1
2025-10-30 22:09:20,288 - services - INFO - [services.py:1056] - [HTTP] /health - Status: 200 - Time: 0.001s
2025-10-30 22:09:24,045 - services - INFO - [services.py:1051] - [HTTP] GET /memory from 127.0.0.1
2025-10-30 22:09:24,047 - services - INFO - [services.py:1056] - [HTTP] /memory - Status: 200 - Time: 0.002s
2025-10-30 22:09:34,039 - services - INFO - [services.py:1051] - [HTTP] GET /memory from 127.0.0.1
2025-10-30 22:09:34,041 - services - INFO - [services.py:1056] - [HTTP] /memory - Status: 200 - Time: 0.001s
2025-10-30 22:09:44,063 - services - INFO - [services.py:1051] - [HTTP] GET /memory from 127.0.0.1
2025-10-30 22:09:44,065 - services - INFO - [services.py:1056] - [HTTP] /memory - Status: 200 - Time: 0.001s
2025-10-30 22:09:50,291 - services - INFO - [services.py:1051] - [HTTP] GET /health from 127.0.0.1
2025-10-30 22:09:50,292 - services - INFO - [services.py:1056] - [HTTP] /health - Status: 200 - Time: 0.001s
2025-10-30 22:09:54,063 - services - INFO - [services.py:1051] - [HTTP] GET /memory from 127.0.0.1
2025-10-30 22:09:54,065 - services - INFO - [services.py:1056] - [HTTP] /memory - Status: 200 - Time: 0.002s
2025-10-30 22:10:04,055 - services - INFO - [services.py:1051] - [HTTP] GET /memory from 127.0.0.1
2025-10-30 22:10:04,057 - services - INFO - [services.py:1056] - [HTTP] /memory - Status: 200 - Time: 0.001s
2025-10-30 22:10:14,083 - services - INFO - [services.py:1051] - [HTTP] GET /memory from 127.0.0.1
2025-10-30 22:10:14,085 - services - INFO - [services.py:1056] - [HTTP] /memory - Status: 200 - Time: 0.002s
2025-10-30 22:10:20,309 - services - INFO - [services.py:1051] - [HTTP] GET /health from 127.0.0.1
2025-10-30 22:10:20,310 - services - INFO - [services.py:1056] - [HTTP] /health - Status: 200 - Time: 0.001s
2025-10-30 22:10:24,041 - services - INFO - [services.py:1051] - [HTTP] GET /memory from 127.0.0.1
2025-10-30 22:10:24,042 - services - INFO - [services.py:1056] - [HTTP] /memory - Status: 200 - Time: 0.001s
2025-10-30 22:10:34,040 - services - INFO - [services.py:1051] - [HTTP] GET /memory from 127.0.0.1
2025-10-30 22:10:34,041 - services - INFO - [services.py:1056] - [HTTP] /memory - Status: 200 - Time: 0.001s
2025-10-30 22:10:44,044 - services - INFO - [services.py:1051] - [HTTP] GET /memory from 127.0.0.1
2025-10-30 22:10:44,046 - services - INFO - [services.py:1056] - [HTTP] /memory - Status: 200 - Time: 0.002s
2025-10-30 22:10:50,274 - services - INFO - [services.py:1051] - [HTTP] GET /health from 127.0.0.1
2025-10-30 22:10:50,275 - services - INFO - [services.py:1056] - [HTTP] /health - Status: 200 - Time: 0.001s
2025-10-30 22:10:54,300 - services - INFO - [services.py:1051] - [HTTP] GET /memory from 127.0.0.1
2025-10-30 22:10:54,302 - services - INFO - [services.py:1056] - [HTTP] /memory - Status: 200 - Time: 0.001s
2025-10-30 22:11:04,305 - services - INFO - [services.py:1051] - [HTTP] GET /memory from 127.0.0.1
2025-10-30 22:11:04,306 - services - INFO - [services.py:1056] - [HTTP] /memory - Status: 200 - Time: 0.001s
2025-10-30 22:11:14,301 - services - INFO - [services.py:1051] - [HTTP] GET /memory from 127.0.0.1
2025-10-30 22:11:14,302 - services - INFO - [services.py:1056] - [HTTP] /memory - Status: 200 - Time: 0.001s
2025-10-30 22:11:20,278 - services - INFO - [services.py:1051] - [HTTP] GET /health from 127.0.0.1
2025-10-30 22:11:20,279 - services - INFO - [services.py:1056] - [HTTP] /health - Status: 200 - Time: 0.001s
2025-10-30 22:11:24,348 - services - INFO - [services.py:1051] - [HTTP] GET /memory from 127.0.0.1
2025-10-30 22:11:24,349 - services - INFO - [services.py:1056] - [HTTP] /memory - Status: 200 - Time: 0.001s
2025-10-30 22:11:34,301 - services - INFO - [services.py:1051] - [HTTP] GET /memory from 127.0.0.1
2025-10-30 22:11:34,302 - services - INFO - [services.py:1056] - [HTTP] /memory - Status: 200 - Time: 0.001s
2025-10-30 22:11:44,299 - services - INFO - [services.py:1051] - [HTTP] GET /memory from 127.0.0.1
2025-10-30 22:11:44,300 - services - INFO - [services.py:1056] - [HTTP] /memory - Status: 200 - Time: 0.001s
2025-10-30 22:11:50,338 - services - INFO - [services.py:1051] - [HTTP] GET /health from 127.0.0.1
2025-10-30 22:11:50,339 - services - INFO - [services.py:1056] - [HTTP] /health - Status: 200 - Time: 0.001s
2025-10-30 22:11:54,293 - services - INFO - [services.py:1051] - [HTTP] GET /memory from 127.0.0.1
2025-10-30 22:11:54,294 - services - INFO - [services.py:1056] - [HTTP] /memory - Status: 200 - Time: 0.001s
2025-10-30 22:12:04,314 - services - INFO - [services.py:1051] - [HTTP] GET /memory from 127.0.0.1
2025-10-30 22:12:04,315 - services - INFO - [services.py:1056] - [HTTP] /memory - Status: 200 - Time: 0.001s
2025-10-30 22:12:14,295 - services - INFO - [services.py:1051] - [HTTP] GET /memory from 127.0.0.1
2025-10-30 22:12:14,296 - services - INFO - [services.py:1056] - [HTTP] /memory - Status: 200 - Time: 0.001s
2025-10-30 22:12:20,271 - services - INFO - [services.py:1051] - [HTTP] GET /health from 127.0.0.1
2025-10-30 22:12:20,272 - services - INFO - [services.py:1056] - [HTTP] /health - Status: 200 - Time: 0.001s
2025-10-30 22:12:24,331 - services - INFO - [services.py:1051] - [HTTP] GET /memory from 127.0.0.1
2025-10-30 22:12:24,332 - services - INFO - [services.py:1056] - [HTTP] /memory - Status: 200 - Time: 0.001s
2025-10-30 22:12:34,308 - services - INFO - [services.py:1051] - [HTTP] GET /memory from 127.0.0.1
2025-10-30 22:12:34,309 - services - INFO - [services.py:1056] - [HTTP] /memory - Status: 200 - Time: 0.001s
2025-10-30 22:12:44,328 - services - INFO - [services.py:1051] - [HTTP] GET /memory from 127.0.0.1
2025-10-30 22:12:44,330 - services - INFO - [services.py:1056] - [HTTP] /memory - Status: 200 - Time: 0.001s
2025-10-30 22:12:50,319 - services - INFO - [services.py:1051] - [HTTP] GET /health from 127.0.0.1
2025-10-30 22:12:50,321 - services - INFO - [services.py:1056] - [HTTP] /health - Status: 200 - Time: 0.001s
2025-10-30 22:12:54,358 - services - INFO - [services.py:1051] - [HTTP] GET /memory from 127.0.0.1
2025-10-30 22:12:54,359 - services - INFO - [services.py:1056] - [HTTP] /memory - Status: 200 - Time: 0.001s
2025-10-30 22:13:04,375 - services - INFO - [services.py:1051] - [HTTP] GET /memory from 127.0.0.1
2025-10-30 22:13:04,376 - services - INFO - [services.py:1056] - [HTTP] /memory - Status: 200 - Time: 0.001s
2025-10-30 22:13:14,325 - services - INFO - [services.py:1051] - [HTTP] GET /memory from 127.0.0.1
2025-10-30 22:13:14,326 - services - INFO - [services.py:1056] - [HTTP] /memory - Status: 200 - Time: 0.001s
2025-10-30 22:13:20,275 - services - INFO - [services.py:1051] - [HTTP] GET /health from 127.0.0.1
2025-10-30 22:13:20,276 - services - INFO - [services.py:1056] - [HTTP] /health - Status: 200 - Time: 0.001s
2025-10-30 22:13:24,329 - services - INFO - [services.py:1051] - [HTTP] GET /memory from 127.0.0.1
2025-10-30 22:13:24,330 - services - INFO - [services.py:1056] - [HTTP] /memory - Status: 200 - Time: 0.001s
2025-10-30 22:13:34,318 - services - INFO - [services.py:1051] - [HTTP] GET /memory from 127.0.0.1
2025-10-30 22:13:34,319 - services - INFO - [services.py:1056] - [HTTP] /memory - Status: 200 - Time: 0.001s
2025-10-30 22:13:44,364 - services - INFO - [services.py:1051] - [HTTP] GET /memory from 127.0.0.1
2025-10-30 22:13:44,365 - services - INFO - [services.py:1056] - [HTTP] /memory - Status: 200 - Time: 0.001s
2025-10-30 22:13:50,277 - services - INFO - [services.py:1051] - [HTTP] GET /health from 127.0.0.1
2025-10-30 22:13:50,278 - services - INFO - [services.py:1056] - [HTTP] /health - Status: 200 - Time: 0.001s
2025-10-30 22:13:54,385 - services - INFO - [services.py:1051] - [HTTP] GET /memory from 127.0.0.1
2025-10-30 22:13:54,386 - services - INFO - [services.py:1056] - [HTTP] /memory - Status: 200 - Time: 0.001s
2025-10-30 22:14:04,323 - services - INFO - [services.py:1051] - [HTTP] GET /memory from 127.0.0.1
2025-10-30 22:14:04,324 - services - INFO - [services.py:1056] - [HTTP] /memory - Status: 200 - Time: 0.001s
2025-10-30 22:14:14,391 - services - INFO - [services.py:1051] - [HTTP] GET /memory from 127.0.0.1
2025-10-30 22:14:14,393 - services - INFO - [services.py:1056] - [HTTP] /memory - Status: 200 - Time: 0.002s
2025-10-30 22:14:20,269 - services - INFO - [services.py:1051] - [HTTP] GET /health from 127.0.0.1
2025-10-30 22:14:20,270 - services - INFO - [services.py:1056] - [HTTP] /health - Status: 200 - Time: 0.001s
2025-10-30 22:14:24,323 - services - INFO - [services.py:1051] - [HTTP] GET /memory from 127.0.0.1
2025-10-30 22:14:24,325 - services - INFO - [services.py:1056] - [HTTP] /memory - Status: 200 - Time: 0.002s
2025-10-30 22:14:34,328 - services - INFO - [services.py:1051] - [HTTP] GET /memory from 127.0.0.1
2025-10-30 22:14:34,329 - services - INFO - [services.py:1056] - [HTTP] /memory - Status: 200 - Time: 0.001s
2025-10-30 22:14:44,325 - services - INFO - [services.py:1051] - [HTTP] GET /memory from 127.0.0.1
2025-10-30 22:14:44,326 - services - INFO - [services.py:1056] - [HTTP] /memory - Status: 200 - Time: 0.001s
2025-10-30 22:14:50,332 - services - INFO - [services.py:1051] - [HTTP] GET /health from 127.0.0.1
2025-10-30 22:14:50,332 - services - INFO - [services.py:1056] - [HTTP] /health - Status: 200 - Time: 0.001s
2025-10-30 22:14:54,363 - services - INFO - [services.py:1051] - [HTTP] GET /memory from 127.0.0.1
2025-10-30 22:14:54,365 - services - INFO - [services.py:1056] - [HTTP] /memory - Status: 200 - Time: 0.001s
2025-10-30 22:15:04,384 - services - INFO - [services.py:1051] - [HTTP] GET /memory from 127.0.0.1
2025-10-30 22:15:04,385 - services - INFO - [services.py:1056] - [HTTP] /memory - Status: 200 - Time: 0.001s
2025-10-30 22:15:14,370 - services - INFO - [services.py:1051] - [HTTP] GET /memory from 127.0.0.1
2025-10-30 22:15:14,371 - services - INFO - [services.py:1056] - [HTTP] /memory - Status: 200 - Time: 0.002s
2025-10-30 22:15:20,305 - services - INFO - [services.py:1051] - [HTTP] GET /health from 127.0.0.1
2025-10-30 22:15:20,305 - services - INFO - [services.py:1056] - [HTTP] /health - Status: 200 - Time: 0.001s
2025-10-30 22:15:24,328 - services - INFO - [services.py:1051] - [HTTP] GET /memory from 127.0.0.1
2025-10-30 22:15:24,329 - services - INFO - [services.py:1056] - [HTTP] /memory - Status: 200 - Time: 0.001s
2025-10-30 22:15:34,321 - services - INFO - [services.py:1051] - [HTTP] GET /memory from 127.0.0.1
2025-10-30 22:15:34,323 - services - INFO - [services.py:1056] - [HTTP] /memory - Status: 200 - Time: 0.001s
2025-10-30 22:15:44,322 - services - INFO - [services.py:1051] - [HTTP] GET /memory from 127.0.0.1
2025-10-30 22:15:44,323 - services - INFO - [services.py:1056] - [HTTP] /memory - Status: 200 - Time: 0.001s
2025-10-30 22:15:50,543 - services - INFO - [services.py:1051] - [HTTP] GET /health from 127.0.0.1
2025-10-30 22:15:50,544 - services - INFO - [services.py:1056] - [HTTP] /health - Status: 200 - Time: 0.001s
2025-10-30 22:15:54,351 - services - INFO - [services.py:1051] - [HTTP] GET /memory from 127.0.0.1
2025-10-30 22:15:54,353 - services - INFO - [services.py:1056] - [HTTP] /memory - Status: 200 - Time: 0.001s
2025-10-30 22:16:04,346 - services - INFO - [services.py:1051] - [HTTP] GET /memory from 127.0.0.1
2025-10-30 22:16:04,348 - services - INFO - [services.py:1056] - [HTTP] /memory - Status: 200 - Time: 0.002s
2025-10-30 22:16:14,323 - services - INFO - [services.py:1051] - [HTTP] GET /memory from 127.0.0.1
2025-10-30 22:16:14,324 - services - INFO - [services.py:1056] - [HTTP] /memory - Status: 200 - Time: 0.001s
2025-10-30 22:16:20,269 - services - INFO - [services.py:1051] - [HTTP] GET /health from 127.0.0.1
2025-10-30 22:16:20,270 - services - INFO - [services.py:1056] - [HTTP] /health - Status: 200 - Time: 0.001s
2025-10-30 22:16:24,377 - services - INFO - [services.py:1051] - [HTTP] GET /memory from 127.0.0.1
2025-10-30 22:16:24,378 - services - INFO - [services.py:1056] - [HTTP] /memory - Status: 200 - Time: 0.002s
2025-10-30 22:16:34,323 - services - INFO - [services.py:1051] - [HTTP] GET /memory from 127.0.0.1
2025-10-30 22:16:34,325 - services - INFO - [services.py:1056] - [HTTP] /memory - Status: 200 - Time: 0.001s
2025-10-30 22:16:44,328 - services - INFO - [services.py:1051] - [HTTP] GET /memory from 127.0.0.1
2025-10-30 22:16:44,330 - services - INFO - [services.py:1056] - [HTTP] /memory - Status: 200 - Time: 0.001s
2025-10-30 22:16:50,276 - services - INFO - [services.py:1051] - [HTTP] GET /health from 127.0.0.1
2025-10-30 22:16:50,278 - services - INFO - [services.py:1056] - [HTTP] /health - Status: 200 - Time: 0.002s
2025-10-30 22:16:54,326 - services - INFO - [services.py:1051] - [HTTP] GET /memory from 127.0.0.1
2025-10-30 22:16:54,327 - services - INFO - [services.py:1056] - [HTTP] /memory - Status: 200 - Time: 0.002s
2025-10-30 22:17:04,362 - services - INFO - [services.py:1051] - [HTTP] GET /memory from 127.0.0.1
2025-10-30 22:17:04,363 - services - INFO - [services.py:1056] - [HTTP] /memory - Status: 200 - Time: 0.001s
2025-10-30 22:17:14,400 - services - INFO - [services.py:1051] - [HTTP] GET /memory from 127.0.0.1
2025-10-30 22:17:14,401 - services - INFO - [services.py:1056] - [HTTP] /memory - Status: 200 - Time: 0.001s
2025-10-30 22:17:20,271 - services - INFO - [services.py:1051] - [HTTP] GET /health from 127.0.0.1
2025-10-30 22:17:20,272 - services - INFO - [services.py:1056] - [HTTP] /health - Status: 200 - Time: 0.001s
2025-10-30 22:17:24,403 - services - INFO - [services.py:1051] - [HTTP] GET /memory from 127.0.0.1
2025-10-30 22:17:24,405 - services - INFO - [services.py:1056] - [HTTP] /memory - Status: 200 - Time: 0.002s
2025-10-30 22:17:34,418 - services - INFO - [services.py:1051] - [HTTP] GET /memory from 127.0.0.1
2025-10-30 22:17:34,419 - services - INFO - [services.py:1056] - [HTTP] /memory - Status: 200 - Time: 0.001s
2025-10-30 22:17:44,349 - services - INFO - [services.py:1051] - [HTTP] GET /memory from 127.0.0.1
2025-10-30 22:17:44,350 - services - INFO - [services.py:1056] - [HTTP] /memory - Status: 200 - Time: 0.001s
2025-10-30 22:17:50,274 - services - INFO - [services.py:1051] - [HTTP] GET /health from 127.0.0.1
2025-10-30 22:17:50,276 - services - INFO - [services.py:1056] - [HTTP] /health - Status: 200 - Time: 0.002s
2025-10-30 22:17:54,348 - services - INFO - [services.py:1051] - [HTTP] GET /memory from 127.0.0.1
2025-10-30 22:17:54,349 - services - INFO - [services.py:1056] - [HTTP] /memory - Status: 200 - Time: 0.001s
2025-10-30 22:18:04,354 - services - INFO - [services.py:1051] - [HTTP] GET /memory from 127.0.0.1
2025-10-30 22:18:04,355 - services - INFO - [services.py:1056] - [HTTP] /memory - Status: 200 - Time: 0.001s
2025-10-30 22:18:14,358 - services - INFO - [services.py:1051] - [HTTP] GET /memory from 127.0.0.1
2025-10-30 22:18:14,360 - services - INFO - [services.py:1056] - [HTTP] /memory - Status: 200 - Time: 0.002s
2025-10-30 22:18:20,275 - services - INFO - [services.py:1051] - [HTTP] GET /health from 127.0.0.1
2025-10-30 22:18:20,276 - services - INFO - [services.py:1056] - [HTTP] /health - Status: 200 - Time: 0.001s
2025-10-30 22:18:24,358 - services - INFO - [services.py:1051] - [HTTP] GET /memory from 127.0.0.1
2025-10-30 22:18:24,360 - services - INFO - [services.py:1056] - [HTTP] /memory - Status: 200 - Time: 0.001s
2025-10-30 22:18:34,363 - services - INFO - [services.py:1051] - [HTTP] GET /memory from 127.0.0.1
2025-10-30 22:18:34,364 - services - INFO - [services.py:1056] - [HTTP] /memory - Status: 200 - Time: 0.002s
2025-10-30 22:18:44,358 - services - INFO - [services.py:1051] - [HTTP] GET /memory from 127.0.0.1
2025-10-30 22:18:44,360 - services - INFO - [services.py:1056] - [HTTP] /memory - Status: 200 - Time: 0.002s
2025-10-30 22:18:50,281 - services - INFO - [services.py:1051] - [HTTP] GET /health from 127.0.0.1
2025-10-30 22:18:50,281 - services - INFO - [services.py:1056] - [HTTP] /health - Status: 200 - Time: 0.001s
2025-10-30 22:18:54,357 - services - INFO - [services.py:1051] - [HTTP] GET /memory from 127.0.0.1
2025-10-30 22:18:54,358 - services - INFO - [services.py:1056] - [HTTP] /memory - Status: 200 - Time: 0.001s
2025-10-30 22:19:04,374 - services - INFO - [services.py:1051] - [HTTP] GET /memory from 127.0.0.1
2025-10-30 22:19:04,376 - services - INFO - [services.py:1056] - [HTTP] /memory - Status: 200 - Time: 0.002s
2025-10-30 22:19:14,382 - services - INFO - [services.py:1051] - [HTTP] GET /memory from 127.0.0.1
2025-10-30 22:19:14,384 - services - INFO - [services.py:1056] - [HTTP] /memory - Status: 200 - Time: 0.001s
2025-10-30 22:19:20,288 - services - INFO - [services.py:1051] - [HTTP] GET /health from 127.0.0.1
2025-10-30 22:19:20,289 - services - INFO - [services.py:1056] - [HTTP] /health - Status: 200 - Time: 0.001s
2025-10-30 22:19:24,388 - services - INFO - [services.py:1051] - [HTTP] GET /memory from 127.0.0.1
2025-10-30 22:19:24,389 - services - INFO - [services.py:1056] - [HTTP] /memory - Status: 200 - Time: 0.001s
2025-10-30 22:19:34,373 - services - INFO - [services.py:1051] - [HTTP] GET /memory from 127.0.0.1
2025-10-30 22:19:34,374 - services - INFO - [services.py:1056] - [HTTP] /memory - Status: 200 - Time: 0.001s
2025-10-30 22:19:44,423 - services - INFO - [services.py:1051] - [HTTP] GET /memory from 127.0.0.1
2025-10-30 22:19:44,424 - services - INFO - [services.py:1056] - [HTTP] /memory - Status: 200 - Time: 0.001s
2025-10-30 22:19:50,279 - services - INFO - [services.py:1051] - [HTTP] GET /health from 127.0.0.1
2025-10-30 22:19:50,280 - services - INFO - [services.py:1056] - [HTTP] /health - Status: 200 - Time: 0.001s
2025-10-30 22:19:54,375 - services - INFO - [services.py:1051] - [HTTP] GET /memory from 127.0.0.1
2025-10-30 22:19:54,376 - services - INFO - [services.py:1056] - [HTTP] /memory - Status: 200 - Time: 0.001s
2025-10-30 22:20:04,378 - services - INFO - [services.py:1051] - [HTTP] GET /memory from 127.0.0.1
2025-10-30 22:20:04,379 - services - INFO - [services.py:1056] - [HTTP] /memory - Status: 200 - Time: 0.002s
2025-10-30 22:20:14,392 - services - INFO - [services.py:1051] - [HTTP] GET /memory from 127.0.0.1
2025-10-30 22:20:14,393 - services - INFO - [services.py:1056] - [HTTP] /memory - Status: 200 - Time: 0.001s
2025-10-30 22:20:20,267 - services - INFO - [services.py:1051] - [HTTP] GET /health from 127.0.0.1
2025-10-30 22:20:20,268 - services - INFO - [services.py:1056] - [HTTP] /health - Status: 200 - Time: 0.001s
2025-10-30 22:20:24,371 - services - INFO - [services.py:1051] - [HTTP] GET /memory from 127.0.0.1
2025-10-30 22:20:24,373 - services - INFO - [services.py:1056] - [HTTP] /memory - Status: 200 - Time: 0.002s
2025-10-30 22:20:34,381 - services - INFO - [services.py:1051] - [HTTP] GET /memory from 127.0.0.1
2025-10-30 22:20:34,382 - services - INFO - [services.py:1056] - [HTTP] /memory - Status: 200 - Time: 0.002s
2025-10-30 22:20:44,375 - services - INFO - [services.py:1051] - [HTTP] GET /memory from 127.0.0.1
2025-10-30 22:20:44,377 - services - INFO - [services.py:1056] - [HTTP] /memory - Status: 200 - Time: 0.002s
2025-10-30 22:20:50,277 - services - INFO - [services.py:1051] - [HTTP] GET /health from 127.0.0.1
2025-10-30 22:20:50,278 - services - INFO - [services.py:1056] - [HTTP] /health - Status: 200 - Time: 0.001s
2025-10-30 22:20:54,665 - services - INFO - [services.py:1051] - [HTTP] GET /memory from 127.0.0.1
2025-10-30 22:20:54,666 - services - INFO - [services.py:1056] - [HTTP] /memory - Status: 200 - Time: 0.001s
2025-10-30 22:21:04,405 - services - INFO - [services.py:1051] - [HTTP] GET /memory from 127.0.0.1
2025-10-30 22:21:04,406 - services - INFO - [services.py:1056] - [HTTP] /memory - Status: 200 - Time: 0.001s
2025-10-30 22:21:14,411 - services - INFO - [services.py:1051] - [HTTP] GET /memory from 127.0.0.1
2025-10-30 22:21:14,413 - services - INFO - [services.py:1056] - [HTTP] /memory - Status: 200 - Time: 0.001s
2025-10-30 22:21:20,289 - services - INFO - [services.py:1051] - [HTTP] GET /health from 127.0.0.1
2025-10-30 22:21:20,290 - services - INFO - [services.py:1056] - [HTTP] /health - Status: 200 - Time: 0.001s
2025-10-30 22:21:24,547 - services - INFO - [services.py:1051] - [HTTP] GET /memory from 127.0.0.1
2025-10-30 22:21:24,549 - services - INFO - [services.py:1056] - [HTTP] /memory - Status: 200 - Time: 0.002s
2025-10-30 22:21:34,420 - services - INFO - [services.py:1051] - [HTTP] GET /memory from 127.0.0.1
2025-10-30 22:21:34,422 - services - INFO - [services.py:1056] - [HTTP] /memory - Status: 200 - Time: 0.001s
2025-10-30 22:21:44,454 - services - INFO - [services.py:1051] - [HTTP] GET /memory from 127.0.0.1
2025-10-30 22:21:44,456 - services - INFO - [services.py:1056] - [HTTP] /memory - Status: 200 - Time: 0.001s
2025-10-30 22:21:50,280 - services - INFO - [services.py:1051] - [HTTP] GET /health from 127.0.0.1
2025-10-30 22:21:50,280 - services - INFO - [services.py:1056] - [HTTP] /health - Status: 200 - Time: 0.001s
2025-10-30 22:21:54,582 - services - INFO - [services.py:1051] - [HTTP] GET /memory from 127.0.0.1
2025-10-30 22:21:54,584 - services - INFO - [services.py:1056] - [HTTP] /memory - Status: 200 - Time: 0.001s
2025-10-30 22:22:04,440 - services - INFO - [services.py:1051] - [HTTP] GET /memory from 127.0.0.1
2025-10-30 22:22:04,442 - services - INFO - [services.py:1056] - [HTTP] /memory - Status: 200 - Time: 0.001s
2025-10-30 22:22:14,403 - services - INFO - [services.py:1051] - [HTTP] GET /memory from 127.0.0.1
2025-10-30 22:22:14,404 - services - INFO - [services.py:1056] - [HTTP] /memory - Status: 200 - Time: 0.001s
2025-10-30 22:22:20,283 - services - INFO - [services.py:1051] - [HTTP] GET /health from 127.0.0.1
2025-10-30 22:22:20,284 - services - INFO - [services.py:1056] - [HTTP] /health - Status: 200 - Time: 0.001s
2025-10-30 22:22:24,455 - services - INFO - [services.py:1051] - [HTTP] GET /memory from 127.0.0.1
2025-10-30 22:22:24,456 - services - INFO - [services.py:1056] - [HTTP] /memory - Status: 200 - Time: 0.001s
2025-10-30 22:22:34,444 - services - INFO - [services.py:1051] - [HTTP] GET /memory from 127.0.0.1
2025-10-30 22:22:34,446 - services - INFO - [services.py:1056] - [HTTP] /memory - Status: 200 - Time: 0.001s
2025-10-30 22:22:44,414 - services - INFO - [services.py:1051] - [HTTP] GET /memory from 127.0.0.1
2025-10-30 22:22:44,414 - services - INFO - [services.py:1056] - [HTTP] /memory - Status: 200 - Time: 0.001s
2025-10-30 22:22:50,278 - services - INFO - [services.py:1051] - [HTTP] GET /health from 127.0.0.1
2025-10-30 22:22:50,279 - services - INFO - [services.py:1056] - [HTTP] /health - Status: 200 - Time: 0.001s
2025-10-30 22:22:54,421 - services - INFO - [services.py:1051] - [HTTP] GET /memory from 127.0.0.1
2025-10-30 22:22:54,423 - services - INFO - [services.py:1056] - [HTTP] /memory - Status: 200 - Time: 0.002s
2025-10-30 22:23:04,426 - services - INFO - [services.py:1051] - [HTTP] GET /memory from 127.0.0.1
2025-10-30 22:23:04,427 - services - INFO - [services.py:1056] - [HTTP] /memory - Status: 200 - Time: 0.001s
2025-10-30 22:23:14,428 - services - INFO - [services.py:1051] - [HTTP] GET /memory from 127.0.0.1
2025-10-30 22:23:14,428 - services - INFO - [services.py:1056] - [HTTP] /memory - Status: 200 - Time: 0.001s
2025-10-30 22:23:20,456 - services - INFO - [services.py:1051] - [HTTP] GET /health from 127.0.0.1
2025-10-30 22:23:20,457 - services - INFO - [services.py:1056] - [HTTP] /health - Status: 200 - Time: 0.001s
2025-10-30 22:23:24,434 - services - INFO - [services.py:1051] - [HTTP] GET /memory from 127.0.0.1
2025-10-30 22:23:24,435 - services - INFO - [services.py:1056] - [HTTP] /memory - Status: 200 - Time: 0.001s
2025-10-30 22:23:34,425 - services - INFO - [services.py:1051] - [HTTP] GET /memory from 127.0.0.1
2025-10-30 22:23:34,426 - services - INFO - [services.py:1056] - [HTTP] /memory - Status: 200 - Time: 0.001s
2025-10-30 22:23:44,432 - services - INFO - [services.py:1051] - [HTTP] GET /memory from 127.0.0.1
2025-10-30 22:23:44,434 - services - INFO - [services.py:1056] - [HTTP] /memory - Status: 200 - Time: 0.001s
2025-10-30 22:23:50,568 - services - INFO - [services.py:1051] - [HTTP] GET /health from 127.0.0.1
2025-10-30 22:23:50,569 - services - INFO - [services.py:1056] - [HTTP] /health - Status: 200 - Time: 0.001s
2025-10-30 22:23:54,429 - services - INFO - [services.py:1051] - [HTTP] GET /memory from 127.0.0.1
2025-10-30 22:23:54,430 - services - INFO - [services.py:1056] - [HTTP] /memory - Status: 200 - Time: 0.001s
2025-10-30 22:24:04,430 - services - INFO - [services.py:1051] - [HTTP] GET /memory from 127.0.0.1
2025-10-30 22:24:04,431 - services - INFO - [services.py:1056] - [HTTP] /memory - Status: 200 - Time: 0.001s
2025-10-30 22:24:14,430 - services - INFO - [services.py:1051] - [HTTP] GET /memory from 127.0.0.1
2025-10-30 22:24:14,431 - services - INFO - [services.py:1056] - [HTTP] /memory - Status: 200 - Time: 0.001s
2025-10-30 22:24:20,476 - services - INFO - [services.py:1051] - [HTTP] GET /health from 127.0.0.1
2025-10-30 22:24:20,477 - services - INFO - [services.py:1056] - [HTTP] /health - Status: 200 - Time: 0.001s
2025-10-30 22:24:24,476 - services - INFO - [services.py:1051] - [HTTP] GET /memory from 127.0.0.1
2025-10-30 22:24:24,477 - services - INFO - [services.py:1056] - [HTTP] /memory - Status: 200 - Time: 0.001s
2025-10-30 22:24:34,427 - services - INFO - [services.py:1051] - [HTTP] GET /memory from 127.0.0.1
2025-10-30 22:24:34,429 - services - INFO - [services.py:1056] - [HTTP] /memory - Status: 200 - Time: 0.002s
2025-10-30 22:24:44,474 - services - INFO - [services.py:1051] - [HTTP] GET /memory from 127.0.0.1
2025-10-30 22:24:44,475 - services - INFO - [services.py:1056] - [HTTP] /memory - Status: 200 - Time: 0.002s
2025-10-30 22:24:50,445 - services - INFO - [services.py:1051] - [HTTP] GET /health from 127.0.0.1
2025-10-30 22:24:50,446 - services - INFO - [services.py:1056] - [HTTP] /health - Status: 200 - Time: 0.001s
2025-10-30 22:24:54,488 - services - INFO - [services.py:1051] - [HTTP] GET /memory from 127.0.0.1
2025-10-30 22:24:54,489 - services - INFO - [services.py:1056] - [HTTP] /memory - Status: 200 - Time: 0.001s
2025-10-30 22:25:04,518 - services - INFO - [services.py:1051] - [HTTP] GET /memory from 127.0.0.1
2025-10-30 22:25:04,520 - services - INFO - [services.py:1056] - [HTTP] /memory - Status: 200 - Time: 0.002s
2025-10-30 22:25:14,499 - services - INFO - [services.py:1051] - [HTTP] GET /memory from 127.0.0.1
2025-10-30 22:25:14,500 - services - INFO - [services.py:1056] - [HTTP] /memory - Status: 200 - Time: 0.001s
2025-10-30 22:25:20,670 - services - INFO - [services.py:1051] - [HTTP] GET /health from 127.0.0.1
2025-10-30 22:25:20,671 - services - INFO - [services.py:1056] - [HTTP] /health - Status: 200 - Time: 0.001s
2025-10-30 22:25:24,494 - services - INFO - [services.py:1051] - [HTTP] GET /memory from 127.0.0.1
2025-10-30 22:25:24,495 - services - INFO - [services.py:1056] - [HTTP] /memory - Status: 200 - Time: 0.001s
2025-10-30 22:25:34,524 - services - INFO - [services.py:1051] - [HTTP] GET /memory from 127.0.0.1
2025-10-30 22:25:34,525 - services - INFO - [services.py:1056] - [HTTP] /memory - Status: 200 - Time: 0.002s
2025-10-30 22:25:44,508 - services - INFO - [services.py:1051] - [HTTP] GET /memory from 127.0.0.1
2025-10-30 22:25:44,509 - services - INFO - [services.py:1056] - [HTTP] /memory - Status: 200 - Time: 0.001s
2025-10-30 22:25:50,675 - services - INFO - [services.py:1051] - [HTTP] GET /health from 127.0.0.1
2025-10-30 22:25:50,675 - services - INFO - [services.py:1056] - [HTTP] /health - Status: 200 - Time: 0.001s
2025-10-30 22:25:54,553 - services - INFO - [services.py:1051] - [HTTP] GET /memory from 127.0.0.1
2025-10-30 22:25:54,555 - services - INFO - [services.py:1056] - [HTTP] /memory - Status: 200 - Time: 0.001s
2025-10-30 22:26:04,507 - services - INFO - [services.py:1051] - [HTTP] GET /memory from 127.0.0.1
2025-10-30 22:26:04,509 - services - INFO - [services.py:1056] - [HTTP] /memory - Status: 200 - Time: 0.002s
2025-10-30 22:26:14,499 - services - INFO - [services.py:1051] - [HTTP] GET /memory from 127.0.0.1
2025-10-30 22:26:14,500 - services - INFO - [services.py:1056] - [HTTP] /memory - Status: 200 - Time: 0.001s
2025-10-30 22:26:20,674 - services - INFO - [services.py:1051] - [HTTP] GET /health from 127.0.0.1
2025-10-30 22:26:20,675 - services - INFO - [services.py:1056] - [HTTP] /health - Status: 200 - Time: 0.001s
2025-10-30 22:26:24,499 - services - INFO - [services.py:1051] - [HTTP] GET /memory from 127.0.0.1
2025-10-30 22:26:24,500 - services - INFO - [services.py:1056] - [HTTP] /memory - Status: 200 - Time: 0.001s
2025-10-30 22:26:34,504 - services - INFO - [services.py:1051] - [HTTP] GET /memory from 127.0.0.1
2025-10-30 22:26:34,506 - services - INFO - [services.py:1056] - [HTTP] /memory - Status: 200 - Time: 0.001s
2025-10-30 22:26:44,804 - services - INFO - [services.py:1051] - [HTTP] GET /memory from 127.0.0.1
2025-10-30 22:26:44,806 - services - INFO - [services.py:1056] - [HTTP] /memory - Status: 200 - Time: 0.002s
2025-10-30 22:26:50,673 - services - INFO - [services.py:1051] - [HTTP] GET /health from 127.0.0.1
2025-10-30 22:26:50,673 - services - INFO - [services.py:1056] - [HTTP] /health - Status: 200 - Time: 0.001s
2025-10-30 22:26:54,697 - services - INFO - [services.py:1051] - [HTTP] GET /memory from 127.0.0.1
2025-10-30 22:26:54,698 - services - INFO - [services.py:1056] - [HTTP] /memory - Status: 200 - Time: 0.001s
2025-10-30 22:27:04,736 - services - INFO - [services.py:1051] - [HTTP] GET /memory from 127.0.0.1
2025-10-30 22:27:04,738 - services - INFO - [services.py:1056] - [HTTP] /memory - Status: 200 - Time: 0.002s
2025-10-30 22:27:14,709 - services - INFO - [services.py:1051] - [HTTP] GET /memory from 127.0.0.1
2025-10-30 22:27:14,711 - services - INFO - [services.py:1056] - [HTTP] /memory - Status: 200 - Time: 0.001s
2025-10-30 22:27:20,672 - services - INFO - [services.py:1051] - [HTTP] GET /health from 127.0.0.1
2025-10-30 22:27:20,673 - services - INFO - [services.py:1056] - [HTTP] /health - Status: 200 - Time: 0.001s
2025-10-30 22:27:24,711 - services - INFO - [services.py:1051] - [HTTP] GET /memory from 127.0.0.1
2025-10-30 22:27:24,713 - services - INFO - [services.py:1056] - [HTTP] /memory - Status: 200 - Time: 0.001s
2025-10-30 22:27:34,711 - services - INFO - [services.py:1051] - [HTTP] GET /memory from 127.0.0.1
2025-10-30 22:27:34,712 - services - INFO - [services.py:1056] - [HTTP] /memory - Status: 200 - Time: 0.001s
2025-10-30 22:27:44,715 - services - INFO - [services.py:1051] - [HTTP] GET /memory from 127.0.0.1
2025-10-30 22:27:44,717 - services - INFO - [services.py:1056] - [HTTP] /memory - Status: 200 - Time: 0.001s
2025-10-30 22:27:50,683 - services - INFO - [services.py:1051] - [HTTP] GET /health from 127.0.0.1
2025-10-30 22:27:50,684 - services - INFO - [services.py:1056] - [HTTP] /health - Status: 200 - Time: 0.001s
2025-10-30 22:27:54,716 - services - INFO - [services.py:1051] - [HTTP] GET /memory from 127.0.0.1
2025-10-30 22:27:54,717 - services - INFO - [services.py:1056] - [HTTP] /memory - Status: 200 - Time: 0.001s
2025-10-30 22:28:04,766 - services - INFO - [services.py:1051] - [HTTP] GET /memory from 127.0.0.1
2025-10-30 22:28:04,767 - services - INFO - [services.py:1056] - [HTTP] /memory - Status: 200 - Time: 0.001s
2025-10-30 22:28:14,719 - services - INFO - [services.py:1051] - [HTTP] GET /memory from 127.0.0.1
2025-10-30 22:28:14,720 - services - INFO - [services.py:1056] - [HTTP] /memory - Status: 200 - Time: 0.001s
2025-10-30 22:28:20,684 - services - INFO - [services.py:1051] - [HTTP] GET /health from 127.0.0.1
2025-10-30 22:28:20,686 - services - INFO - [services.py:1056] - [HTTP] /health - Status: 200 - Time: 0.001s
2025-10-30 22:28:24,716 - services - INFO - [services.py:1051] - [HTTP] GET /memory from 127.0.0.1
2025-10-30 22:28:24,717 - services - INFO - [services.py:1056] - [HTTP] /memory - Status: 200 - Time: 0.001s
2025-10-30 22:28:34,719 - services - INFO - [services.py:1051] - [HTTP] GET /memory from 127.0.0.1
2025-10-30 22:28:34,720 - services - INFO - [services.py:1056] - [HTTP] /memory - Status: 200 - Time: 0.001s
2025-10-30 22:28:44,839 - services - INFO - [services.py:1051] - [HTTP] GET /memory from 127.0.0.1
2025-10-30 22:28:44,840 - services - INFO - [services.py:1056] - [HTTP] /memory - Status: 200 - Time: 0.001s
2025-10-30 22:28:50,954 - services - INFO - [services.py:1051] - [HTTP] GET /health from 127.0.0.1
2025-10-30 22:28:50,955 - services - INFO - [services.py:1056] - [HTTP] /health - Status: 200 - Time: 0.001s
2025-10-30 22:28:54,697 - services - INFO - [services.py:1051] - [HTTP] GET /memory from 127.0.0.1
2025-10-30 22:28:54,698 - services - INFO - [services.py:1056] - [HTTP] /memory - Status: 200 - Time: 0.001s
2025-10-30 22:29:04,872 - services - INFO - [services.py:1051] - [HTTP] GET /memory from 127.0.0.1
2025-10-30 22:29:04,873 - services - INFO - [services.py:1056] - [HTTP] /memory - Status: 200 - Time: 0.001s
2025-10-30 22:29:14,823 - services - INFO - [services.py:1051] - [HTTP] GET /memory from 127.0.0.1
2025-10-30 22:29:14,824 - services - INFO - [services.py:1056] - [HTTP] /memory - Status: 200 - Time: 0.001s
2025-10-30 22:29:20,674 - services - INFO - [services.py:1051] - [HTTP] GET /health from 127.0.0.1
2025-10-30 22:29:20,675 - services - INFO - [services.py:1056] - [HTTP] /health - Status: 200 - Time: 0.001s
2025-10-30 22:29:24,749 - services - INFO - [services.py:1051] - [HTTP] GET /memory from 127.0.0.1
2025-10-30 22:29:24,750 - services - INFO - [services.py:1056] - [HTTP] /memory - Status: 200 - Time: 0.001s
2025-10-30 22:29:34,822 - services - INFO - [services.py:1051] - [HTTP] GET /memory from 127.0.0.1
2025-10-30 22:29:34,823 - services - INFO - [services.py:1056] - [HTTP] /memory - Status: 200 - Time: 0.002s
2025-10-30 22:29:44,749 - services - INFO - [services.py:1051] - [HTTP] GET /memory from 127.0.0.1
2025-10-30 22:29:44,750 - services - INFO - [services.py:1056] - [HTTP] /memory - Status: 200 - Time: 0.002s
2025-10-30 22:29:50,671 - services - INFO - [services.py:1051] - [HTTP] GET /health from 127.0.0.1
2025-10-30 22:29:50,672 - services - INFO - [services.py:1056] - [HTTP] /health - Status: 200 - Time: 0.001s
2025-10-30 22:29:54,744 - services - INFO - [services.py:1051] - [HTTP] GET /memory from 127.0.0.1
2025-10-30 22:29:54,745 - services - INFO - [services.py:1056] - [HTTP] /memory - Status: 200 - Time: 0.001s
2025-10-30 22:30:04,746 - services - INFO - [services.py:1051] - [HTTP] GET /memory from 127.0.0.1
2025-10-30 22:30:04,747 - services - INFO - [services.py:1056] - [HTTP] /memory - Status: 200 - Time: 0.001s
2025-10-30 22:30:14,750 - services - INFO - [services.py:1051] - [HTTP] GET /memory from 127.0.0.1
2025-10-30 22:30:14,751 - services - INFO - [services.py:1056] - [HTTP] /memory - Status: 200 - Time: 0.001s
2025-10-30 22:30:20,681 - services - INFO - [services.py:1051] - [HTTP] GET /health from 127.0.0.1
2025-10-30 22:30:20,681 - services - INFO - [services.py:1056] - [HTTP] /health - Status: 200 - Time: 0.001s
2025-10-30 22:30:24,747 - services - INFO - [services.py:1051] - [HTTP] GET /memory from 127.0.0.1
2025-10-30 22:30:24,749 - services - INFO - [services.py:1056] - [HTTP] /memory - Status: 200 - Time: 0.002s
2025-10-30 22:30:34,753 - services - INFO - [services.py:1051] - [HTTP] GET /memory from 127.0.0.1
2025-10-30 22:30:34,754 - services - INFO - [services.py:1056] - [HTTP] /memory - Status: 200 - Time: 0.002s
2025-10-30 22:30:44,745 - services - INFO - [services.py:1051] - [HTTP] GET /memory from 127.0.0.1
2025-10-30 22:30:44,747 - services - INFO - [services.py:1056] - [HTTP] /memory - Status: 200 - Time: 0.002s
2025-10-30 22:30:50,699 - services - INFO - [services.py:1051] - [HTTP] GET /health from 127.0.0.1
2025-10-30 22:30:50,700 - services - INFO - [services.py:1056] - [HTTP] /health - Status: 200 - Time: 0.001s
2025-10-30 22:30:54,918 - services - INFO - [services.py:1051] - [HTTP] GET /memory from 127.0.0.1
2025-10-30 22:30:54,921 - services - INFO - [services.py:1056] - [HTTP] /memory - Status: 200 - Time: 0.002s
2025-10-30 22:31:04,914 - services - INFO - [services.py:1051] - [HTTP] GET /memory from 127.0.0.1
2025-10-30 22:31:04,916 - services - INFO - [services.py:1056] - [HTTP] /memory - Status: 200 - Time: 0.002s
2025-10-30 22:31:15,485 - services - INFO - [services.py:1051] - [HTTP] GET /memory from 127.0.0.1
2025-10-30 22:31:15,486 - services - INFO - [services.py:1056] - [HTTP] /memory - Status: 200 - Time: 0.001s
2025-10-30 22:31:20,620 - services - INFO - [services.py:1051] - [HTTP] GET /health from 127.0.0.1
2025-10-30 22:31:20,621 - services - INFO - [services.py:1056] - [HTTP] /health - Status: 200 - Time: 0.001s
2025-10-30 22:31:24,914 - services - INFO - [services.py:1051] - [HTTP] GET /memory from 127.0.0.1
2025-10-30 22:31:24,915 - services - INFO - [services.py:1056] - [HTTP] /memory - Status: 200 - Time: 0.001s
2025-10-30 22:31:34,911 - services - INFO - [services.py:1051] - [HTTP] GET /memory from 127.0.0.1
2025-10-30 22:31:34,912 - services - INFO - [services.py:1056] - [HTTP] /memory - Status: 200 - Time: 0.001s
2025-10-30 22:31:44,906 - services - INFO - [services.py:1051] - [HTTP] GET /memory from 127.0.0.1
2025-10-30 22:31:44,907 - services - INFO - [services.py:1056] - [HTTP] /memory - Status: 200 - Time: 0.001s
2025-10-30 22:31:50,674 - services - INFO - [services.py:1051] - [HTTP] GET /health from 127.0.0.1
2025-10-30 22:31:50,675 - services - INFO - [services.py:1056] - [HTTP] /health - Status: 200 - Time: 0.001s
2025-10-30 22:31:54,915 - services - INFO - [services.py:1051] - [HTTP] GET /memory from 127.0.0.1
2025-10-30 22:31:54,916 - services - INFO - [services.py:1056] - [HTTP] /memory - Status: 200 - Time: 0.002s
2025-10-30 22:32:04,909 - services - INFO - [services.py:1051] - [HTTP] GET /memory from 127.0.0.1
2025-10-30 22:32:04,910 - services - INFO - [services.py:1056] - [HTTP] /memory - Status: 200 - Time: 0.001s
2025-10-30 22:32:15,090 - services - INFO - [services.py:1051] - [HTTP] GET /memory from 127.0.0.1
2025-10-30 22:32:15,091 - services - INFO - [services.py:1056] - [HTTP] /memory - Status: 200 - Time: 0.001s
2025-10-30 22:32:20,683 - services - INFO - [services.py:1051] - [HTTP] GET /health from 127.0.0.1
2025-10-30 22:32:20,685 - services - INFO - [services.py:1056] - [HTTP] /health - Status: 200 - Time: 0.002s
2025-10-30 22:32:24,912 - services - INFO - [services.py:1051] - [HTTP] GET /memory from 127.0.0.1
2025-10-30 22:32:24,914 - services - INFO - [services.py:1056] - [HTTP] /memory - Status: 200 - Time: 0.002s
2025-10-30 22:32:34,914 - services - INFO - [services.py:1051] - [HTTP] GET /memory from 127.0.0.1
2025-10-30 22:32:34,916 - services - INFO - [services.py:1056] - [HTTP] /memory - Status: 200 - Time: 0.002s
2025-10-30 22:32:44,912 - services - INFO - [services.py:1051] - [HTTP] GET /memory from 127.0.0.1
2025-10-30 22:32:44,913 - services - INFO - [services.py:1056] - [HTTP] /memory - Status: 200 - Time: 0.001s
2025-10-30 22:32:50,683 - services - INFO - [services.py:1051] - [HTTP] GET /health from 127.0.0.1
2025-10-30 22:32:50,683 - services - INFO - [services.py:1056] - [HTTP] /health - Status: 200 - Time: 0.001s
2025-10-30 22:32:54,967 - services - INFO - [services.py:1051] - [HTTP] GET /memory from 127.0.0.1
2025-10-30 22:32:54,968 - services - INFO - [services.py:1056] - [HTTP] /memory - Status: 200 - Time: 0.002s
2025-10-30 22:33:04,915 - services - INFO - [services.py:1051] - [HTTP] GET /memory from 127.0.0.1
2025-10-30 22:33:04,916 - services - INFO - [services.py:1056] - [HTTP] /memory - Status: 200 - Time: 0.001s
2025-10-30 22:33:14,962 - services - INFO - [services.py:1051] - [HTTP] GET /memory from 127.0.0.1
2025-10-30 22:33:14,963 - services - INFO - [services.py:1056] - [HTTP] /memory - Status: 200 - Time: 0.001s
2025-10-30 22:33:20,681 - services - INFO - [services.py:1051] - [HTTP] GET /health from 127.0.0.1
2025-10-30 22:33:20,682 - services - INFO - [services.py:1056] - [HTTP] /health - Status: 200 - Time: 0.001s
2025-10-30 22:33:24,920 - services - INFO - [services.py:1051] - [HTTP] GET /memory from 127.0.0.1
2025-10-30 22:33:24,921 - services - INFO - [services.py:1056] - [HTTP] /memory - Status: 200 - Time: 0.001s
2025-10-30 22:33:35,129 - services - INFO - [services.py:1051] - [HTTP] GET /memory from 127.0.0.1
2025-10-30 22:33:35,131 - services - INFO - [services.py:1056] - [HTTP] /memory - Status: 200 - Time: 0.001s
2025-10-30 22:33:45,014 - services - INFO - [services.py:1051] - [HTTP] GET /memory from 127.0.0.1
2025-10-30 22:33:45,016 - services - INFO - [services.py:1056] - [HTTP] /memory - Status: 200 - Time: 0.001s
2025-10-30 22:33:50,851 - services - INFO - [services.py:1051] - [HTTP] GET /health from 127.0.0.1
2025-10-30 22:33:50,851 - services - INFO - [services.py:1056] - [HTTP] /health - Status: 200 - Time: 0.001s
2025-10-30 22:33:54,912 - services - INFO - [services.py:1051] - [HTTP] GET /memory from 127.0.0.1
2025-10-30 22:33:54,914 - services - INFO - [services.py:1056] - [HTTP] /memory - Status: 200 - Time: 0.002s
2025-10-30 22:34:04,919 - services - INFO - [services.py:1051] - [HTTP] GET /memory from 127.0.0.1
2025-10-30 22:34:04,920 - services - INFO - [services.py:1056] - [HTTP] /memory - Status: 200 - Time: 0.001s
2025-10-30 22:34:14,964 - services - INFO - [services.py:1051] - [HTTP] GET /memory from 127.0.0.1
2025-10-30 22:34:14,965 - services - INFO - [services.py:1056] - [HTTP] /memory - Status: 200 - Time: 0.001s
2025-10-30 22:34:20,730 - services - INFO - [services.py:1051] - [HTTP] GET /health from 127.0.0.1
2025-10-30 22:34:20,731 - services - INFO - [services.py:1056] - [HTTP] /health - Status: 200 - Time: 0.001s
2025-10-30 22:34:25,064 - services - INFO - [services.py:1051] - [HTTP] GET /memory from 127.0.0.1
2025-10-30 22:34:25,065 - services - INFO - [services.py:1056] - [HTTP] /memory - Status: 200 - Time: 0.001s
2025-10-30 22:34:34,941 - services - INFO - [services.py:1051] - [HTTP] GET /memory from 127.0.0.1
2025-10-30 22:34:34,943 - services - INFO - [services.py:1056] - [HTTP] /memory - Status: 200 - Time: 0.002s
2025-10-30 22:34:44,922 - services - INFO - [services.py:1051] - [HTTP] GET /memory from 127.0.0.1
2025-10-30 22:34:44,923 - services - INFO - [services.py:1056] - [HTTP] /memory - Status: 200 - Time: 0.001s
2025-10-30 22:34:50,680 - services - INFO - [services.py:1051] - [HTTP] GET /health from 127.0.0.1
2025-10-30 22:34:50,681 - services - INFO - [services.py:1056] - [HTTP] /health - Status: 200 - Time: 0.001s
2025-10-30 22:34:54,964 - services - INFO - [services.py:1051] - [HTTP] GET /memory from 127.0.0.1
2025-10-30 22:34:54,966 - services - INFO - [services.py:1056] - [HTTP] /memory - Status: 200 - Time: 0.001s
2025-10-30 22:35:04,920 - services - INFO - [services.py:1051] - [HTTP] GET /memory from 127.0.0.1
2025-10-30 22:35:04,921 - services - INFO - [services.py:1056] - [HTTP] /memory - Status: 200 - Time: 0.001s
2025-10-30 22:35:14,921 - services - INFO - [services.py:1051] - [HTTP] GET /memory from 127.0.0.1
2025-10-30 22:35:14,922 - services - INFO - [services.py:1056] - [HTTP] /memory - Status: 200 - Time: 0.001s
2025-10-30 22:35:20,688 - services - INFO - [services.py:1051] - [HTTP] GET /health from 127.0.0.1
2025-10-30 22:35:20,689 - services - INFO - [services.py:1056] - [HTTP] /health - Status: 200 - Time: 0.001s
2025-10-30 22:35:24,910 - services - INFO - [services.py:1051] - [HTTP] GET /memory from 127.0.0.1
2025-10-30 22:35:24,910 - services - INFO - [services.py:1056] - [HTTP] /memory - Status: 200 - Time: 0.001s
2025-10-30 22:35:34,912 - services - INFO - [services.py:1051] - [HTTP] GET /memory from 127.0.0.1
2025-10-30 22:35:34,914 - services - INFO - [services.py:1056] - [HTTP] /memory - Status: 200 - Time: 0.001s
2025-10-30 22:35:44,943 - services - INFO - [services.py:1051] - [HTTP] GET /memory from 127.0.0.1
2025-10-30 22:35:44,944 - services - INFO - [services.py:1056] - [HTTP] /memory - Status: 200 - Time: 0.001s
2025-10-30 22:35:50,683 - services - INFO - [services.py:1051] - [HTTP] GET /health from 127.0.0.1
2025-10-30 22:35:50,685 - services - INFO - [services.py:1056] - [HTTP] /health - Status: 200 - Time: 0.001s
2025-10-30 22:35:54,925 - services - INFO - [services.py:1051] - [HTTP] GET /memory from 127.0.0.1
2025-10-30 22:35:54,926 - services - INFO - [services.py:1056] - [HTTP] /memory - Status: 200 - Time: 0.001s
2025-10-30 22:36:04,925 - services - INFO - [services.py:1051] - [HTTP] GET /memory from 127.0.0.1
2025-10-30 22:36:04,927 - services - INFO - [services.py:1056] - [HTTP] /memory - Status: 200 - Time: 0.001s
2025-10-30 22:36:14,922 - services - INFO - [services.py:1051] - [HTTP] GET /memory from 127.0.0.1
2025-10-30 22:36:14,924 - services - INFO - [services.py:1056] - [HTTP] /memory - Status: 200 - Time: 0.001s
2025-10-30 22:36:20,687 - services - INFO - [services.py:1051] - [HTTP] GET /health from 127.0.0.1
2025-10-30 22:36:20,688 - services - INFO - [services.py:1056] - [HTTP] /health - Status: 200 - Time: 0.001s
2025-10-30 22:36:24,927 - services - INFO - [services.py:1051] - [HTTP] GET /memory from 127.0.0.1
2025-10-30 22:36:24,928 - services - INFO - [services.py:1056] - [HTTP] /memory - Status: 200 - Time: 0.001s
2025-10-30 22:36:34,963 - services - INFO - [services.py:1051] - [HTTP] GET /memory from 127.0.0.1
2025-10-30 22:36:34,966 - services - INFO - [services.py:1056] - [HTTP] /memory - Status: 200 - Time: 0.002s
2025-10-30 22:36:44,925 - services - INFO - [services.py:1051] - [HTTP] GET /memory from 127.0.0.1
2025-10-30 22:36:44,926 - services - INFO - [services.py:1056] - [HTTP] /memory - Status: 200 - Time: 0.001s
2025-10-30 22:36:50,691 - services - INFO - [services.py:1051] - [HTTP] GET /health from 127.0.0.1
2025-10-30 22:36:50,691 - services - INFO - [services.py:1056] - [HTTP] /health - Status: 200 - Time: 0.001s
2025-10-30 22:36:54,960 - services - INFO - [services.py:1051] - [HTTP] GET /memory from 127.0.0.1
2025-10-30 22:36:54,961 - services - INFO - [services.py:1056] - [HTTP] /memory - Status: 200 - Time: 0.001s
2025-10-30 22:37:04,952 - services - INFO - [services.py:1051] - [HTTP] GET /memory from 127.0.0.1
2025-10-30 22:37:04,953 - services - INFO - [services.py:1056] - [HTTP] /memory - Status: 200 - Time: 0.001s
2025-10-30 22:37:14,946 - services - INFO - [services.py:1051] - [HTTP] GET /memory from 127.0.0.1
2025-10-30 22:37:14,947 - services - INFO - [services.py:1056] - [HTTP] /memory - Status: 200 - Time: 0.001s
2025-10-30 22:37:20,714 - services - INFO - [services.py:1051] - [HTTP] GET /health from 127.0.0.1
2025-10-30 22:37:20,715 - services - INFO - [services.py:1056] - [HTTP] /health - Status: 200 - Time: 0.001s
2025-10-30 22:37:24,931 - services - INFO - [services.py:1051] - [HTTP] GET /memory from 127.0.0.1
2025-10-30 22:37:24,932 - services - INFO - [services.py:1056] - [HTTP] /memory - Status: 200 - Time: 0.001s
2025-10-30 22:37:34,932 - services - INFO - [services.py:1051] - [HTTP] GET /memory from 127.0.0.1
2025-10-30 22:37:34,933 - services - INFO - [services.py:1056] - [HTTP] /memory - Status: 200 - Time: 0.002s
2025-10-30 22:37:45,174 - services - INFO - [services.py:1051] - [HTTP] GET /memory from 127.0.0.1
2025-10-30 22:37:45,175 - services - INFO - [services.py:1056] - [HTTP] /memory - Status: 200 - Time: 0.001s
2025-10-30 22:37:50,762 - services - INFO - [services.py:1051] - [HTTP] GET /health from 127.0.0.1
2025-10-30 22:37:50,763 - services - INFO - [services.py:1056] - [HTTP] /health - Status: 200 - Time: 0.001s
2025-10-30 22:37:55,197 - services - INFO - [services.py:1051] - [HTTP] GET /memory from 127.0.0.1
2025-10-30 22:37:55,199 - services - INFO - [services.py:1056] - [HTTP] /memory - Status: 200 - Time: 0.002s
2025-10-30 22:38:05,166 - services - INFO - [services.py:1051] - [HTTP] GET /memory from 127.0.0.1
2025-10-30 22:38:05,168 - services - INFO - [services.py:1056] - [HTTP] /memory - Status: 200 - Time: 0.001s
2025-10-30 22:38:15,131 - services - INFO - [services.py:1051] - [HTTP] GET /memory from 127.0.0.1
2025-10-30 22:38:15,132 - services - INFO - [services.py:1056] - [HTTP] /memory - Status: 200 - Time: 0.001s
2025-10-30 22:38:20,700 - services - INFO - [services.py:1051] - [HTTP] GET /health from 127.0.0.1
2025-10-30 22:38:20,700 - services - INFO - [services.py:1056] - [HTTP] /health - Status: 200 - Time: 0.001s
2025-10-30 22:38:25,134 - services - INFO - [services.py:1051] - [HTTP] GET /memory from 127.0.0.1
2025-10-30 22:38:25,135 - services - INFO - [services.py:1056] - [HTTP] /memory - Status: 200 - Time: 0.001s
2025-10-30 22:38:35,132 - services - INFO - [services.py:1051] - [HTTP] GET /memory from 127.0.0.1
2025-10-30 22:38:35,133 - services - INFO - [services.py:1056] - [HTTP] /memory - Status: 200 - Time: 0.001s
2025-10-30 22:38:45,139 - services - INFO - [services.py:1051] - [HTTP] GET /memory from 127.0.0.1
2025-10-30 22:38:45,141 - services - INFO - [services.py:1056] - [HTTP] /memory - Status: 200 - Time: 0.001s
2025-10-30 22:38:50,740 - services - INFO - [services.py:1051] - [HTTP] GET /health from 127.0.0.1
2025-10-30 22:38:50,741 - services - INFO - [services.py:1056] - [HTTP] /health - Status: 200 - Time: 0.001s
2025-10-30 22:38:55,136 - services - INFO - [services.py:1051] - [HTTP] GET /memory from 127.0.0.1
2025-10-30 22:38:55,138 - services - INFO - [services.py:1056] - [HTTP] /memory - Status: 200 - Time: 0.001s
2025-10-30 22:39:05,140 - services - INFO - [services.py:1051] - [HTTP] GET /memory from 127.0.0.1
2025-10-30 22:39:05,141 - services - INFO - [services.py:1056] - [HTTP] /memory - Status: 200 - Time: 0.001s
2025-10-30 22:39:15,140 - services - INFO - [services.py:1051] - [HTTP] GET /memory from 127.0.0.1
2025-10-30 22:39:15,142 - services - INFO - [services.py:1056] - [HTTP] /memory - Status: 200 - Time: 0.001s
2025-10-30 22:39:20,713 - services - INFO - [services.py:1051] - [HTTP] GET /health from 127.0.0.1
2025-10-30 22:39:20,714 - services - INFO - [services.py:1056] - [HTTP] /health - Status: 200 - Time: 0.001s
2025-10-30 22:39:25,141 - services - INFO - [services.py:1051] - [HTTP] GET /memory from 127.0.0.1
2025-10-30 22:39:25,143 - services - INFO - [services.py:1056] - [HTTP] /memory - Status: 200 - Time: 0.002s
2025-10-30 22:39:35,145 - services - INFO - [services.py:1051] - [HTTP] GET /memory from 127.0.0.1
2025-10-30 22:39:35,146 - services - INFO - [services.py:1056] - [HTTP] /memory - Status: 200 - Time: 0.001s
2025-10-30 22:39:45,156 - services - INFO - [services.py:1051] - [HTTP] GET /memory from 127.0.0.1
2025-10-30 22:39:45,158 - services - INFO - [services.py:1056] - [HTTP] /memory - Status: 200 - Time: 0.002s
2025-10-30 22:39:50,716 - services - INFO - [services.py:1051] - [HTTP] GET /health from 127.0.0.1
2025-10-30 22:39:50,717 - services - INFO - [services.py:1056] - [HTTP] /health - Status: 200 - Time: 0.001s
2025-10-30 22:39:55,196 - services - INFO - [services.py:1051] - [HTTP] GET /memory from 127.0.0.1
2025-10-30 22:39:55,198 - services - INFO - [services.py:1056] - [HTTP] /memory - Status: 200 - Time: 0.001s
2025-10-30 22:40:05,168 - services - INFO - [services.py:1051] - [HTTP] GET /memory from 127.0.0.1
2025-10-30 22:40:05,169 - services - INFO - [services.py:1056] - [HTTP] /memory - Status: 200 - Time: 0.001s
2025-10-30 22:40:15,504 - services - INFO - [services.py:1051] - [HTTP] GET /memory from 127.0.0.1
2025-10-30 22:40:15,506 - services - INFO - [services.py:1056] - [HTTP] /memory - Status: 200 - Time: 0.002s
2025-10-30 22:40:20,716 - services - INFO - [services.py:1051] - [HTTP] GET /health from 127.0.0.1
2025-10-30 22:40:20,717 - services - INFO - [services.py:1056] - [HTTP] /health - Status: 200 - Time: 0.001s
2025-10-30 22:40:25,531 - services - INFO - [services.py:1051] - [HTTP] GET /memory from 127.0.0.1
2025-10-30 22:40:25,532 - services - INFO - [services.py:1056] - [HTTP] /memory - Status: 200 - Time: 0.001s
2025-10-30 22:40:35,510 - services - INFO - [services.py:1051] - [HTTP] GET /memory from 127.0.0.1
2025-10-30 22:40:35,510 - services - INFO - [services.py:1056] - [HTTP] /memory - Status: 200 - Time: 0.001s
2025-10-30 22:40:45,511 - services - INFO - [services.py:1051] - [HTTP] GET /memory from 127.0.0.1
2025-10-30 22:40:45,513 - services - INFO - [services.py:1056] - [HTTP] /memory - Status: 200 - Time: 0.001s
2025-10-30 22:40:50,817 - services - INFO - [services.py:1051] - [HTTP] GET /health from 127.0.0.1
2025-10-30 22:40:50,818 - services - INFO - [services.py:1056] - [HTTP] /health - Status: 200 - Time: 0.001s
2025-10-30 22:40:55,729 - services - INFO - [services.py:1051] - [HTTP] GET /memory from 127.0.0.1
2025-10-30 22:40:55,730 - services - INFO - [services.py:1056] - [HTTP] /memory - Status: 200 - Time: 0.001s
2025-10-30 22:41:05,735 - services - INFO - [services.py:1051] - [HTTP] GET /memory from 127.0.0.1
2025-10-30 22:41:05,735 - services - INFO - [services.py:1056] - [HTTP] /memory - Status: 200 - Time: 0.001s
2025-10-30 22:41:15,731 - services - INFO - [services.py:1051] - [HTTP] GET /memory from 127.0.0.1
2025-10-30 22:41:15,731 - services - INFO - [services.py:1056] - [HTTP] /memory - Status: 200 - Time: 0.001s
2025-10-30 22:41:21,095 - services - INFO - [services.py:1051] - [HTTP] GET /health from 127.0.0.1
2025-10-30 22:41:21,096 - services - INFO - [services.py:1056] - [HTTP] /health - Status: 200 - Time: 0.001s
2025-10-30 22:41:25,732 - services - INFO - [services.py:1051] - [HTTP] GET /memory from 127.0.0.1
2025-10-30 22:41:25,733 - services - INFO - [services.py:1056] - [HTTP] /memory - Status: 200 - Time: 0.001s
2025-10-30 22:41:35,733 - services - INFO - [services.py:1051] - [HTTP] GET /memory from 127.0.0.1
2025-10-30 22:41:35,733 - services - INFO - [services.py:1056] - [HTTP] /memory - Status: 200 - Time: 0.001s
2025-10-30 22:41:45,737 - services - INFO - [services.py:1051] - [HTTP] GET /memory from 127.0.0.1
2025-10-30 22:41:45,738 - services - INFO - [services.py:1056] - [HTTP] /memory - Status: 200 - Time: 0.001s
2025-10-30 22:41:51,092 - services - INFO - [services.py:1051] - [HTTP] GET /health from 127.0.0.1
2025-10-30 22:41:51,093 - services - INFO - [services.py:1056] - [HTTP] /health - Status: 200 - Time: 0.001s
2025-10-30 22:41:55,739 - services - INFO - [services.py:1051] - [HTTP] GET /memory from 127.0.0.1
2025-10-30 22:41:55,740 - services - INFO - [services.py:1056] - [HTTP] /memory - Status: 200 - Time: 0.001s
2025-10-30 22:42:05,762 - services - INFO - [services.py:1051] - [HTTP] GET /memory from 127.0.0.1
2025-10-30 22:42:05,763 - services - INFO - [services.py:1056] - [HTTP] /memory - Status: 200 - Time: 0.002s
2025-10-30 22:42:16,159 - services - INFO - [services.py:1051] - [HTTP] GET /memory from 127.0.0.1
2025-10-30 22:42:16,160 - services - INFO - [services.py:1056] - [HTTP] /memory - Status: 200 - Time: 0.001s
2025-10-30 22:42:21,146 - services - INFO - [services.py:1051] - [HTTP] GET /health from 127.0.0.1
2025-10-30 22:42:21,147 - services - INFO - [services.py:1056] - [HTTP] /health - Status: 200 - Time: 0.001s
2025-10-30 22:42:26,128 - services - INFO - [services.py:1051] - [HTTP] GET /memory from 127.0.0.1
2025-10-30 22:42:26,130 - services - INFO - [services.py:1056] - [HTTP] /memory - Status: 200 - Time: 0.002s
2025-10-30 22:42:36,179 - services - INFO - [services.py:1051] - [HTTP] GET /memory from 127.0.0.1
2025-10-30 22:42:36,180 - services - INFO - [services.py:1056] - [HTTP] /memory - Status: 200 - Time: 0.001s
2025-10-30 22:42:46,141 - services - INFO - [services.py:1051] - [HTTP] GET /memory from 127.0.0.1
2025-10-30 22:42:46,142 - services - INFO - [services.py:1056] - [HTTP] /memory - Status: 200 - Time: 0.001s
2025-10-30 22:42:51,127 - services - INFO - [services.py:1051] - [HTTP] GET /health from 127.0.0.1
2025-10-30 22:42:51,128 - services - INFO - [services.py:1056] - [HTTP] /health - Status: 200 - Time: 0.001s
2025-10-30 22:42:56,145 - services - INFO - [services.py:1051] - [HTTP] GET /memory from 127.0.0.1
2025-10-30 22:42:56,147 - services - INFO - [services.py:1056] - [HTTP] /memory - Status: 200 - Time: 0.001s
2025-10-30 22:43:06,134 - services - INFO - [services.py:1051] - [HTTP] GET /memory from 127.0.0.1
2025-10-30 22:43:06,135 - services - INFO - [services.py:1056] - [HTTP] /memory - Status: 200 - Time: 0.001s
2025-10-30 22:43:16,177 - services - INFO - [services.py:1051] - [HTTP] GET /memory from 127.0.0.1
2025-10-30 22:43:16,179 - services - INFO - [services.py:1056] - [HTTP] /memory - Status: 200 - Time: 0.002s
2025-10-30 22:43:21,316 - services - INFO - [services.py:1051] - [HTTP] GET /health from 127.0.0.1
2025-10-30 22:43:21,317 - services - INFO - [services.py:1056] - [HTTP] /health - Status: 200 - Time: 0.001s
2025-10-30 22:43:26,149 - services - INFO - [services.py:1051] - [HTTP] GET /memory from 127.0.0.1
2025-10-30 22:43:26,150 - services - INFO - [services.py:1056] - [HTTP] /memory - Status: 200 - Time: 0.001s
2025-10-30 22:43:36,139 - services - INFO - [services.py:1051] - [HTTP] GET /memory from 127.0.0.1
2025-10-30 22:43:36,141 - services - INFO - [services.py:1056] - [HTTP] /memory - Status: 200 - Time: 0.001s
2025-10-30 22:43:46,145 - services - INFO - [services.py:1051] - [HTTP] GET /memory from 127.0.0.1
2025-10-30 22:43:46,147 - services - INFO - [services.py:1056] - [HTTP] /memory - Status: 200 - Time: 0.001s
2025-10-30 22:43:51,442 - services - INFO - [services.py:1051] - [HTTP] GET /health from 127.0.0.1
2025-10-30 22:43:51,443 - services - INFO - [services.py:1056] - [HTTP] /health - Status: 200 - Time: 0.001s
2025-10-30 22:43:56,150 - services - INFO - [services.py:1051] - [HTTP] GET /memory from 127.0.0.1
2025-10-30 22:43:56,151 - services - INFO - [services.py:1056] - [HTTP] /memory - Status: 200 - Time: 0.002s
2025-10-30 22:44:06,222 - services - INFO - [services.py:1051] - [HTTP] GET /memory from 127.0.0.1
2025-10-30 22:44:06,223 - services - INFO - [services.py:1056] - [HTTP] /memory - Status: 200 - Time: 0.001s
2025-10-30 22:44:16,505 - services - INFO - [services.py:1051] - [HTTP] GET /memory from 127.0.0.1
2025-10-30 22:44:16,506 - services - INFO - [services.py:1056] - [HTTP] /memory - Status: 200 - Time: 0.001s
2025-10-30 22:44:21,498 - services - INFO - [services.py:1051] - [HTTP] GET /health from 127.0.0.1
2025-10-30 22:44:21,499 - services - INFO - [services.py:1056] - [HTTP] /health - Status: 200 - Time: 0.001s
2025-10-30 22:44:26,528 - services - INFO - [services.py:1051] - [HTTP] GET /memory from 127.0.0.1
2025-10-30 22:44:26,530 - services - INFO - [services.py:1056] - [HTTP] /memory - Status: 200 - Time: 0.002s
2025-10-30 22:44:36,588 - services - INFO - [services.py:1051] - [HTTP] GET /memory from 127.0.0.1
2025-10-30 22:44:36,589 - services - INFO - [services.py:1056] - [HTTP] /memory - Status: 200 - Time: 0.001s
2025-10-30 22:44:46,524 - services - INFO - [services.py:1051] - [HTTP] GET /memory from 127.0.0.1
2025-10-30 22:44:46,526 - services - INFO - [services.py:1056] - [HTTP] /memory - Status: 200 - Time: 0.001s
2025-10-30 22:44:51,444 - services - INFO - [services.py:1051] - [HTTP] GET /health from 127.0.0.1
2025-10-30 22:44:51,445 - services - INFO - [services.py:1056] - [HTTP] /health - Status: 200 - Time: 0.001s
2025-10-30 22:44:56,525 - services - INFO - [services.py:1051] - [HTTP] GET /memory from 127.0.0.1
2025-10-30 22:44:56,526 - services - INFO - [services.py:1056] - [HTTP] /memory - Status: 200 - Time: 0.001s
2025-10-30 22:45:06,563 - services - INFO - [services.py:1051] - [HTTP] GET /memory from 127.0.0.1
2025-10-30 22:45:06,564 - services - INFO - [services.py:1056] - [HTTP] /memory - Status: 200 - Time: 0.001s
2025-10-30 22:45:16,526 - services - INFO - [services.py:1051] - [HTTP] GET /memory from 127.0.0.1
2025-10-30 22:45:16,527 - services - INFO - [services.py:1056] - [HTTP] /memory - Status: 200 - Time: 0.001s
2025-10-30 22:45:21,830 - services - INFO - [services.py:1051] - [HTTP] GET /health from 127.0.0.1
2025-10-30 22:45:21,831 - services - INFO - [services.py:1056] - [HTTP] /health - Status: 200 - Time: 0.001s
2025-10-30 22:45:26,527 - services - INFO - [services.py:1051] - [HTTP] GET /memory from 127.0.0.1
2025-10-30 22:45:26,529 - services - INFO - [services.py:1056] - [HTTP] /memory - Status: 200 - Time: 0.002s
2025-10-30 22:45:36,521 - services - INFO - [services.py:1051] - [HTTP] GET /memory from 127.0.0.1
2025-10-30 22:45:36,522 - services - INFO - [services.py:1056] - [HTTP] /memory - Status: 200 - Time: 0.001s
2025-10-30 22:45:46,519 - services - INFO - [services.py:1051] - [HTTP] GET /memory from 127.0.0.1
2025-10-30 22:45:46,520 - services - INFO - [services.py:1056] - [HTTP] /memory - Status: 200 - Time: 0.001s
2025-10-30 22:45:51,884 - services - INFO - [services.py:1051] - [HTTP] GET /health from 127.0.0.1
2025-10-30 22:45:51,885 - services - INFO - [services.py:1056] - [HTTP] /health - Status: 200 - Time: 0.001s
2025-10-30 22:45:56,524 - services - INFO - [services.py:1051] - [HTTP] GET /memory from 127.0.0.1
2025-10-30 22:45:56,525 - services - INFO - [services.py:1056] - [HTTP] /memory - Status: 200 - Time: 0.001s
2025-10-30 22:46:06,536 - services - INFO - [services.py:1051] - [HTTP] GET /memory from 127.0.0.1
2025-10-30 22:46:06,537 - services - INFO - [services.py:1056] - [HTTP] /memory - Status: 200 - Time: 0.001s
2025-10-30 22:46:16,929 - services - INFO - [services.py:1051] - [HTTP] GET /memory from 127.0.0.1
2025-10-30 22:46:16,930 - services - INFO - [services.py:1056] - [HTTP] /memory - Status: 200 - Time: 0.001s
2025-10-30 22:46:21,886 - services - INFO - [services.py:1051] - [HTTP] GET /health from 127.0.0.1
2025-10-30 22:46:21,886 - services - INFO - [services.py:1056] - [HTTP] /health - Status: 200 - Time: 0.001s
2025-10-30 22:46:26,912 - services - INFO - [services.py:1051] - [HTTP] GET /memory from 127.0.0.1
2025-10-30 22:46:26,913 - services - INFO - [services.py:1056] - [HTTP] /memory - Status: 200 - Time: 0.001s
2025-10-30 22:46:36,923 - services - INFO - [services.py:1051] - [HTTP] GET /memory from 127.0.0.1
2025-10-30 22:46:36,924 - services - INFO - [services.py:1056] - [HTTP] /memory - Status: 200 - Time: 0.001s
2025-10-30 22:46:46,920 - services - INFO - [services.py:1051] - [HTTP] GET /memory from 127.0.0.1
2025-10-30 22:46:46,921 - services - INFO - [services.py:1056] - [HTTP] /memory - Status: 200 - Time: 0.001s
2025-10-30 22:46:51,881 - services - INFO - [services.py:1051] - [HTTP] GET /health from 127.0.0.1
2025-10-30 22:46:51,882 - services - INFO - [services.py:1056] - [HTTP] /health - Status: 200 - Time: 0.001s
2025-10-30 22:46:56,917 - services - INFO - [services.py:1051] - [HTTP] GET /memory from 127.0.0.1
2025-10-30 22:46:56,918 - services - INFO - [services.py:1056] - [HTTP] /memory - Status: 200 - Time: 0.001s
2025-10-30 22:47:06,926 - services - INFO - [services.py:1051] - [HTTP] GET /memory from 127.0.0.1
2025-10-30 22:47:06,927 - services - INFO - [services.py:1056] - [HTTP] /memory - Status: 200 - Time: 0.001s
2025-10-30 22:47:16,937 - services - INFO - [services.py:1051] - [HTTP] GET /memory from 127.0.0.1
2025-10-30 22:47:16,939 - services - INFO - [services.py:1056] - [HTTP] /memory - Status: 200 - Time: 0.001s
2025-10-30 22:47:22,243 - services - INFO - [services.py:1051] - [HTTP] GET /health from 127.0.0.1
2025-10-30 22:47:22,244 - services - INFO - [services.py:1056] - [HTTP] /health - Status: 200 - Time: 0.001s
2025-10-30 22:47:26,924 - services - INFO - [services.py:1051] - [HTTP] GET /memory from 127.0.0.1
2025-10-30 22:47:26,925 - services - INFO - [services.py:1056] - [HTTP] /memory - Status: 200 - Time: 0.001s
2025-10-30 22:47:36,922 - services - INFO - [services.py:1051] - [HTTP] GET /memory from 127.0.0.1
2025-10-30 22:47:36,924 - services - INFO - [services.py:1056] - [HTTP] /memory - Status: 200 - Time: 0.002s
2025-10-30 22:47:46,923 - services - INFO - [services.py:1051] - [HTTP] GET /memory from 127.0.0.1
2025-10-30 22:47:46,923 - services - INFO - [services.py:1056] - [HTTP] /memory - Status: 200 - Time: 0.001s
2025-10-30 22:47:52,241 - services - INFO - [services.py:1051] - [HTTP] GET /health from 127.0.0.1
2025-10-30 22:47:52,242 - services - INFO - [services.py:1056] - [HTTP] /health - Status: 200 - Time: 0.001s
2025-10-30 22:47:56,937 - services - INFO - [services.py:1051] - [HTTP] GET /memory from 127.0.0.1
2025-10-30 22:47:56,939 - services - INFO - [services.py:1056] - [HTTP] /memory - Status: 200 - Time: 0.001s
2025-10-30 22:48:06,930 - services - INFO - [services.py:1051] - [HTTP] GET /memory from 127.0.0.1
2025-10-30 22:48:06,932 - services - INFO - [services.py:1056] - [HTTP] /memory - Status: 200 - Time: 0.002s
2025-10-30 22:48:17,300 - services - INFO - [services.py:1051] - [HTTP] GET /memory from 127.0.0.1
2025-10-30 22:48:17,301 - services - INFO - [services.py:1056] - [HTTP] /memory - Status: 200 - Time: 0.001s
2025-10-30 22:48:22,399 - services - INFO - [services.py:1051] - [HTTP] GET /health from 127.0.0.1
2025-10-30 22:48:22,400 - services - INFO - [services.py:1056] - [HTTP] /health - Status: 200 - Time: 0.001s
2025-10-30 22:48:27,306 - services - INFO - [services.py:1051] - [HTTP] GET /memory from 127.0.0.1
2025-10-30 22:48:27,307 - services - INFO - [services.py:1056] - [HTTP] /memory - Status: 200 - Time: 0.001s
2025-10-30 22:48:37,305 - services - INFO - [services.py:1051] - [HTTP] GET /memory from 127.0.0.1
2025-10-30 22:48:37,306 - services - INFO - [services.py:1056] - [HTTP] /memory - Status: 200 - Time: 0.001s
2025-10-30 22:48:47,326 - services - INFO - [services.py:1051] - [HTTP] GET /memory from 127.0.0.1
2025-10-30 22:48:47,328 - services - INFO - [services.py:1056] - [HTTP] /memory - Status: 200 - Time: 0.001s
2025-10-30 22:48:52,241 - services - INFO - [services.py:1051] - [HTTP] GET /health from 127.0.0.1
2025-10-30 22:48:52,242 - services - INFO - [services.py:1056] - [HTTP] /health - Status: 200 - Time: 0.001s
2025-10-30 22:48:57,319 - services - INFO - [services.py:1051] - [HTTP] GET /memory from 127.0.0.1
2025-10-30 22:48:57,320 - services - INFO - [services.py:1056] - [HTTP] /memory - Status: 200 - Time: 0.001s
2025-10-30 22:49:07,311 - services - INFO - [services.py:1051] - [HTTP] GET /memory from 127.0.0.1
2025-10-30 22:49:07,313 - services - INFO - [services.py:1056] - [HTTP] /memory - Status: 200 - Time: 0.002s
2025-10-30 22:49:17,353 - services - INFO - [services.py:1051] - [HTTP] GET /memory from 127.0.0.1
2025-10-30 22:49:17,354 - services - INFO - [services.py:1056] - [HTTP] /memory - Status: 200 - Time: 0.001s
2025-10-30 22:49:22,659 - services - INFO - [services.py:1051] - [HTTP] GET /health from 127.0.0.1
2025-10-30 22:49:22,659 - services - INFO - [services.py:1056] - [HTTP] /health - Status: 200 - Time: 0.001s
2025-10-30 22:49:27,307 - services - INFO - [services.py:1051] - [HTTP] GET /memory from 127.0.0.1
2025-10-30 22:49:27,309 - services - INFO - [services.py:1056] - [HTTP] /memory - Status: 200 - Time: 0.002s
2025-10-30 22:49:37,324 - services - INFO - [services.py:1051] - [HTTP] GET /memory from 127.0.0.1
2025-10-30 22:49:37,326 - services - INFO - [services.py:1056] - [HTTP] /memory - Status: 200 - Time: 0.001s
2025-10-30 22:49:47,369 - services - INFO - [services.py:1051] - [HTTP] GET /memory from 127.0.0.1
2025-10-30 22:49:47,371 - services - INFO - [services.py:1056] - [HTTP] /memory - Status: 200 - Time: 0.001s
2025-10-30 22:49:52,634 - services - INFO - [services.py:1051] - [HTTP] GET /health from 127.0.0.1
2025-10-30 22:49:52,634 - services - INFO - [services.py:1056] - [HTTP] /health - Status: 200 - Time: 0.001s
2025-10-30 22:49:57,331 - services - INFO - [services.py:1051] - [HTTP] GET /memory from 127.0.0.1
2025-10-30 22:49:57,333 - services - INFO - [services.py:1056] - [HTTP] /memory - Status: 200 - Time: 0.001s
2025-10-30 22:50:07,322 - services - INFO - [services.py:1051] - [HTTP] GET /memory from 127.0.0.1
2025-10-30 22:50:07,323 - services - INFO - [services.py:1056] - [HTTP] /memory - Status: 200 - Time: 0.001s
2025-10-30 22:50:17,722 - services - INFO - [services.py:1051] - [HTTP] GET /memory from 127.0.0.1
2025-10-30 22:50:17,723 - services - INFO - [services.py:1056] - [HTTP] /memory - Status: 200 - Time: 0.001s
2025-10-30 22:50:22,670 - services - INFO - [services.py:1051] - [HTTP] GET /health from 127.0.0.1
2025-10-30 22:50:22,670 - services - INFO - [services.py:1056] - [HTTP] /health - Status: 200 - Time: 0.001s
2025-10-30 22:50:27,666 - services - INFO - [services.py:1051] - [HTTP] GET /memory from 127.0.0.1
2025-10-30 22:50:27,668 - services - INFO - [services.py:1056] - [HTTP] /memory - Status: 200 - Time: 0.001s
2025-10-30 22:50:37,676 - services - INFO - [services.py:1051] - [HTTP] GET /memory from 127.0.0.1
2025-10-30 22:50:37,677 - services - INFO - [services.py:1056] - [HTTP] /memory - Status: 200 - Time: 0.001s
2025-10-30 22:50:47,675 - services - INFO - [services.py:1051] - [HTTP] GET /memory from 127.0.0.1
2025-10-30 22:50:47,676 - services - INFO - [services.py:1056] - [HTTP] /memory - Status: 200 - Time: 0.001s
2025-10-30 22:50:52,650 - services - INFO - [services.py:1051] - [HTTP] GET /health from 127.0.0.1
2025-10-30 22:50:52,650 - services - INFO - [services.py:1056] - [HTTP] /health - Status: 200 - Time: 0.001s
2025-10-30 22:50:57,668 - services - INFO - [services.py:1051] - [HTTP] GET /memory from 127.0.0.1
2025-10-30 22:50:57,669 - services - INFO - [services.py:1056] - [HTTP] /memory - Status: 200 - Time: 0.001s
2025-10-30 22:51:07,692 - services - INFO - [services.py:1051] - [HTTP] GET /memory from 127.0.0.1
2025-10-30 22:51:07,692 - services - INFO - [services.py:1056] - [HTTP] /memory - Status: 200 - Time: 0.001s
2025-10-30 22:51:17,771 - services - INFO - [services.py:1051] - [HTTP] GET /memory from 127.0.0.1
2025-10-30 22:51:17,772 - services - INFO - [services.py:1056] - [HTTP] /memory - Status: 200 - Time: 0.001s
2025-10-30 22:51:22,681 - services - INFO - [services.py:1051] - [HTTP] GET /health from 127.0.0.1
2025-10-30 22:51:22,682 - services - INFO - [services.py:1056] - [HTTP] /health - Status: 200 - Time: 0.001s
2025-10-30 22:51:27,670 - services - INFO - [services.py:1051] - [HTTP] GET /memory from 127.0.0.1
2025-10-30 22:51:27,671 - services - INFO - [services.py:1056] - [HTTP] /memory - Status: 200 - Time: 0.001s
2025-10-30 22:51:37,691 - services - INFO - [services.py:1051] - [HTTP] GET /memory from 127.0.0.1
2025-10-30 22:51:37,692 - services - INFO - [services.py:1056] - [HTTP] /memory - Status: 200 - Time: 0.001s
2025-10-30 22:51:47,846 - services - INFO - [services.py:1051] - [HTTP] GET /memory from 127.0.0.1
2025-10-30 22:51:47,847 - services - INFO - [services.py:1056] - [HTTP] /memory - Status: 200 - Time: 0.001s
2025-10-30 22:51:53,042 - services - INFO - [services.py:1051] - [HTTP] GET /health from 127.0.0.1
2025-10-30 22:51:53,042 - services - INFO - [services.py:1056] - [HTTP] /health - Status: 200 - Time: 0.001s
2025-10-30 22:51:57,736 - services - INFO - [services.py:1051] - [HTTP] GET /memory from 127.0.0.1
2025-10-30 22:51:57,738 - services - INFO - [services.py:1056] - [HTTP] /memory - Status: 200 - Time: 0.001s
2025-10-30 22:52:07,739 - services - INFO - [services.py:1051] - [HTTP] GET /memory from 127.0.0.1
2025-10-30 22:52:07,740 - services - INFO - [services.py:1056] - [HTTP] /memory - Status: 200 - Time: 0.001s
2025-10-30 22:52:18,299 - services - INFO - [services.py:1051] - [HTTP] GET /memory from 127.0.0.1
2025-10-30 22:52:18,300 - services - INFO - [services.py:1056] - [HTTP] /memory - Status: 200 - Time: 0.001s
2025-10-30 22:52:23,077 - services - INFO - [services.py:1051] - [HTTP] GET /health from 127.0.0.1
2025-10-30 22:52:23,078 - services - INFO - [services.py:1056] - [HTTP] /health - Status: 200 - Time: 0.001s
2025-10-30 22:52:28,199 - services - INFO - [services.py:1051] - [HTTP] GET /memory from 127.0.0.1
2025-10-30 22:52:28,200 - services - INFO - [services.py:1056] - [HTTP] /memory - Status: 200 - Time: 0.001s
2025-10-30 22:52:38,116 - services - INFO - [services.py:1051] - [HTTP] GET /memory from 127.0.0.1
2025-10-30 22:52:38,117 - services - INFO - [services.py:1056] - [HTTP] /memory - Status: 200 - Time: 0.001s
2025-10-30 22:52:48,095 - services - INFO - [services.py:1051] - [HTTP] GET /memory from 127.0.0.1
2025-10-30 22:52:48,096 - services - INFO - [services.py:1056] - [HTTP] /memory - Status: 200 - Time: 0.001s
2025-10-30 22:52:53,035 - services - INFO - [services.py:1051] - [HTTP] GET /health from 127.0.0.1
2025-10-30 22:52:53,036 - services - INFO - [services.py:1056] - [HTTP] /health - Status: 200 - Time: 0.001s
2025-10-30 22:52:58,097 - services - INFO - [services.py:1051] - [HTTP] GET /memory from 127.0.0.1
2025-10-30 22:52:58,099 - services - INFO - [services.py:1056] - [HTTP] /memory - Status: 200 - Time: 0.001s
2025-10-30 22:53:08,134 - services - INFO - [services.py:1051] - [HTTP] GET /memory from 127.0.0.1
2025-10-30 22:53:08,135 - services - INFO - [services.py:1056] - [HTTP] /memory - Status: 200 - Time: 0.001s
2025-10-30 22:53:18,099 - services - INFO - [services.py:1051] - [HTTP] GET /memory from 127.0.0.1
2025-10-30 22:53:18,100 - services - INFO - [services.py:1056] - [HTTP] /memory - Status: 200 - Time: 0.001s
2025-10-30 22:53:23,516 - services - INFO - [services.py:1051] - [HTTP] GET /health from 127.0.0.1
2025-10-30 22:53:23,517 - services - INFO - [services.py:1056] - [HTTP] /health - Status: 200 - Time: 0.001s
2025-10-30 22:53:28,096 - services - INFO - [services.py:1051] - [HTTP] GET /memory from 127.0.0.1
2025-10-30 22:53:28,097 - services - INFO - [services.py:1056] - [HTTP] /memory - Status: 200 - Time: 0.001s
2025-10-30 22:53:38,097 - services - INFO - [services.py:1051] - [HTTP] GET /memory from 127.0.0.1
2025-10-30 22:53:38,098 - services - INFO - [services.py:1056] - [HTTP] /memory - Status: 200 - Time: 0.001s
2025-10-30 22:53:48,090 - services - INFO - [services.py:1051] - [HTTP] GET /memory from 127.0.0.1
2025-10-30 22:53:48,091 - services - INFO - [services.py:1056] - [HTTP] /memory - Status: 200 - Time: 0.001s
2025-10-30 22:53:53,519 - services - INFO - [services.py:1051] - [HTTP] GET /health from 127.0.0.1
2025-10-30 22:53:53,520 - services - INFO - [services.py:1056] - [HTTP] /health - Status: 200 - Time: 0.001s
2025-10-30 22:53:58,094 - services - INFO - [services.py:1051] - [HTTP] GET /memory from 127.0.0.1
2025-10-30 22:53:58,095 - services - INFO - [services.py:1056] - [HTTP] /memory - Status: 200 - Time: 0.001s
2025-10-30 22:54:08,093 - services - INFO - [services.py:1051] - [HTTP] GET /memory from 127.0.0.1
2025-10-30 22:54:08,094 - services - INFO - [services.py:1056] - [HTTP] /memory - Status: 200 - Time: 0.001s
2025-10-30 22:54:18,463 - services - INFO - [services.py:1051] - [HTTP] GET /memory from 127.0.0.1
2025-10-30 22:54:18,465 - services - INFO - [services.py:1056] - [HTTP] /memory - Status: 200 - Time: 0.001s
2025-10-30 22:54:23,515 - services - INFO - [services.py:1051] - [HTTP] GET /health from 127.0.0.1
2025-10-30 22:54:23,515 - services - INFO - [services.py:1056] - [HTTP] /health - Status: 200 - Time: 0.001s
2025-10-30 22:54:28,465 - services - INFO - [services.py:1051] - [HTTP] GET /memory from 127.0.0.1
2025-10-30 22:54:28,466 - services - INFO - [services.py:1056] - [HTTP] /memory - Status: 200 - Time: 0.001s
2025-10-30 22:54:38,461 - services - INFO - [services.py:1051] - [HTTP] GET /memory from 127.0.0.1
2025-10-30 22:54:38,463 - services - INFO - [services.py:1056] - [HTTP] /memory - Status: 200 - Time: 0.002s
2025-10-30 22:54:48,460 - services - INFO - [services.py:1051] - [HTTP] GET /memory from 127.0.0.1
2025-10-30 22:54:48,461 - services - INFO - [services.py:1056] - [HTTP] /memory - Status: 200 - Time: 0.001s
2025-10-30 22:54:53,517 - services - INFO - [services.py:1051] - [HTTP] GET /health from 127.0.0.1
2025-10-30 22:54:53,518 - services - INFO - [services.py:1056] - [HTTP] /health - Status: 200 - Time: 0.001s
2025-10-30 22:54:58,522 - services - INFO - [services.py:1051] - [HTTP] GET /memory from 127.0.0.1
2025-10-30 22:54:58,523 - services - INFO - [services.py:1056] - [HTTP] /memory - Status: 200 - Time: 0.001s
2025-10-30 22:55:08,527 - services - INFO - [services.py:1051] - [HTTP] GET /memory from 127.0.0.1
2025-10-30 22:55:08,529 - services - INFO - [services.py:1056] - [HTTP] /memory - Status: 200 - Time: 0.002s
2025-10-30 22:55:18,534 - services - INFO - [services.py:1051] - [HTTP] GET /memory from 127.0.0.1
2025-10-30 22:55:18,535 - services - INFO - [services.py:1056] - [HTTP] /memory - Status: 200 - Time: 0.001s
2025-10-30 22:55:23,866 - services - INFO - [services.py:1051] - [HTTP] GET /health from 127.0.0.1
2025-10-30 22:55:23,866 - services - INFO - [services.py:1056] - [HTTP] /health - Status: 200 - Time: 0.001s
2025-10-30 22:55:28,523 - services - INFO - [services.py:1051] - [HTTP] GET /memory from 127.0.0.1
2025-10-30 22:55:28,525 - services - INFO - [services.py:1056] - [HTTP] /memory - Status: 200 - Time: 0.001s
2025-10-30 22:55:38,531 - services - INFO - [services.py:1051] - [HTTP] GET /memory from 127.0.0.1
2025-10-30 22:55:38,532 - services - INFO - [services.py:1056] - [HTTP] /memory - Status: 200 - Time: 0.001s
2025-10-30 22:55:48,528 - services - INFO - [services.py:1051] - [HTTP] GET /memory from 127.0.0.1
2025-10-30 22:55:48,529 - services - INFO - [services.py:1056] - [HTTP] /memory - Status: 200 - Time: 0.001s
2025-10-30 22:55:53,864 - services - INFO - [services.py:1051] - [HTTP] GET /health from 127.0.0.1
2025-10-30 22:55:53,865 - services - INFO - [services.py:1056] - [HTTP] /health - Status: 200 - Time: 0.001s
2025-10-30 22:55:59,048 - services - INFO - [services.py:1051] - [HTTP] GET /memory from 127.0.0.1
2025-10-30 22:55:59,050 - services - INFO - [services.py:1056] - [HTTP] /memory - Status: 200 - Time: 0.002s
2025-10-30 22:56:09,047 - services - INFO - [services.py:1051] - [HTTP] GET /memory from 127.0.0.1
2025-10-30 22:56:09,048 - services - INFO - [services.py:1056] - [HTTP] /memory - Status: 200 - Time: 0.001s
2025-10-30 22:56:19,268 - services - INFO - [services.py:1051] - [HTTP] GET /memory from 127.0.0.1
2025-10-30 22:56:19,269 - services - INFO - [services.py:1056] - [HTTP] /memory - Status: 200 - Time: 0.001s
2025-10-30 22:56:23,869 - services - INFO - [services.py:1051] - [HTTP] GET /health from 127.0.0.1
2025-10-30 22:56:23,871 - services - INFO - [services.py:1056] - [HTTP] /health - Status: 200 - Time: 0.001s
2025-10-30 22:56:29,269 - services - INFO - [services.py:1051] - [HTTP] GET /memory from 127.0.0.1
2025-10-30 22:56:29,270 - services - INFO - [services.py:1056] - [HTTP] /memory - Status: 200 - Time: 0.001s
2025-10-30 22:56:39,260 - services - INFO - [services.py:1051] - [HTTP] GET /memory from 127.0.0.1
2025-10-30 22:56:39,262 - services - INFO - [services.py:1056] - [HTTP] /memory - Status: 200 - Time: 0.001s
2025-10-30 22:56:49,263 - services - INFO - [services.py:1051] - [HTTP] GET /memory from 127.0.0.1
2025-10-30 22:56:49,264 - services - INFO - [services.py:1056] - [HTTP] /memory - Status: 200 - Time: 0.001s
2025-10-30 22:56:53,872 - services - INFO - [services.py:1051] - [HTTP] GET /health from 127.0.0.1
2025-10-30 22:56:53,873 - services - INFO - [services.py:1056] - [HTTP] /health - Status: 200 - Time: 0.001s
2025-10-30 22:56:59,874 - services - INFO - [services.py:1051] - [HTTP] GET /memory from 127.0.0.1
2025-10-30 22:56:59,875 - services - INFO - [services.py:1056] - [HTTP] /memory - Status: 200 - Time: 0.001s
2025-10-30 22:57:09,877 - services - INFO - [services.py:1051] - [HTTP] GET /memory from 127.0.0.1
2025-10-30 22:57:09,878 - services - INFO - [services.py:1056] - [HTTP] /memory - Status: 200 - Time: 0.001s
2025-10-30 22:57:19,878 - services - INFO - [services.py:1051] - [HTTP] GET /memory from 127.0.0.1
2025-10-30 22:57:19,879 - services - INFO - [services.py:1056] - [HTTP] /memory - Status: 200 - Time: 0.001s
2025-10-30 22:57:24,233 - services - INFO - [services.py:1051] - [HTTP] GET /health from 127.0.0.1
2025-10-30 22:57:24,234 - services - INFO - [services.py:1056] - [HTTP] /health - Status: 200 - Time: 0.001s
2025-10-30 22:57:29,867 - services - INFO - [services.py:1051] - [HTTP] GET /memory from 127.0.0.1
2025-10-30 22:57:29,868 - services - INFO - [services.py:1056] - [HTTP] /memory - Status: 200 - Time: 0.001s
2025-10-30 22:57:39,877 - services - INFO - [services.py:1051] - [HTTP] GET /memory from 127.0.0.1
2025-10-30 22:57:39,878 - services - INFO - [services.py:1056] - [HTTP] /memory - Status: 200 - Time: 0.001s
2025-10-30 22:57:49,881 - services - INFO - [services.py:1051] - [HTTP] GET /memory from 127.0.0.1
2025-10-30 22:57:49,882 - services - INFO - [services.py:1056] - [HTTP] /memory - Status: 200 - Time: 0.001s
2025-10-30 22:57:54,232 - services - INFO - [services.py:1051] - [HTTP] GET /health from 127.0.0.1
2025-10-30 22:57:54,233 - services - INFO - [services.py:1056] - [HTTP] /health - Status: 200 - Time: 0.001s
2025-10-30 22:57:59,889 - services - INFO - [services.py:1051] - [HTTP] GET /memory from 127.0.0.1
2025-10-30 22:57:59,890 - services - INFO - [services.py:1056] - [HTTP] /memory - Status: 200 - Time: 0.001s
2025-10-30 22:58:09,872 - services - INFO - [services.py:1051] - [HTTP] GET /memory from 127.0.0.1
2025-10-30 22:58:09,873 - services - INFO - [services.py:1056] - [HTTP] /memory - Status: 200 - Time: 0.001s
2025-10-30 22:58:20,253 - services - INFO - [services.py:1051] - [HTTP] GET /memory from 127.0.0.1
2025-10-30 22:58:20,255 - services - INFO - [services.py:1056] - [HTTP] /memory - Status: 200 - Time: 0.002s
2025-10-30 22:58:24,230 - services - INFO - [services.py:1051] - [HTTP] GET /health from 127.0.0.1
2025-10-30 22:58:24,232 - services - INFO - [services.py:1056] - [HTTP] /health - Status: 200 - Time: 0.001s
2025-10-30 22:58:30,258 - services - INFO - [services.py:1051] - [HTTP] GET /memory from 127.0.0.1
2025-10-30 22:58:30,259 - services - INFO - [services.py:1056] - [HTTP] /memory - Status: 200 - Time: 0.001s
2025-10-30 22:58:40,256 - services - INFO - [services.py:1051] - [HTTP] GET /memory from 127.0.0.1
2025-10-30 22:58:40,257 - services - INFO - [services.py:1056] - [HTTP] /memory - Status: 200 - Time: 0.002s
2025-10-30 22:58:50,258 - services - INFO - [services.py:1051] - [HTTP] GET /memory from 127.0.0.1
2025-10-30 22:58:50,259 - services - INFO - [services.py:1056] - [HTTP] /memory - Status: 200 - Time: 0.001s
2025-10-30 22:58:54,241 - services - INFO - [services.py:1051] - [HTTP] GET /health from 127.0.0.1
2025-10-30 22:58:54,242 - services - INFO - [services.py:1056] - [HTTP] /health - Status: 200 - Time: 0.001s
2025-10-30 22:59:00,249 - services - INFO - [services.py:1051] - [HTTP] GET /memory from 127.0.0.1
2025-10-30 22:59:00,251 - services - INFO - [services.py:1056] - [HTTP] /memory - Status: 200 - Time: 0.001s
2025-10-30 22:59:10,251 - services - INFO - [services.py:1051] - [HTTP] GET /memory from 127.0.0.1
2025-10-30 22:59:10,252 - services - INFO - [services.py:1056] - [HTTP] /memory - Status: 200 - Time: 0.001s
2025-10-30 22:59:20,267 - services - INFO - [services.py:1051] - [HTTP] GET /memory from 127.0.0.1
2025-10-30 22:59:20,269 - services - INFO - [services.py:1056] - [HTTP] /memory - Status: 200 - Time: 0.002s
2025-10-30 22:59:24,586 - services - INFO - [services.py:1051] - [HTTP] GET /health from 127.0.0.1
2025-10-30 22:59:24,587 - services - INFO - [services.py:1056] - [HTTP] /health - Status: 200 - Time: 0.001s
2025-10-30 22:59:30,255 - services - INFO - [services.py:1051] - [HTTP] GET /memory from 127.0.0.1
2025-10-30 22:59:30,256 - services - INFO - [services.py:1056] - [HTTP] /memory - Status: 200 - Time: 0.001s
2025-10-30 22:59:40,256 - services - INFO - [services.py:1051] - [HTTP] GET /memory from 127.0.0.1
2025-10-30 22:59:40,257 - services - INFO - [services.py:1056] - [HTTP] /memory - Status: 200 - Time: 0.001s
2025-10-30 22:59:50,249 - services - INFO - [services.py:1051] - [HTTP] GET /memory from 127.0.0.1
2025-10-30 22:59:50,250 - services - INFO - [services.py:1056] - [HTTP] /memory - Status: 200 - Time: 0.001s
2025-10-30 22:59:54,681 - services - INFO - [services.py:1051] - [HTTP] GET /health from 127.0.0.1
2025-10-30 22:59:54,682 - services - INFO - [services.py:1056] - [HTTP] /health - Status: 200 - Time: 0.001s
2025-10-30 23:00:00,259 - services - INFO - [services.py:1051] - [HTTP] GET /memory from 127.0.0.1
2025-10-30 23:00:00,260 - services - INFO - [services.py:1056] - [HTTP] /memory - Status: 200 - Time: 0.001s
2025-10-30 23:00:10,258 - services - INFO - [services.py:1051] - [HTTP] GET /memory from 127.0.0.1
2025-10-30 23:00:10,260 - services - INFO - [services.py:1056] - [HTTP] /memory - Status: 200 - Time: 0.001s
2025-10-30 23:00:20,640 - services - INFO - [services.py:1051] - [HTTP] GET /memory from 127.0.0.1
2025-10-30 23:00:20,641 - services - INFO - [services.py:1056] - [HTTP] /memory - Status: 200 - Time: 0.001s
2025-10-30 23:00:24,780 - services - INFO - [services.py:1051] - [HTTP] GET /health from 127.0.0.1
2025-10-30 23:00:24,781 - services - INFO - [services.py:1056] - [HTTP] /health - Status: 200 - Time: 0.001s
2025-10-30 23:00:30,626 - services - INFO - [services.py:1051] - [HTTP] GET /memory from 127.0.0.1
2025-10-30 23:00:30,629 - services - INFO - [services.py:1056] - [HTTP] /memory - Status: 200 - Time: 0.002s
2025-10-30 23:00:40,654 - services - INFO - [services.py:1051] - [HTTP] GET /memory from 127.0.0.1
2025-10-30 23:00:40,655 - services - INFO - [services.py:1056] - [HTTP] /memory - Status: 200 - Time: 0.001s
2025-10-30 23:00:50,641 - services - INFO - [services.py:1051] - [HTTP] GET /memory from 127.0.0.1
2025-10-30 23:00:50,642 - services - INFO - [services.py:1056] - [HTTP] /memory - Status: 200 - Time: 0.001s
2025-10-30 23:00:54,668 - services - INFO - [services.py:1051] - [HTTP] GET /health from 127.0.0.1
2025-10-30 23:00:54,669 - services - INFO - [services.py:1056] - [HTTP] /health - Status: 200 - Time: 0.001s
2025-10-30 23:01:00,648 - services - INFO - [services.py:1051] - [HTTP] GET /memory from 127.0.0.1
2025-10-30 23:01:00,649 - services - INFO - [services.py:1056] - [HTTP] /memory - Status: 200 - Time: 0.001s
2025-10-30 23:01:10,638 - services - INFO - [services.py:1051] - [HTTP] GET /memory from 127.0.0.1
2025-10-30 23:01:10,639 - services - INFO - [services.py:1056] - [HTTP] /memory - Status: 200 - Time: 0.002s
2025-10-30 23:01:20,633 - services - INFO - [services.py:1051] - [HTTP] GET /memory from 127.0.0.1
2025-10-30 23:01:20,635 - services - INFO - [services.py:1056] - [HTTP] /memory - Status: 200 - Time: 0.001s
2025-10-30 23:01:25,000 - services - INFO - [services.py:1051] - [HTTP] GET /health from 127.0.0.1
2025-10-30 23:01:25,001 - services - INFO - [services.py:1056] - [HTTP] /health - Status: 200 - Time: 0.001s
2025-10-30 23:01:30,635 - services - INFO - [services.py:1051] - [HTTP] GET /memory from 127.0.0.1
2025-10-30 23:01:30,637 - services - INFO - [services.py:1056] - [HTTP] /memory - Status: 200 - Time: 0.002s
2025-10-30 23:01:40,937 - services - INFO - [services.py:1051] - [HTTP] GET /memory from 127.0.0.1
2025-10-30 23:01:40,938 - services - INFO - [services.py:1056] - [HTTP] /memory - Status: 200 - Time: 0.001s
2025-10-30 23:01:50,940 - services - INFO - [services.py:1051] - [HTTP] GET /memory from 127.0.0.1
2025-10-30 23:01:50,941 - services - INFO - [services.py:1056] - [HTTP] /memory - Status: 200 - Time: 0.001s
2025-10-30 23:01:55,131 - services - INFO - [services.py:1051] - [HTTP] GET /health from 127.0.0.1
2025-10-30 23:01:55,132 - services - INFO - [services.py:1056] - [HTTP] /health - Status: 200 - Time: 0.002s
2025-10-30 23:02:00,942 - services - INFO - [services.py:1051] - [HTTP] GET /memory from 127.0.0.1
2025-10-30 23:02:00,944 - services - INFO - [services.py:1056] - [HTTP] /memory - Status: 200 - Time: 0.002s
2025-10-30 23:02:10,935 - services - INFO - [services.py:1051] - [HTTP] GET /memory from 127.0.0.1
2025-10-30 23:02:10,937 - services - INFO - [services.py:1056] - [HTTP] /memory - Status: 200 - Time: 0.001s
2025-10-30 23:02:21,375 - services - INFO - [services.py:1051] - [HTTP] GET /memory from 127.0.0.1
2025-10-30 23:02:21,376 - services - INFO - [services.py:1056] - [HTTP] /memory - Status: 200 - Time: 0.001s
2025-10-30 23:02:25,126 - services - INFO - [services.py:1051] - [HTTP] GET /health from 127.0.0.1
2025-10-30 23:02:25,126 - services - INFO - [services.py:1056] - [HTTP] /health - Status: 200 - Time: 0.001s
2025-10-30 23:02:31,375 - services - INFO - [services.py:1051] - [HTTP] GET /memory from 127.0.0.1
2025-10-30 23:02:31,376 - services - INFO - [services.py:1056] - [HTTP] /memory - Status: 200 - Time: 0.001s
2025-10-30 23:02:41,378 - services - INFO - [services.py:1051] - [HTTP] GET /memory from 127.0.0.1
2025-10-30 23:02:41,379 - services - INFO - [services.py:1056] - [HTTP] /memory - Status: 200 - Time: 0.001s
2025-10-30 23:02:51,381 - services - INFO - [services.py:1051] - [HTTP] GET /memory from 127.0.0.1
2025-10-30 23:02:51,382 - services - INFO - [services.py:1056] - [HTTP] /memory - Status: 200 - Time: 0.001s
2025-10-30 23:02:55,133 - services - INFO - [services.py:1051] - [HTTP] GET /health from 127.0.0.1
2025-10-30 23:02:55,134 - services - INFO - [services.py:1056] - [HTTP] /health - Status: 200 - Time: 0.001s
2025-10-30 23:03:01,434 - services - INFO - [services.py:1051] - [HTTP] GET /memory from 127.0.0.1
2025-10-30 23:03:01,435 - services - INFO - [services.py:1056] - [HTTP] /memory - Status: 200 - Time: 0.001s
2025-10-30 23:03:11,475 - services - INFO - [services.py:1051] - [HTTP] GET /memory from 127.0.0.1
2025-10-30 23:03:11,476 - services - INFO - [services.py:1056] - [HTTP] /memory - Status: 200 - Time: 0.001s
2025-10-30 23:03:21,410 - services - INFO - [services.py:1051] - [HTTP] GET /memory from 127.0.0.1
2025-10-30 23:03:21,411 - services - INFO - [services.py:1056] - [HTTP] /memory - Status: 200 - Time: 0.001s
2025-10-30 23:03:25,133 - services - INFO - [services.py:1051] - [HTTP] GET /health from 127.0.0.1
2025-10-30 23:03:25,134 - services - INFO - [services.py:1056] - [HTTP] /health - Status: 200 - Time: 0.001s
2025-10-30 23:03:31,385 - services - INFO - [services.py:1051] - [HTTP] GET /memory from 127.0.0.1
2025-10-30 23:03:31,386 - services - INFO - [services.py:1056] - [HTTP] /memory - Status: 200 - Time: 0.001s
2025-10-30 23:03:41,425 - services - INFO - [services.py:1051] - [HTTP] GET /memory from 127.0.0.1
2025-10-30 23:03:41,427 - services - INFO - [services.py:1056] - [HTTP] /memory - Status: 200 - Time: 0.001s
2025-10-30 23:03:51,382 - services - INFO - [services.py:1051] - [HTTP] GET /memory from 127.0.0.1
2025-10-30 23:03:51,383 - services - INFO - [services.py:1056] - [HTTP] /memory - Status: 200 - Time: 0.001s
2025-10-30 23:03:55,138 - services - INFO - [services.py:1051] - [HTTP] GET /health from 127.0.0.1
2025-10-30 23:03:55,139 - services - INFO - [services.py:1056] - [HTTP] /health - Status: 200 - Time: 0.001s
2025-10-30 23:04:01,397 - services - INFO - [services.py:1051] - [HTTP] GET /memory from 127.0.0.1
2025-10-30 23:04:01,399 - services - INFO - [services.py:1056] - [HTTP] /memory - Status: 200 - Time: 0.002s
2025-10-30 23:04:11,382 - services - INFO - [services.py:1051] - [HTTP] GET /memory from 127.0.0.1
2025-10-30 23:04:11,383 - services - INFO - [services.py:1056] - [HTTP] /memory - Status: 200 - Time: 0.001s
2025-10-30 23:04:21,784 - services - INFO - [services.py:1051] - [HTTP] GET /memory from 127.0.0.1
2025-10-30 23:04:21,785 - services - INFO - [services.py:1056] - [HTTP] /memory - Status: 200 - Time: 0.001s
2025-10-30 23:04:25,126 - services - INFO - [services.py:1051] - [HTTP] GET /health from 127.0.0.1
2025-10-30 23:04:25,127 - services - INFO - [services.py:1056] - [HTTP] /health - Status: 200 - Time: 0.001s
2025-10-30 23:04:31,779 - services - INFO - [services.py:1051] - [HTTP] GET /memory from 127.0.0.1
2025-10-30 23:04:31,781 - services - INFO - [services.py:1056] - [HTTP] /memory - Status: 200 - Time: 0.002s
2025-10-30 23:04:41,786 - services - INFO - [services.py:1051] - [HTTP] GET /memory from 127.0.0.1
2025-10-30 23:04:41,787 - services - INFO - [services.py:1056] - [HTTP] /memory - Status: 200 - Time: 0.001s
2025-10-30 23:04:51,785 - services - INFO - [services.py:1051] - [HTTP] GET /memory from 127.0.0.1
2025-10-30 23:04:51,786 - services - INFO - [services.py:1056] - [HTTP] /memory - Status: 200 - Time: 0.001s
2025-10-30 23:04:55,134 - services - INFO - [services.py:1051] - [HTTP] GET /health from 127.0.0.1
2025-10-30 23:04:55,135 - services - INFO - [services.py:1056] - [HTTP] /health - Status: 200 - Time: 0.001s
2025-10-30 23:05:01,812 - services - INFO - [services.py:1051] - [HTTP] GET /memory from 127.0.0.1
2025-10-30 23:05:01,813 - services - INFO - [services.py:1056] - [HTTP] /memory - Status: 200 - Time: 0.001s
2025-10-30 23:05:11,823 - services - INFO - [services.py:1051] - [HTTP] GET /memory from 127.0.0.1
2025-10-30 23:05:11,824 - services - INFO - [services.py:1056] - [HTTP] /memory - Status: 200 - Time: 0.001s
2025-10-30 23:05:21,781 - services - INFO - [services.py:1051] - [HTTP] GET /memory from 127.0.0.1
2025-10-30 23:05:21,783 - services - INFO - [services.py:1056] - [HTTP] /memory - Status: 200 - Time: 0.001s
2025-10-30 23:05:25,168 - services - INFO - [services.py:1051] - [HTTP] GET /health from 127.0.0.1
2025-10-30 23:05:25,168 - services - INFO - [services.py:1056] - [HTTP] /health - Status: 200 - Time: 0.001s
2025-10-30 23:05:31,786 - services - INFO - [services.py:1051] - [HTTP] GET /memory from 127.0.0.1
2025-10-30 23:05:31,787 - services - INFO - [services.py:1056] - [HTTP] /memory - Status: 200 - Time: 0.001s
2025-10-30 23:05:41,796 - services - INFO - [services.py:1051] - [HTTP] GET /memory from 127.0.0.1
2025-10-30 23:05:41,798 - services - INFO - [services.py:1056] - [HTTP] /memory - Status: 200 - Time: 0.002s
2025-10-30 23:05:51,809 - services - INFO - [services.py:1051] - [HTTP] GET /memory from 127.0.0.1
2025-10-30 23:05:51,810 - services - INFO - [services.py:1056] - [HTTP] /memory - Status: 200 - Time: 0.001s
2025-10-30 23:05:55,148 - services - INFO - [services.py:1051] - [HTTP] GET /health from 127.0.0.1
2025-10-30 23:05:55,148 - services - INFO - [services.py:1056] - [HTTP] /health - Status: 200 - Time: 0.001s
2025-10-30 23:06:01,790 - services - INFO - [services.py:1051] - [HTTP] GET /memory from 127.0.0.1
2025-10-30 23:06:01,792 - services - INFO - [services.py:1056] - [HTTP] /memory - Status: 200 - Time: 0.001s
2025-10-30 23:06:11,785 - services - INFO - [services.py:1051] - [HTTP] GET /memory from 127.0.0.1
2025-10-30 23:06:11,786 - services - INFO - [services.py:1056] - [HTTP] /memory - Status: 200 - Time: 0.001s
2025-10-30 23:06:22,162 - services - INFO - [services.py:1051] - [HTTP] GET /memory from 127.0.0.1
2025-10-30 23:06:22,164 - services - INFO - [services.py:1056] - [HTTP] /memory - Status: 200 - Time: 0.001s
2025-10-30 23:06:25,149 - services - INFO - [services.py:1051] - [HTTP] GET /health from 127.0.0.1
2025-10-30 23:06:25,150 - services - INFO - [services.py:1056] - [HTTP] /health - Status: 200 - Time: 0.001s
2025-10-30 23:06:32,162 - services - INFO - [services.py:1051] - [HTTP] GET /memory from 127.0.0.1
2025-10-30 23:06:32,163 - services - INFO - [services.py:1056] - [HTTP] /memory - Status: 200 - Time: 0.001s
2025-10-30 23:06:42,163 - services - INFO - [services.py:1051] - [HTTP] GET /memory from 127.0.0.1
2025-10-30 23:06:42,164 - services - INFO - [services.py:1056] - [HTTP] /memory - Status: 200 - Time: 0.001s
2025-10-30 23:06:52,172 - services - INFO - [services.py:1051] - [HTTP] GET /memory from 127.0.0.1
2025-10-30 23:06:52,173 - services - INFO - [services.py:1056] - [HTTP] /memory - Status: 200 - Time: 0.001s
2025-10-30 23:06:55,156 - services - INFO - [services.py:1051] - [HTTP] GET /health from 127.0.0.1
2025-10-30 23:06:55,157 - services - INFO - [services.py:1056] - [HTTP] /health - Status: 200 - Time: 0.001s
2025-10-30 23:07:02,165 - services - INFO - [services.py:1051] - [HTTP] GET /memory from 127.0.0.1
2025-10-30 23:07:02,167 - services - INFO - [services.py:1056] - [HTTP] /memory - Status: 200 - Time: 0.002s
2025-10-30 23:07:12,165 - services - INFO - [services.py:1051] - [HTTP] GET /memory from 127.0.0.1
2025-10-30 23:07:12,166 - services - INFO - [services.py:1056] - [HTTP] /memory - Status: 200 - Time: 0.001s
2025-10-30 23:07:22,180 - services - INFO - [services.py:1051] - [HTTP] GET /memory from 127.0.0.1
2025-10-30 23:07:22,182 - services - INFO - [services.py:1056] - [HTTP] /memory - Status: 200 - Time: 0.002s
2025-10-30 23:07:25,365 - services - INFO - [services.py:1051] - [HTTP] GET /health from 127.0.0.1
2025-10-30 23:07:25,366 - services - INFO - [services.py:1056] - [HTTP] /health - Status: 200 - Time: 0.001s
2025-10-30 23:07:32,185 - services - INFO - [services.py:1051] - [HTTP] GET /memory from 127.0.0.1
2025-10-30 23:07:32,186 - services - INFO - [services.py:1056] - [HTTP] /memory - Status: 200 - Time: 0.001s
2025-10-30 23:07:42,161 - services - INFO - [services.py:1051] - [HTTP] GET /memory from 127.0.0.1
2025-10-30 23:07:42,163 - services - INFO - [services.py:1056] - [HTTP] /memory - Status: 200 - Time: 0.002s
2025-10-30 23:07:52,173 - services - INFO - [services.py:1051] - [HTTP] GET /memory from 127.0.0.1
2025-10-30 23:07:52,174 - services - INFO - [services.py:1056] - [HTTP] /memory - Status: 200 - Time: 0.001s
2025-10-30 23:07:55,508 - services - INFO - [services.py:1051] - [HTTP] GET /health from 127.0.0.1
2025-10-30 23:07:55,508 - services - INFO - [services.py:1056] - [HTTP] /health - Status: 200 - Time: 0.001s
2025-10-30 23:08:02,211 - services - INFO - [services.py:1051] - [HTTP] GET /memory from 127.0.0.1
2025-10-30 23:08:02,212 - services - INFO - [services.py:1056] - [HTTP] /memory - Status: 200 - Time: 0.001s
2025-10-30 23:08:12,173 - services - INFO - [services.py:1051] - [HTTP] GET /memory from 127.0.0.1
2025-10-30 23:08:12,174 - services - INFO - [services.py:1056] - [HTTP] /memory - Status: 200 - Time: 0.001s
2025-10-30 23:08:22,542 - services - INFO - [services.py:1051] - [HTTP] GET /memory from 127.0.0.1
2025-10-30 23:08:22,544 - services - INFO - [services.py:1056] - [HTTP] /memory - Status: 200 - Time: 0.001s
2025-10-30 23:08:25,495 - services - INFO - [services.py:1051] - [HTTP] GET /health from 127.0.0.1
2025-10-30 23:08:25,496 - services - INFO - [services.py:1056] - [HTTP] /health - Status: 200 - Time: 0.001s
2025-10-30 23:08:32,540 - services - INFO - [services.py:1051] - [HTTP] GET /memory from 127.0.0.1
2025-10-30 23:08:32,541 - services - INFO - [services.py:1056] - [HTTP] /memory - Status: 200 - Time: 0.001s
2025-10-30 23:08:42,537 - services - INFO - [services.py:1051] - [HTTP] GET /memory from 127.0.0.1
2025-10-30 23:08:42,539 - services - INFO - [services.py:1056] - [HTTP] /memory - Status: 200 - Time: 0.001s
2025-10-30 23:08:52,544 - services - INFO - [services.py:1051] - [HTTP] GET /memory from 127.0.0.1
2025-10-30 23:08:52,545 - services - INFO - [services.py:1056] - [HTTP] /memory - Status: 200 - Time: 0.001s
2025-10-30 23:08:55,501 - services - INFO - [services.py:1051] - [HTTP] GET /health from 127.0.0.1
2025-10-30 23:08:55,502 - services - INFO - [services.py:1056] - [HTTP] /health - Status: 200 - Time: 0.001s
2025-10-30 23:09:02,539 - services - INFO - [services.py:1051] - [HTTP] GET /memory from 127.0.0.1
2025-10-30 23:09:02,540 - services - INFO - [services.py:1056] - [HTTP] /memory - Status: 200 - Time: 0.001s
2025-10-30 23:09:12,545 - services - INFO - [services.py:1051] - [HTTP] GET /memory from 127.0.0.1
2025-10-30 23:09:12,546 - services - INFO - [services.py:1056] - [HTTP] /memory - Status: 200 - Time: 0.001s
2025-10-30 23:09:22,539 - services - INFO - [services.py:1051] - [HTTP] GET /memory from 127.0.0.1
2025-10-30 23:09:22,540 - services - INFO - [services.py:1056] - [HTTP] /memory - Status: 200 - Time: 0.001s
2025-10-30 23:09:25,729 - services - INFO - [services.py:1051] - [HTTP] GET /health from 127.0.0.1
2025-10-30 23:09:25,730 - services - INFO - [services.py:1056] - [HTTP] /health - Status: 200 - Time: 0.001s
2025-10-30 23:09:32,726 - services - INFO - [services.py:1051] - [HTTP] GET /memory from 127.0.0.1
2025-10-30 23:09:32,727 - services - INFO - [services.py:1056] - [HTTP] /memory - Status: 200 - Time: 0.001s
2025-10-30 23:09:42,662 - services - INFO - [services.py:1051] - [HTTP] GET /memory from 127.0.0.1
2025-10-30 23:09:42,664 - services - INFO - [services.py:1056] - [HTTP] /memory - Status: 200 - Time: 0.002s
2025-10-30 23:09:52,596 - services - INFO - [services.py:1051] - [HTTP] GET /memory from 127.0.0.1
2025-10-30 23:09:52,598 - services - INFO - [services.py:1056] - [HTTP] /memory - Status: 200 - Time: 0.001s
2025-10-30 23:09:55,939 - services - INFO - [services.py:1051] - [HTTP] GET /health from 127.0.0.1
2025-10-30 23:09:55,940 - services - INFO - [services.py:1056] - [HTTP] /health - Status: 200 - Time: 0.001s
2025-10-30 23:10:02,590 - services - INFO - [services.py:1051] - [HTTP] GET /memory from 127.0.0.1
2025-10-30 23:10:02,592 - services - INFO - [services.py:1056] - [HTTP] /memory - Status: 200 - Time: 0.002s
2025-10-30 23:10:12,547 - services - INFO - [services.py:1051] - [HTTP] GET /memory from 127.0.0.1
2025-10-30 23:10:12,548 - services - INFO - [services.py:1056] - [HTTP] /memory - Status: 200 - Time: 0.001s
2025-10-30 23:10:22,755 - services - INFO - [services.py:1051] - [HTTP] GET /memory from 127.0.0.1
2025-10-30 23:10:22,756 - services - INFO - [services.py:1056] - [HTTP] /memory - Status: 200 - Time: 0.001s
2025-10-30 23:10:25,980 - services - INFO - [services.py:1051] - [HTTP] GET /health from 127.0.0.1
2025-10-30 23:10:25,981 - services - INFO - [services.py:1056] - [HTTP] /health - Status: 200 - Time: 0.001s
2025-10-30 23:10:32,820 - services - INFO - [services.py:1051] - [HTTP] GET /memory from 127.0.0.1
2025-10-30 23:10:32,821 - services - INFO - [services.py:1056] - [HTTP] /memory - Status: 200 - Time: 0.001s
2025-10-30 23:10:42,813 - services - INFO - [services.py:1051] - [HTTP] GET /memory from 127.0.0.1
2025-10-30 23:10:42,814 - services - INFO - [services.py:1056] - [HTTP] /memory - Status: 200 - Time: 0.001s
2025-10-30 23:10:52,766 - services - INFO - [services.py:1051] - [HTTP] GET /memory from 127.0.0.1
2025-10-30 23:10:52,767 - services - INFO - [services.py:1056] - [HTTP] /memory - Status: 200 - Time: 0.001s
2025-10-30 23:10:55,940 - services - INFO - [services.py:1051] - [HTTP] GET /health from 127.0.0.1
2025-10-30 23:10:55,941 - services - INFO - [services.py:1056] - [HTTP] /health - Status: 200 - Time: 0.001s
2025-10-30 23:11:02,750 - services - INFO - [services.py:1051] - [HTTP] GET /memory from 127.0.0.1
2025-10-30 23:11:02,750 - services - INFO - [services.py:1056] - [HTTP] /memory - Status: 200 - Time: 0.001s
2025-10-30 23:11:12,792 - services - INFO - [services.py:1051] - [HTTP] GET /memory from 127.0.0.1
2025-10-30 23:11:12,793 - services - INFO - [services.py:1056] - [HTTP] /memory - Status: 200 - Time: 0.001s
2025-10-30 23:11:22,759 - services - INFO - [services.py:1051] - [HTTP] GET /memory from 127.0.0.1
2025-10-30 23:11:22,760 - services - INFO - [services.py:1056] - [HTTP] /memory - Status: 200 - Time: 0.001s
2025-10-30 23:11:25,941 - services - INFO - [services.py:1051] - [HTTP] GET /health from 127.0.0.1
2025-10-30 23:11:25,941 - services - INFO - [services.py:1056] - [HTTP] /health - Status: 200 - Time: 0.001s
2025-10-30 23:11:32,747 - services - INFO - [services.py:1051] - [HTTP] GET /memory from 127.0.0.1
2025-10-30 23:11:32,748 - services - INFO - [services.py:1056] - [HTTP] /memory - Status: 200 - Time: 0.001s
2025-10-30 23:11:42,760 - services - INFO - [services.py:1051] - [HTTP] GET /memory from 127.0.0.1
2025-10-30 23:11:42,762 - services - INFO - [services.py:1056] - [HTTP] /memory - Status: 200 - Time: 0.001s
2025-10-30 23:11:52,751 - services - INFO - [services.py:1051] - [HTTP] GET /memory from 127.0.0.1
2025-10-30 23:11:52,752 - services - INFO - [services.py:1056] - [HTTP] /memory - Status: 200 - Time: 0.001s
2025-10-30 23:11:56,120 - services - INFO - [services.py:1051] - [HTTP] GET /health from 127.0.0.1
2025-10-30 23:11:56,121 - services - INFO - [services.py:1056] - [HTTP] /health - Status: 200 - Time: 0.001s
2025-10-30 23:12:02,760 - services - INFO - [services.py:1051] - [HTTP] GET /memory from 127.0.0.1
2025-10-30 23:12:02,761 - services - INFO - [services.py:1056] - [HTTP] /memory - Status: 200 - Time: 0.001s
2025-10-30 23:12:12,755 - services - INFO - [services.py:1051] - [HTTP] GET /memory from 127.0.0.1
2025-10-30 23:12:12,756 - services - INFO - [services.py:1056] - [HTTP] /memory - Status: 200 - Time: 0.001s
2025-10-30 23:12:23,151 - services - INFO - [services.py:1051] - [HTTP] GET /memory from 127.0.0.1
2025-10-30 23:12:23,152 - services - INFO - [services.py:1056] - [HTTP] /memory - Status: 200 - Time: 0.001s
2025-10-30 23:12:26,084 - services - INFO - [services.py:1051] - [HTTP] GET /health from 127.0.0.1
2025-10-30 23:12:26,085 - services - INFO - [services.py:1056] - [HTTP] /health - Status: 200 - Time: 0.001s
2025-10-30 23:12:33,128 - services - INFO - [services.py:1051] - [HTTP] GET /memory from 127.0.0.1
2025-10-30 23:12:33,129 - services - INFO - [services.py:1056] - [HTTP] /memory - Status: 200 - Time: 0.001s
2025-10-30 23:12:43,127 - services - INFO - [services.py:1051] - [HTTP] GET /memory from 127.0.0.1
2025-10-30 23:12:43,128 - services - INFO - [services.py:1056] - [HTTP] /memory - Status: 200 - Time: 0.001s
2025-10-30 23:12:53,134 - services - INFO - [services.py:1051] - [HTTP] GET /memory from 127.0.0.1
2025-10-30 23:12:53,135 - services - INFO - [services.py:1056] - [HTTP] /memory - Status: 200 - Time: 0.001s
2025-10-30 23:12:56,078 - services - INFO - [services.py:1051] - [HTTP] GET /health from 127.0.0.1
2025-10-30 23:12:56,079 - services - INFO - [services.py:1056] - [HTTP] /health - Status: 200 - Time: 0.001s
2025-10-30 23:13:03,135 - services - INFO - [services.py:1051] - [HTTP] GET /memory from 127.0.0.1
2025-10-30 23:13:03,137 - services - INFO - [services.py:1056] - [HTTP] /memory - Status: 200 - Time: 0.002s
2025-10-30 23:13:13,209 - services - INFO - [services.py:1051] - [HTTP] GET /memory from 127.0.0.1
2025-10-30 23:13:13,210 - services - INFO - [services.py:1056] - [HTTP] /memory - Status: 200 - Time: 0.001s
2025-10-30 23:13:23,152 - services - INFO - [services.py:1051] - [HTTP] GET /memory from 127.0.0.1
2025-10-30 23:13:23,154 - services - INFO - [services.py:1056] - [HTTP] /memory - Status: 200 - Time: 0.001s
2025-10-30 23:13:26,110 - services - INFO - [services.py:1051] - [HTTP] GET /health from 127.0.0.1
2025-10-30 23:13:26,111 - services - INFO - [services.py:1056] - [HTTP] /health - Status: 200 - Time: 0.001s
2025-10-30 23:13:33,133 - services - INFO - [services.py:1051] - [HTTP] GET /memory from 127.0.0.1
2025-10-30 23:13:33,134 - services - INFO - [services.py:1056] - [HTTP] /memory - Status: 200 - Time: 0.001s
2025-10-30 23:13:43,134 - services - INFO - [services.py:1051] - [HTTP] GET /memory from 127.0.0.1
2025-10-30 23:13:43,135 - services - INFO - [services.py:1056] - [HTTP] /memory - Status: 200 - Time: 0.001s
2025-10-30 23:13:53,137 - services - INFO - [services.py:1051] - [HTTP] GET /memory from 127.0.0.1
2025-10-30 23:13:53,139 - services - INFO - [services.py:1056] - [HTTP] /memory - Status: 200 - Time: 0.001s
2025-10-30 23:13:56,081 - services - INFO - [services.py:1051] - [HTTP] GET /health from 127.0.0.1
2025-10-30 23:13:56,082 - services - INFO - [services.py:1056] - [HTTP] /health - Status: 200 - Time: 0.001s
2025-10-30 23:14:03,135 - services - INFO - [services.py:1051] - [HTTP] GET /memory from 127.0.0.1
2025-10-30 23:14:03,136 - services - INFO - [services.py:1056] - [HTTP] /memory - Status: 200 - Time: 0.001s
2025-10-30 23:14:13,140 - services - INFO - [services.py:1051] - [HTTP] GET /memory from 127.0.0.1
2025-10-30 23:14:13,141 - services - INFO - [services.py:1056] - [HTTP] /memory - Status: 200 - Time: 0.001s
2025-10-30 23:14:23,547 - services - INFO - [services.py:1051] - [HTTP] GET /memory from 127.0.0.1
2025-10-30 23:14:23,548 - services - INFO - [services.py:1056] - [HTTP] /memory - Status: 200 - Time: 0.001s
2025-10-30 23:14:26,110 - services - INFO - [services.py:1051] - [HTTP] GET /health from 127.0.0.1
2025-10-30 23:14:26,111 - services - INFO - [services.py:1056] - [HTTP] /health - Status: 200 - Time: 0.001s
2025-10-30 23:14:33,488 - services - INFO - [services.py:1051] - [HTTP] GET /memory from 127.0.0.1
2025-10-30 23:14:33,490 - services - INFO - [services.py:1056] - [HTTP] /memory - Status: 200 - Time: 0.001s
2025-10-30 23:14:43,503 - services - INFO - [services.py:1051] - [HTTP] GET /memory from 127.0.0.1
2025-10-30 23:14:43,505 - services - INFO - [services.py:1056] - [HTTP] /memory - Status: 200 - Time: 0.001s
2025-10-30 23:14:53,540 - services - INFO - [services.py:1051] - [HTTP] GET /memory from 127.0.0.1
2025-10-30 23:14:53,541 - services - INFO - [services.py:1056] - [HTTP] /memory - Status: 200 - Time: 0.001s
2025-10-30 23:14:56,092 - services - INFO - [services.py:1051] - [HTTP] GET /health from 127.0.0.1
2025-10-30 23:14:56,093 - services - INFO - [services.py:1056] - [HTTP] /health - Status: 200 - Time: 0.001s
2025-10-30 23:15:03,491 - services - INFO - [services.py:1051] - [HTTP] GET /memory from 127.0.0.1
2025-10-30 23:15:03,492 - services - INFO - [services.py:1056] - [HTTP] /memory - Status: 200 - Time: 0.001s
2025-10-30 23:15:13,500 - services - INFO - [services.py:1051] - [HTTP] GET /memory from 127.0.0.1
2025-10-30 23:15:13,503 - services - INFO - [services.py:1056] - [HTTP] /memory - Status: 200 - Time: 0.002s
2025-10-30 23:15:23,486 - services - INFO - [services.py:1051] - [HTTP] GET /memory from 127.0.0.1
2025-10-30 23:15:23,488 - services - INFO - [services.py:1056] - [HTTP] /memory - Status: 200 - Time: 0.002s
2025-10-30 23:15:26,094 - services - INFO - [services.py:1051] - [HTTP] GET /health from 127.0.0.1
2025-10-30 23:15:26,095 - services - INFO - [services.py:1056] - [HTTP] /health - Status: 200 - Time: 0.001s
2025-10-30 23:15:33,498 - services - INFO - [services.py:1051] - [HTTP] GET /memory from 127.0.0.1
2025-10-30 23:15:33,499 - services - INFO - [services.py:1056] - [HTTP] /memory - Status: 200 - Time: 0.001s
2025-10-30 23:15:43,493 - services - INFO - [services.py:1051] - [HTTP] GET /memory from 127.0.0.1
2025-10-30 23:15:43,494 - services - INFO - [services.py:1056] - [HTTP] /memory - Status: 200 - Time: 0.001s
2025-10-30 23:15:53,494 - services - INFO - [services.py:1051] - [HTTP] GET /memory from 127.0.0.1
2025-10-30 23:15:53,495 - services - INFO - [services.py:1056] - [HTTP] /memory - Status: 200 - Time: 0.001s
2025-10-30 23:15:56,078 - services - INFO - [services.py:1051] - [HTTP] GET /health from 127.0.0.1
2025-10-30 23:15:56,079 - services - INFO - [services.py:1056] - [HTTP] /health - Status: 200 - Time: 0.001s
2025-10-30 23:16:03,495 - services - INFO - [services.py:1051] - [HTTP] GET /memory from 127.0.0.1
2025-10-30 23:16:03,497 - services - INFO - [services.py:1056] - [HTTP] /memory - Status: 200 - Time: 0.001s
2025-10-30 23:16:13,492 - services - INFO - [services.py:1051] - [HTTP] GET /memory from 127.0.0.1
2025-10-30 23:16:13,493 - services - INFO - [services.py:1056] - [HTTP] /memory - Status: 200 - Time: 0.001s
2025-10-30 23:16:23,888 - services - INFO - [services.py:1051] - [HTTP] GET /memory from 127.0.0.1
2025-10-30 23:16:23,889 - services - INFO - [services.py:1056] - [HTTP] /memory - Status: 200 - Time: 0.001s
2025-10-30 23:16:26,085 - services - INFO - [services.py:1051] - [HTTP] GET /health from 127.0.0.1
2025-10-30 23:16:26,087 - services - INFO - [services.py:1056] - [HTTP] /health - Status: 200 - Time: 0.001s
2025-10-30 23:16:33,884 - services - INFO - [services.py:1051] - [HTTP] GET /memory from 127.0.0.1
2025-10-30 23:16:33,885 - services - INFO - [services.py:1056] - [HTTP] /memory - Status: 200 - Time: 0.001s
2025-10-30 23:16:43,929 - services - INFO - [services.py:1051] - [HTTP] GET /memory from 127.0.0.1
2025-10-30 23:16:43,930 - services - INFO - [services.py:1056] - [HTTP] /memory - Status: 200 - Time: 0.001s
2025-10-30 23:16:53,905 - services - INFO - [services.py:1051] - [HTTP] GET /memory from 127.0.0.1
2025-10-30 23:16:53,906 - services - INFO - [services.py:1056] - [HTTP] /memory - Status: 200 - Time: 0.001s
2025-10-30 23:16:56,081 - services - INFO - [services.py:1051] - [HTTP] GET /health from 127.0.0.1
2025-10-30 23:16:56,081 - services - INFO - [services.py:1056] - [HTTP] /health - Status: 200 - Time: 0.001s
2025-10-30 23:17:03,888 - services - INFO - [services.py:1051] - [HTTP] GET /memory from 127.0.0.1
2025-10-30 23:17:03,890 - services - INFO - [services.py:1056] - [HTTP] /memory - Status: 200 - Time: 0.002s
2025-10-30 23:17:13,880 - services - INFO - [services.py:1051] - [HTTP] GET /memory from 127.0.0.1
2025-10-30 23:17:13,881 - services - INFO - [services.py:1056] - [HTTP] /memory - Status: 200 - Time: 0.001s
2025-10-30 23:17:23,892 - services - INFO - [services.py:1051] - [HTTP] GET /memory from 127.0.0.1
2025-10-30 23:17:23,893 - services - INFO - [services.py:1056] - [HTTP] /memory - Status: 200 - Time: 0.001s
2025-10-30 23:17:26,185 - services - INFO - [services.py:1051] - [HTTP] GET /health from 127.0.0.1
2025-10-30 23:17:26,186 - services - INFO - [services.py:1056] - [HTTP] /health - Status: 200 - Time: 0.001s
2025-10-30 23:17:33,879 - services - INFO - [services.py:1051] - [HTTP] GET /memory from 127.0.0.1
2025-10-30 23:17:33,880 - services - INFO - [services.py:1056] - [HTTP] /memory - Status: 200 - Time: 0.001s
2025-10-30 23:17:43,878 - services - INFO - [services.py:1051] - [HTTP] GET /memory from 127.0.0.1
2025-10-30 23:17:43,879 - services - INFO - [services.py:1056] - [HTTP] /memory - Status: 200 - Time: 0.001s
2025-10-30 23:17:53,949 - services - INFO - [services.py:1051] - [HTTP] GET /memory from 127.0.0.1
2025-10-30 23:17:53,950 - services - INFO - [services.py:1056] - [HTTP] /memory - Status: 200 - Time: 0.001s
2025-10-30 23:17:56,183 - services - INFO - [services.py:1051] - [HTTP] GET /health from 127.0.0.1
2025-10-30 23:17:56,184 - services - INFO - [services.py:1056] - [HTTP] /health - Status: 200 - Time: 0.001s
2025-10-30 23:18:03,947 - services - INFO - [services.py:1051] - [HTTP] GET /memory from 127.0.0.1
2025-10-30 23:18:03,949 - services - INFO - [services.py:1056] - [HTTP] /memory - Status: 200 - Time: 0.002s
2025-10-30 23:18:13,901 - services - INFO - [services.py:1051] - [HTTP] GET /memory from 127.0.0.1
2025-10-30 23:18:13,902 - services - INFO - [services.py:1056] - [HTTP] /memory - Status: 200 - Time: 0.001s
2025-10-30 23:18:24,224 - services - INFO - [services.py:1051] - [HTTP] GET /memory from 127.0.0.1
2025-10-30 23:18:24,224 - services - INFO - [services.py:1056] - [HTTP] /memory - Status: 200 - Time: 0.001s
2025-10-30 23:18:26,222 - services - INFO - [services.py:1051] - [HTTP] GET /health from 127.0.0.1
2025-10-30 23:18:26,223 - services - INFO - [services.py:1056] - [HTTP] /health - Status: 200 - Time: 0.001s
2025-10-30 23:18:34,222 - services - INFO - [services.py:1051] - [HTTP] GET /memory from 127.0.0.1
2025-10-30 23:18:34,223 - services - INFO - [services.py:1056] - [HTTP] /memory - Status: 200 - Time: 0.001s
2025-10-30 23:18:44,220 - services - INFO - [services.py:1051] - [HTTP] GET /memory from 127.0.0.1
2025-10-30 23:18:44,221 - services - INFO - [services.py:1056] - [HTTP] /memory - Status: 200 - Time: 0.001s
2025-10-30 23:18:54,220 - services - INFO - [services.py:1051] - [HTTP] GET /memory from 127.0.0.1
2025-10-30 23:18:54,221 - services - INFO - [services.py:1056] - [HTTP] /memory - Status: 200 - Time: 0.001s
2025-10-30 23:18:56,268 - services - INFO - [services.py:1051] - [HTTP] GET /health from 127.0.0.1
2025-10-30 23:18:56,269 - services - INFO - [services.py:1056] - [HTTP] /health - Status: 200 - Time: 0.001s
2025-10-30 23:19:04,224 - services - INFO - [services.py:1051] - [HTTP] GET /memory from 127.0.0.1
2025-10-30 23:19:04,225 - services - INFO - [services.py:1056] - [HTTP] /memory - Status: 200 - Time: 0.001s
2025-10-30 23:19:14,233 - services - INFO - [services.py:1051] - [HTTP] GET /memory from 127.0.0.1
2025-10-30 23:19:14,235 - services - INFO - [services.py:1056] - [HTTP] /memory - Status: 200 - Time: 0.001s
2025-10-30 23:19:24,247 - services - INFO - [services.py:1051] - [HTTP] GET /memory from 127.0.0.1
2025-10-30 23:19:24,249 - services - INFO - [services.py:1056] - [HTTP] /memory - Status: 200 - Time: 0.002s
2025-10-30 23:19:26,228 - services - INFO - [services.py:1051] - [HTTP] GET /health from 127.0.0.1
2025-10-30 23:19:26,229 - services - INFO - [services.py:1056] - [HTTP] /health - Status: 200 - Time: 0.001s
2025-10-30 23:19:34,245 - services - INFO - [services.py:1051] - [HTTP] GET /memory from 127.0.0.1
2025-10-30 23:19:34,247 - services - INFO - [services.py:1056] - [HTTP] /memory - Status: 200 - Time: 0.001s
2025-10-30 23:19:44,296 - services - INFO - [services.py:1051] - [HTTP] GET /memory from 127.0.0.1
2025-10-30 23:19:44,297 - services - INFO - [services.py:1056] - [HTTP] /memory - Status: 200 - Time: 0.001s
2025-10-30 23:19:54,239 - services - INFO - [services.py:1051] - [HTTP] GET /memory from 127.0.0.1
2025-10-30 23:19:54,240 - services - INFO - [services.py:1056] - [HTTP] /memory - Status: 200 - Time: 0.001s
2025-10-30 23:19:56,275 - services - INFO - [services.py:1051] - [HTTP] GET /health from 127.0.0.1
2025-10-30 23:19:56,276 - services - INFO - [services.py:1056] - [HTTP] /health - Status: 200 - Time: 0.001s
2025-10-30 23:20:04,241 - services - INFO - [services.py:1051] - [HTTP] GET /memory from 127.0.0.1
2025-10-30 23:20:04,242 - services - INFO - [services.py:1056] - [HTTP] /memory - Status: 200 - Time: 0.001s
2025-10-30 23:20:14,422 - services - INFO - [services.py:1051] - [HTTP] GET /memory from 127.0.0.1
2025-10-30 23:20:14,423 - services - INFO - [services.py:1056] - [HTTP] /memory - Status: 200 - Time: 0.001s
2025-10-30 23:20:24,627 - services - INFO - [services.py:1051] - [HTTP] GET /memory from 127.0.0.1
2025-10-30 23:20:24,628 - services - INFO - [services.py:1056] - [HTTP] /memory - Status: 200 - Time: 0.001s
2025-10-30 23:20:26,631 - services - INFO - [services.py:1051] - [HTTP] GET /health from 127.0.0.1
2025-10-30 23:20:26,632 - services - INFO - [services.py:1056] - [HTTP] /health - Status: 200 - Time: 0.001s
2025-10-30 23:20:34,627 - services - INFO - [services.py:1051] - [HTTP] GET /memory from 127.0.0.1
2025-10-30 23:20:34,628 - services - INFO - [services.py:1056] - [HTTP] /memory - Status: 200 - Time: 0.001s
2025-10-30 23:20:44,640 - services - INFO - [services.py:1051] - [HTTP] GET /memory from 127.0.0.1
2025-10-30 23:20:44,642 - services - INFO - [services.py:1056] - [HTTP] /memory - Status: 200 - Time: 0.002s
2025-10-30 23:20:54,624 - services - INFO - [services.py:1051] - [HTTP] GET /memory from 127.0.0.1
2025-10-30 23:20:54,625 - services - INFO - [services.py:1056] - [HTTP] /memory - Status: 200 - Time: 0.001s
2025-10-30 23:20:56,675 - services - INFO - [services.py:1051] - [HTTP] GET /health from 127.0.0.1
2025-10-30 23:20:56,675 - services - INFO - [services.py:1056] - [HTTP] /health - Status: 200 - Time: 0.001s
2025-10-30 23:21:04,805 - services - INFO - [services.py:1051] - [HTTP] GET /memory from 127.0.0.1
2025-10-30 23:21:04,806 - services - INFO - [services.py:1056] - [HTTP] /memory - Status: 200 - Time: 0.001s
2025-10-30 23:21:14,801 - services - INFO - [services.py:1051] - [HTTP] GET /memory from 127.0.0.1
2025-10-30 23:21:14,802 - services - INFO - [services.py:1056] - [HTTP] /memory - Status: 200 - Time: 0.001s
2025-10-30 23:21:24,845 - services - INFO - [services.py:1051] - [HTTP] GET /memory from 127.0.0.1
2025-10-30 23:21:24,847 - services - INFO - [services.py:1056] - [HTTP] /memory - Status: 200 - Time: 0.002s
2025-10-30 23:21:26,819 - services - INFO - [services.py:1051] - [HTTP] GET /health from 127.0.0.1
2025-10-30 23:21:26,819 - services - INFO - [services.py:1056] - [HTTP] /health - Status: 200 - Time: 0.001s
2025-10-30 23:21:34,807 - services - INFO - [services.py:1051] - [HTTP] GET /memory from 127.0.0.1
2025-10-30 23:21:34,808 - services - INFO - [services.py:1056] - [HTTP] /memory - Status: 200 - Time: 0.001s
2025-10-30 23:21:44,822 - services - INFO - [services.py:1051] - [HTTP] GET /memory from 127.0.0.1
2025-10-30 23:21:44,823 - services - INFO - [services.py:1056] - [HTTP] /memory - Status: 200 - Time: 0.001s
2025-10-30 23:21:54,803 - services - INFO - [services.py:1051] - [HTTP] GET /memory from 127.0.0.1
2025-10-30 23:21:54,804 - services - INFO - [services.py:1056] - [HTTP] /memory - Status: 200 - Time: 0.001s
2025-10-30 23:21:56,816 - services - INFO - [services.py:1051] - [HTTP] GET /health from 127.0.0.1
2025-10-30 23:21:56,817 - services - INFO - [services.py:1056] - [HTTP] /health - Status: 200 - Time: 0.001s
2025-10-30 23:22:04,806 - services - INFO - [services.py:1051] - [HTTP] GET /memory from 127.0.0.1
2025-10-30 23:22:04,807 - services - INFO - [services.py:1056] - [HTTP] /memory - Status: 200 - Time: 0.001s
2025-10-30 23:22:14,809 - services - INFO - [services.py:1051] - [HTTP] GET /memory from 127.0.0.1
2025-10-30 23:22:14,811 - services - INFO - [services.py:1056] - [HTTP] /memory - Status: 200 - Time: 0.002s
2025-10-30 23:22:25,178 - services - INFO - [services.py:1051] - [HTTP] GET /memory from 127.0.0.1
2025-10-30 23:22:25,179 - services - INFO - [services.py:1056] - [HTTP] /memory - Status: 200 - Time: 0.001s
2025-10-30 23:22:27,206 - services - INFO - [services.py:1051] - [HTTP] GET /health from 127.0.0.1
2025-10-30 23:22:27,206 - services - INFO - [services.py:1056] - [HTTP] /health - Status: 200 - Time: 0.001s
2025-10-30 23:22:35,163 - services - INFO - [services.py:1051] - [HTTP] GET /memory from 127.0.0.1
2025-10-30 23:22:35,164 - services - INFO - [services.py:1056] - [HTTP] /memory - Status: 200 - Time: 0.001s
2025-10-30 23:22:45,160 - services - INFO - [services.py:1051] - [HTTP] GET /memory from 127.0.0.1
2025-10-30 23:22:45,161 - services - INFO - [services.py:1056] - [HTTP] /memory - Status: 200 - Time: 0.001s
2025-10-30 23:22:55,162 - services - INFO - [services.py:1051] - [HTTP] GET /memory from 127.0.0.1
2025-10-30 23:22:55,163 - services - INFO - [services.py:1056] - [HTTP] /memory - Status: 200 - Time: 0.001s
2025-10-30 23:22:57,179 - services - INFO - [services.py:1051] - [HTTP] GET /health from 127.0.0.1
2025-10-30 23:22:57,179 - services - INFO - [services.py:1056] - [HTTP] /health - Status: 200 - Time: 0.001s
2025-10-30 23:23:05,154 - services - INFO - [services.py:1051] - [HTTP] GET /memory from 127.0.0.1
2025-10-30 23:23:05,155 - services - INFO - [services.py:1056] - [HTTP] /memory - Status: 200 - Time: 0.001s
2025-10-30 23:23:15,157 - services - INFO - [services.py:1051] - [HTTP] GET /memory from 127.0.0.1
2025-10-30 23:23:15,158 - services - INFO - [services.py:1056] - [HTTP] /memory - Status: 200 - Time: 0.001s
2025-10-30 23:23:25,162 - services - INFO - [services.py:1051] - [HTTP] GET /memory from 127.0.0.1
2025-10-30 23:23:25,163 - services - INFO - [services.py:1056] - [HTTP] /memory - Status: 200 - Time: 0.001s
2025-10-30 23:23:27,160 - services - INFO - [services.py:1051] - [HTTP] GET /health from 127.0.0.1
2025-10-30 23:23:27,161 - services - INFO - [services.py:1056] - [HTTP] /health - Status: 200 - Time: 0.001s
2025-10-30 23:23:35,162 - services - INFO - [services.py:1051] - [HTTP] GET /memory from 127.0.0.1
2025-10-30 23:23:35,164 - services - INFO - [services.py:1056] - [HTTP] /memory - Status: 200 - Time: 0.002s
2025-10-30 23:23:45,162 - services - INFO - [services.py:1051] - [HTTP] GET /memory from 127.0.0.1
2025-10-30 23:23:45,163 - services - INFO - [services.py:1056] - [HTTP] /memory - Status: 200 - Time: 0.001s
2025-10-30 23:23:55,159 - services - INFO - [services.py:1051] - [HTTP] GET /memory from 127.0.0.1
2025-10-30 23:23:55,160 - services - INFO - [services.py:1056] - [HTTP] /memory - Status: 200 - Time: 0.001s
2025-10-30 23:23:57,159 - services - INFO - [services.py:1051] - [HTTP] GET /health from 127.0.0.1
2025-10-30 23:23:57,160 - services - INFO - [services.py:1056] - [HTTP] /health - Status: 200 - Time: 0.001s
2025-10-30 23:24:05,162 - services - INFO - [services.py:1051] - [HTTP] GET /memory from 127.0.0.1
2025-10-30 23:24:05,163 - services - INFO - [services.py:1056] - [HTTP] /memory - Status: 200 - Time: 0.001s
2025-10-30 23:24:15,156 - services - INFO - [services.py:1051] - [HTTP] GET /memory from 127.0.0.1
2025-10-30 23:24:15,157 - services - INFO - [services.py:1056] - [HTTP] /memory - Status: 200 - Time: 0.001s
2025-10-30 23:24:25,586 - services - INFO - [services.py:1051] - [HTTP] GET /memory from 127.0.0.1
2025-10-30 23:24:25,588 - services - INFO - [services.py:1056] - [HTTP] /memory - Status: 200 - Time: 0.002s
2025-10-30 23:24:27,588 - services - INFO - [services.py:1051] - [HTTP] GET /health from 127.0.0.1
2025-10-30 23:24:27,589 - services - INFO - [services.py:1056] - [HTTP] /health - Status: 200 - Time: 0.001s
2025-10-30 23:24:35,581 - services - INFO - [services.py:1051] - [HTTP] GET /memory from 127.0.0.1
2025-10-30 23:24:35,582 - services - INFO - [services.py:1056] - [HTTP] /memory - Status: 200 - Time: 0.001s
2025-10-30 23:24:45,739 - services - INFO - [services.py:1051] - [HTTP] GET /memory from 127.0.0.1
2025-10-30 23:24:45,740 - services - INFO - [services.py:1056] - [HTTP] /memory - Status: 200 - Time: 0.001s
2025-10-30 23:24:56,495 - services - INFO - [services.py:1051] - [HTTP] GET /memory from 127.0.0.1
2025-10-30 23:24:56,497 - services - INFO - [services.py:1056] - [HTTP] /memory - Status: 200 - Time: 0.002s
2025-10-30 23:24:58,477 - services - INFO - [services.py:1051] - [HTTP] GET /health from 127.0.0.1
2025-10-30 23:24:58,478 - services - INFO - [services.py:1056] - [HTTP] /health - Status: 200 - Time: 0.001s
2025-10-30 23:25:06,503 - services - INFO - [services.py:1051] - [HTTP] GET /memory from 127.0.0.1
2025-10-30 23:25:06,504 - services - INFO - [services.py:1056] - [HTTP] /memory - Status: 200 - Time: 0.001s
2025-10-30 23:25:16,469 - services - INFO - [services.py:1051] - [HTTP] GET /memory from 127.0.0.1
2025-10-30 23:25:16,470 - services - INFO - [services.py:1056] - [HTTP] /memory - Status: 200 - Time: 0.001s
2025-10-30 23:25:26,495 - services - INFO - [services.py:1051] - [HTTP] GET /memory from 127.0.0.1
2025-10-30 23:25:26,496 - services - INFO - [services.py:1056] - [HTTP] /memory - Status: 200 - Time: 0.001s
2025-10-30 23:25:28,473 - services - INFO - [services.py:1051] - [HTTP] GET /health from 127.0.0.1
2025-10-30 23:25:28,474 - services - INFO - [services.py:1056] - [HTTP] /health - Status: 200 - Time: 0.001s
2025-10-30 23:25:36,915 - services - INFO - [services.py:1051] - [HTTP] GET /memory from 127.0.0.1
2025-10-30 23:25:36,916 - services - INFO - [services.py:1056] - [HTTP] /memory - Status: 200 - Time: 0.001s
2025-10-30 23:25:46,915 - services - INFO - [services.py:1051] - [HTTP] GET /memory from 127.0.0.1
2025-10-30 23:25:46,917 - services - INFO - [services.py:1056] - [HTTP] /memory - Status: 200 - Time: 0.001s
2025-10-30 23:25:56,941 - services - INFO - [services.py:1051] - [HTTP] GET /memory from 127.0.0.1
2025-10-30 23:25:56,942 - services - INFO - [services.py:1056] - [HTTP] /memory - Status: 200 - Time: 0.001s
2025-10-30 23:25:58,917 - services - INFO - [services.py:1051] - [HTTP] GET /health from 127.0.0.1
2025-10-30 23:25:58,919 - services - INFO - [services.py:1056] - [HTTP] /health - Status: 200 - Time: 0.001s
2025-10-30 23:26:06,941 - services - INFO - [services.py:1051] - [HTTP] GET /memory from 127.0.0.1
2025-10-30 23:26:06,942 - services - INFO - [services.py:1056] - [HTTP] /memory - Status: 200 - Time: 0.001s
2025-10-30 23:26:16,919 - services - INFO - [services.py:1051] - [HTTP] GET /memory from 127.0.0.1
2025-10-30 23:26:16,921 - services - INFO - [services.py:1056] - [HTTP] /memory - Status: 200 - Time: 0.002s
2025-10-30 23:26:26,916 - services - INFO - [services.py:1051] - [HTTP] GET /memory from 127.0.0.1
2025-10-30 23:26:26,917 - services - INFO - [services.py:1056] - [HTTP] /memory - Status: 200 - Time: 0.001s
2025-10-30 23:26:28,929 - services - INFO - [services.py:1051] - [HTTP] GET /health from 127.0.0.1
2025-10-30 23:26:28,930 - services - INFO - [services.py:1056] - [HTTP] /health - Status: 200 - Time: 0.001s
2025-10-30 23:26:36,916 - services - INFO - [services.py:1051] - [HTTP] GET /memory from 127.0.0.1
2025-10-30 23:26:36,917 - services - INFO - [services.py:1056] - [HTTP] /memory - Status: 200 - Time: 0.001s
2025-10-30 23:26:46,922 - services - INFO - [services.py:1051] - [HTTP] GET /memory from 127.0.0.1
2025-10-30 23:26:46,923 - services - INFO - [services.py:1056] - [HTTP] /memory - Status: 200 - Time: 0.001s
2025-10-30 23:26:56,924 - services - INFO - [services.py:1051] - [HTTP] GET /memory from 127.0.0.1
2025-10-30 23:26:56,925 - services - INFO - [services.py:1056] - [HTTP] /memory - Status: 200 - Time: 0.001s
2025-10-30 23:26:58,974 - services - INFO - [services.py:1051] - [HTTP] GET /health from 127.0.0.1
2025-10-30 23:26:58,975 - services - INFO - [services.py:1056] - [HTTP] /health - Status: 200 - Time: 0.001s
2025-10-30 23:27:06,975 - services - INFO - [services.py:1051] - [HTTP] GET /memory from 127.0.0.1
2025-10-30 23:27:06,977 - services - INFO - [services.py:1056] - [HTTP] /memory - Status: 200 - Time: 0.001s
2025-10-30 23:27:16,925 - services - INFO - [services.py:1051] - [HTTP] GET /memory from 127.0.0.1
2025-10-30 23:27:16,926 - services - INFO - [services.py:1056] - [HTTP] /memory - Status: 200 - Time: 0.001s
2025-10-30 23:27:26,920 - services - INFO - [services.py:1051] - [HTTP] GET /memory from 127.0.0.1
2025-10-30 23:27:26,921 - services - INFO - [services.py:1056] - [HTTP] /memory - Status: 200 - Time: 0.001s
2025-10-30 23:27:28,922 - services - INFO - [services.py:1051] - [HTTP] GET /health from 127.0.0.1
2025-10-30 23:27:28,922 - services - INFO - [services.py:1056] - [HTTP] /health - Status: 200 - Time: 0.001s
2025-10-30 23:27:36,919 - services - INFO - [services.py:1051] - [HTTP] GET /memory from 127.0.0.1
2025-10-30 23:27:36,920 - services - INFO - [services.py:1056] - [HTTP] /memory - Status: 200 - Time: 0.001s
2025-10-30 23:27:47,039 - services - INFO - [services.py:1051] - [HTTP] GET /memory from 127.0.0.1
2025-10-30 23:27:47,041 - services - INFO - [services.py:1056] - [HTTP] /memory - Status: 200 - Time: 0.002s
2025-10-30 23:27:57,132 - services - INFO - [services.py:1051] - [HTTP] GET /memory from 127.0.0.1
2025-10-30 23:27:57,133 - services - INFO - [services.py:1056] - [HTTP] /memory - Status: 200 - Time: 0.001s
2025-10-30 23:27:59,114 - services - INFO - [services.py:1051] - [HTTP] GET /health from 127.0.0.1
2025-10-30 23:27:59,115 - services - INFO - [services.py:1056] - [HTTP] /health - Status: 200 - Time: 0.001s
2025-10-30 23:28:07,175 - services - INFO - [services.py:1051] - [HTTP] GET /memory from 127.0.0.1
2025-10-30 23:28:07,176 - services - INFO - [services.py:1056] - [HTTP] /memory - Status: 200 - Time: 0.001s
2025-10-30 23:28:17,318 - services - INFO - [services.py:1051] - [HTTP] GET /memory from 127.0.0.1
2025-10-30 23:28:17,319 - services - INFO - [services.py:1056] - [HTTP] /memory - Status: 200 - Time: 0.001s
2025-10-30 23:28:27,216 - services - INFO - [services.py:1051] - [HTTP] GET /memory from 127.0.0.1
2025-10-30 23:28:27,217 - services - INFO - [services.py:1056] - [HTTP] /memory - Status: 200 - Time: 0.001s
2025-10-30 23:28:29,120 - services - INFO - [services.py:1051] - [HTTP] GET /health from 127.0.0.1
2025-10-30 23:28:29,121 - services - INFO - [services.py:1056] - [HTTP] /health - Status: 200 - Time: 0.001s
2025-10-30 23:28:37,133 - services - INFO - [services.py:1051] - [HTTP] GET /memory from 127.0.0.1
2025-10-30 23:28:37,134 - services - INFO - [services.py:1056] - [HTTP] /memory - Status: 200 - Time: 0.001s
2025-10-30 23:28:47,239 - services - INFO - [services.py:1051] - [HTTP] GET /memory from 127.0.0.1
2025-10-30 23:28:47,241 - services - INFO - [services.py:1056] - [HTTP] /memory - Status: 200 - Time: 0.002s
2025-10-30 23:28:57,126 - services - INFO - [services.py:1051] - [HTTP] GET /memory from 127.0.0.1
2025-10-30 23:28:57,127 - services - INFO - [services.py:1056] - [HTTP] /memory - Status: 200 - Time: 0.001s
2025-10-30 23:28:59,168 - services - INFO - [services.py:1051] - [HTTP] GET /health from 127.0.0.1
2025-10-30 23:28:59,169 - services - INFO - [services.py:1056] - [HTTP] /health - Status: 200 - Time: 0.001s
2025-10-30 23:29:07,143 - services - INFO - [services.py:1051] - [HTTP] GET /memory from 127.0.0.1
2025-10-30 23:29:07,145 - services - INFO - [services.py:1056] - [HTTP] /memory - Status: 200 - Time: 0.001s
2025-10-30 23:29:17,122 - services - INFO - [services.py:1051] - [HTTP] GET /memory from 127.0.0.1
2025-10-30 23:29:17,123 - services - INFO - [services.py:1056] - [HTTP] /memory - Status: 200 - Time: 0.001s
2025-10-30 23:29:27,122 - services - INFO - [services.py:1051] - [HTTP] GET /memory from 127.0.0.1
2025-10-30 23:29:27,123 - services - INFO - [services.py:1056] - [HTTP] /memory - Status: 200 - Time: 0.001s
2025-10-30 23:29:29,118 - services - INFO - [services.py:1051] - [HTTP] GET /health from 127.0.0.1
2025-10-30 23:29:29,119 - services - INFO - [services.py:1056] - [HTTP] /health - Status: 200 - Time: 0.001s
2025-10-30 23:29:37,122 - services - INFO - [services.py:1051] - [HTTP] GET /memory from 127.0.0.1
2025-10-30 23:29:37,123 - services - INFO - [services.py:1056] - [HTTP] /memory - Status: 200 - Time: 0.001s
2025-10-30 23:29:47,179 - services - INFO - [services.py:1051] - [HTTP] GET /memory from 127.0.0.1
2025-10-30 23:29:47,180 - services - INFO - [services.py:1056] - [HTTP] /memory - Status: 200 - Time: 0.001s
2025-10-30 23:29:57,120 - services - INFO - [services.py:1051] - [HTTP] GET /memory from 127.0.0.1
2025-10-30 23:29:57,122 - services - INFO - [services.py:1056] - [HTTP] /memory - Status: 200 - Time: 0.001s
2025-10-30 23:29:59,123 - services - INFO - [services.py:1051] - [HTTP] GET /health from 127.0.0.1
2025-10-30 23:29:59,123 - services - INFO - [services.py:1056] - [HTTP] /health - Status: 200 - Time: 0.001s
2025-10-30 23:30:07,172 - services - INFO - [services.py:1051] - [HTTP] GET /memory from 127.0.0.1
2025-10-30 23:30:07,173 - services - INFO - [services.py:1056] - [HTTP] /memory - Status: 200 - Time: 0.001s
2025-10-30 23:30:17,125 - services - INFO - [services.py:1051] - [HTTP] GET /memory from 127.0.0.1
2025-10-30 23:30:17,127 - services - INFO - [services.py:1056] - [HTTP] /memory - Status: 200 - Time: 0.001s
2025-10-30 23:30:27,510 - services - INFO - [services.py:1051] - [HTTP] GET /memory from 127.0.0.1
2025-10-30 23:30:27,512 - services - INFO - [services.py:1056] - [HTTP] /memory - Status: 200 - Time: 0.002s
2025-10-30 23:30:29,520 - services - INFO - [services.py:1051] - [HTTP] GET /health from 127.0.0.1
2025-10-30 23:30:29,520 - services - INFO - [services.py:1056] - [HTTP] /health - Status: 200 - Time: 0.001s
2025-10-30 23:30:37,515 - services - INFO - [services.py:1051] - [HTTP] GET /memory from 127.0.0.1
2025-10-30 23:30:37,516 - services - INFO - [services.py:1056] - [HTTP] /memory - Status: 200 - Time: 0.001s
2025-10-30 23:30:47,529 - services - INFO - [services.py:1051] - [HTTP] GET /memory from 127.0.0.1
2025-10-30 23:30:47,530 - services - INFO - [services.py:1056] - [HTTP] /memory - Status: 200 - Time: 0.001s
2025-10-30 23:30:57,516 - services - INFO - [services.py:1051] - [HTTP] GET /memory from 127.0.0.1
2025-10-30 23:30:57,517 - services - INFO - [services.py:1056] - [HTTP] /memory - Status: 200 - Time: 0.001s
2025-10-30 23:30:59,514 - services - INFO - [services.py:1051] - [HTTP] GET /health from 127.0.0.1
2025-10-30 23:30:59,515 - services - INFO - [services.py:1056] - [HTTP] /health - Status: 200 - Time: 0.001s
2025-10-30 23:31:07,570 - services - INFO - [services.py:1051] - [HTTP] GET /memory from 127.0.0.1
2025-10-30 23:31:07,571 - services - INFO - [services.py:1056] - [HTTP] /memory - Status: 200 - Time: 0.001s
2025-10-30 23:31:17,528 - services - INFO - [services.py:1051] - [HTTP] GET /memory from 127.0.0.1
2025-10-30 23:31:17,529 - services - INFO - [services.py:1056] - [HTTP] /memory - Status: 200 - Time: 0.001s
2025-10-30 23:31:27,513 - services - INFO - [services.py:1051] - [HTTP] GET /memory from 127.0.0.1
2025-10-30 23:31:27,514 - services - INFO - [services.py:1056] - [HTTP] /memory - Status: 200 - Time: 0.001s
2025-10-30 23:31:29,518 - services - INFO - [services.py:1051] - [HTTP] GET /health from 127.0.0.1
2025-10-30 23:31:29,518 - services - INFO - [services.py:1056] - [HTTP] /health - Status: 200 - Time: 0.001s
2025-10-30 23:31:37,516 - services - INFO - [services.py:1051] - [HTTP] GET /memory from 127.0.0.1
2025-10-30 23:31:37,517 - services - INFO - [services.py:1056] - [HTTP] /memory - Status: 200 - Time: 0.001s
2025-10-30 23:31:47,524 - services - INFO - [services.py:1051] - [HTTP] GET /memory from 127.0.0.1
2025-10-30 23:31:47,526 - services - INFO - [services.py:1056] - [HTTP] /memory - Status: 200 - Time: 0.002s
2025-10-30 23:31:57,512 - services - INFO - [services.py:1051] - [HTTP] GET /memory from 127.0.0.1
2025-10-30 23:31:57,513 - services - INFO - [services.py:1056] - [HTTP] /memory - Status: 200 - Time: 0.001s
2025-10-30 23:31:59,563 - services - INFO - [services.py:1051] - [HTTP] GET /health from 127.0.0.1
2025-10-30 23:31:59,563 - services - INFO - [services.py:1056] - [HTTP] /health - Status: 200 - Time: 0.001s
2025-10-30 23:32:07,513 - services - INFO - [services.py:1051] - [HTTP] GET /memory from 127.0.0.1
2025-10-30 23:32:07,514 - services - INFO - [services.py:1056] - [HTTP] /memory - Status: 200 - Time: 0.001s
2025-10-30 23:32:17,516 - services - INFO - [services.py:1051] - [HTTP] GET /memory from 127.0.0.1
2025-10-30 23:32:17,517 - services - INFO - [services.py:1056] - [HTTP] /memory - Status: 200 - Time: 0.001s
2025-10-30 23:32:28,033 - services - INFO - [services.py:1051] - [HTTP] GET /memory from 127.0.0.1
2025-10-30 23:32:28,034 - services - INFO - [services.py:1056] - [HTTP] /memory - Status: 200 - Time: 0.001s
2025-10-30 23:32:30,007 - services - INFO - [services.py:1051] - [HTTP] GET /health from 127.0.0.1
2025-10-30 23:32:30,008 - services - INFO - [services.py:1056] - [HTTP] /health - Status: 200 - Time: 0.001s
2025-10-30 23:32:37,999 - services - INFO - [services.py:1051] - [HTTP] GET /memory from 127.0.0.1
2025-10-30 23:32:38,000 - services - INFO - [services.py:1056] - [HTTP] /memory - Status: 200 - Time: 0.001s
2025-10-30 23:32:48,003 - services - INFO - [services.py:1051] - [HTTP] GET /memory from 127.0.0.1
2025-10-30 23:32:48,004 - services - INFO - [services.py:1056] - [HTTP] /memory - Status: 200 - Time: 0.002s
2025-10-30 23:32:58,008 - services - INFO - [services.py:1051] - [HTTP] GET /memory from 127.0.0.1
2025-10-30 23:32:58,009 - services - INFO - [services.py:1056] - [HTTP] /memory - Status: 200 - Time: 0.001s
2025-10-30 23:33:00,007 - services - INFO - [services.py:1051] - [HTTP] GET /health from 127.0.0.1
2025-10-30 23:33:00,008 - services - INFO - [services.py:1056] - [HTTP] /health - Status: 200 - Time: 0.001s
2025-10-30 23:33:08,029 - services - INFO - [services.py:1051] - [HTTP] GET /memory from 127.0.0.1
2025-10-30 23:33:08,031 - services - INFO - [services.py:1056] - [HTTP] /memory - Status: 200 - Time: 0.001s
2025-10-30 23:33:18,006 - services - INFO - [services.py:1051] - [HTTP] GET /memory from 127.0.0.1
2025-10-30 23:33:18,007 - services - INFO - [services.py:1056] - [HTTP] /memory - Status: 200 - Time: 0.001s
2025-10-30 23:33:28,004 - services - INFO - [services.py:1051] - [HTTP] GET /memory from 127.0.0.1
2025-10-30 23:33:28,005 - services - INFO - [services.py:1056] - [HTTP] /memory - Status: 200 - Time: 0.001s
2025-10-30 23:33:30,009 - services - INFO - [services.py:1051] - [HTTP] GET /health from 127.0.0.1
2025-10-30 23:33:30,009 - services - INFO - [services.py:1056] - [HTTP] /health - Status: 200 - Time: 0.001s
2025-10-30 23:33:38,001 - services - INFO - [services.py:1051] - [HTTP] GET /memory from 127.0.0.1
2025-10-30 23:33:38,002 - services - INFO - [services.py:1056] - [HTTP] /memory - Status: 200 - Time: 0.001s
2025-10-30 23:33:48,009 - services - INFO - [services.py:1051] - [HTTP] GET /memory from 127.0.0.1
2025-10-30 23:33:48,010 - services - INFO - [services.py:1056] - [HTTP] /memory - Status: 200 - Time: 0.001s
2025-10-30 23:33:58,004 - services - INFO - [services.py:1051] - [HTTP] GET /memory from 127.0.0.1
2025-10-30 23:33:58,005 - services - INFO - [services.py:1056] - [HTTP] /memory - Status: 200 - Time: 0.001s
2025-10-30 23:34:00,008 - services - INFO - [services.py:1051] - [HTTP] GET /health from 127.0.0.1
2025-10-30 23:34:00,008 - services - INFO - [services.py:1056] - [HTTP] /health - Status: 200 - Time: 0.001s
2025-10-30 23:34:08,005 - services - INFO - [services.py:1051] - [HTTP] GET /memory from 127.0.0.1
2025-10-30 23:34:08,006 - services - INFO - [services.py:1056] - [HTTP] /memory - Status: 200 - Time: 0.001s
2025-10-30 23:34:18,032 - services - INFO - [services.py:1051] - [HTTP] GET /memory from 127.0.0.1
2025-10-30 23:34:18,033 - services - INFO - [services.py:1056] - [HTTP] /memory - Status: 200 - Time: 0.001s
2025-10-30 23:34:28,401 - services - INFO - [services.py:1051] - [HTTP] GET /memory from 127.0.0.1
2025-10-30 23:34:28,402 - services - INFO - [services.py:1056] - [HTTP] /memory - Status: 200 - Time: 0.001s
2025-10-30 23:34:30,400 - services - INFO - [services.py:1051] - [HTTP] GET /health from 127.0.0.1
2025-10-30 23:34:30,401 - services - INFO - [services.py:1056] - [HTTP] /health - Status: 200 - Time: 0.001s
2025-10-30 23:34:38,386 - services - INFO - [services.py:1051] - [HTTP] GET /memory from 127.0.0.1
2025-10-30 23:34:38,388 - services - INFO - [services.py:1056] - [HTTP] /memory - Status: 200 - Time: 0.001s
2025-10-30 23:34:48,390 - services - INFO - [services.py:1051] - [HTTP] GET /memory from 127.0.0.1
2025-10-30 23:34:48,391 - services - INFO - [services.py:1056] - [HTTP] /memory - Status: 200 - Time: 0.001s
2025-10-30 23:34:58,404 - services - INFO - [services.py:1051] - [HTTP] GET /memory from 127.0.0.1
2025-10-30 23:34:58,405 - services - INFO - [services.py:1056] - [HTTP] /memory - Status: 200 - Time: 0.001s
2025-10-30 23:35:00,386 - services - INFO - [services.py:1051] - [HTTP] GET /health from 127.0.0.1
2025-10-30 23:35:00,387 - services - INFO - [services.py:1056] - [HTTP] /health - Status: 200 - Time: 0.001s
2025-10-30 23:35:08,544 - services - INFO - [services.py:1051] - [HTTP] GET /memory from 127.0.0.1
2025-10-30 23:35:08,545 - services - INFO - [services.py:1056] - [HTTP] /memory - Status: 200 - Time: 0.001s
2025-10-30 23:35:18,389 - services - INFO - [services.py:1051] - [HTTP] GET /memory from 127.0.0.1
2025-10-30 23:35:18,390 - services - INFO - [services.py:1056] - [HTTP] /memory - Status: 200 - Time: 0.001s
2025-10-30 23:35:28,387 - services - INFO - [services.py:1051] - [HTTP] GET /memory from 127.0.0.1
2025-10-30 23:35:28,389 - services - INFO - [services.py:1056] - [HTTP] /memory - Status: 200 - Time: 0.001s
2025-10-30 23:35:30,388 - services - INFO - [services.py:1051] - [HTTP] GET /health from 127.0.0.1
2025-10-30 23:35:30,388 - services - INFO - [services.py:1056] - [HTTP] /health - Status: 200 - Time: 0.001s
2025-10-30 23:35:38,390 - services - INFO - [services.py:1051] - [HTTP] GET /memory from 127.0.0.1
2025-10-30 23:35:38,391 - services - INFO - [services.py:1056] - [HTTP] /memory - Status: 200 - Time: 0.001s
2025-10-30 23:35:48,443 - services - INFO - [services.py:1051] - [HTTP] GET /memory from 127.0.0.1
2025-10-30 23:35:48,444 - services - INFO - [services.py:1056] - [HTTP] /memory - Status: 200 - Time: 0.001s
2025-10-30 23:35:58,388 - services - INFO - [services.py:1051] - [HTTP] GET /memory from 127.0.0.1
2025-10-30 23:35:58,390 - services - INFO - [services.py:1056] - [HTTP] /memory - Status: 200 - Time: 0.001s
2025-10-30 23:36:00,397 - services - INFO - [services.py:1051] - [HTTP] GET /health from 127.0.0.1
2025-10-30 23:36:00,397 - services - INFO - [services.py:1056] - [HTTP] /health - Status: 200 - Time: 0.001s
2025-10-30 23:36:08,384 - services - INFO - [services.py:1051] - [HTTP] GET /memory from 127.0.0.1
2025-10-30 23:36:08,385 - services - INFO - [services.py:1056] - [HTTP] /memory - Status: 200 - Time: 0.001s
2025-10-30 23:36:18,389 - services - INFO - [services.py:1051] - [HTTP] GET /memory from 127.0.0.1
2025-10-30 23:36:18,390 - services - INFO - [services.py:1056] - [HTTP] /memory - Status: 200 - Time: 0.001s
2025-10-30 23:36:28,823 - services - INFO - [services.py:1051] - [HTTP] GET /memory from 127.0.0.1
2025-10-30 23:36:28,824 - services - INFO - [services.py:1056] - [HTTP] /memory - Status: 200 - Time: 0.001s
2025-10-30 23:36:30,827 - services - INFO - [services.py:1051] - [HTTP] GET /health from 127.0.0.1
2025-10-30 23:36:30,828 - services - INFO - [services.py:1056] - [HTTP] /health - Status: 200 - Time: 0.001s
2025-10-30 23:36:38,823 - services - INFO - [services.py:1051] - [HTTP] GET /memory from 127.0.0.1
2025-10-30 23:36:38,824 - services - INFO - [services.py:1056] - [HTTP] /memory - Status: 200 - Time: 0.001s
2025-10-30 23:36:48,827 - services - INFO - [services.py:1051] - [HTTP] GET /memory from 127.0.0.1
2025-10-30 23:36:48,828 - services - INFO - [services.py:1056] - [HTTP] /memory - Status: 200 - Time: 0.001s
2025-10-30 23:36:58,821 - services - INFO - [services.py:1051] - [HTTP] GET /memory from 127.0.0.1
2025-10-30 23:36:58,822 - services - INFO - [services.py:1056] - [HTTP] /memory - Status: 200 - Time: 0.001s
2025-10-30 23:37:00,827 - services - INFO - [services.py:1051] - [HTTP] GET /health from 127.0.0.1
2025-10-30 23:37:00,829 - services - INFO - [services.py:1056] - [HTTP] /health - Status: 200 - Time: 0.001s
2025-10-30 23:37:08,825 - services - INFO - [services.py:1051] - [HTTP] GET /memory from 127.0.0.1
2025-10-30 23:37:08,826 - services - INFO - [services.py:1056] - [HTTP] /memory - Status: 200 - Time: 0.002s
2025-10-30 23:37:18,828 - services - INFO - [services.py:1051] - [HTTP] GET /memory from 127.0.0.1
2025-10-30 23:37:18,830 - services - INFO - [services.py:1056] - [HTTP] /memory - Status: 200 - Time: 0.001s
2025-10-30 23:37:28,821 - services - INFO - [services.py:1051] - [HTTP] GET /memory from 127.0.0.1
2025-10-30 23:37:28,822 - services - INFO - [services.py:1056] - [HTTP] /memory - Status: 200 - Time: 0.001s
2025-10-30 23:37:30,826 - services - INFO - [services.py:1051] - [HTTP] GET /health from 127.0.0.1
2025-10-30 23:37:30,826 - services - INFO - [services.py:1056] - [HTTP] /health - Status: 200 - Time: 0.001s
2025-10-30 23:37:38,820 - services - INFO - [services.py:1051] - [HTTP] GET /memory from 127.0.0.1
2025-10-30 23:37:38,821 - services - INFO - [services.py:1056] - [HTTP] /memory - Status: 200 - Time: 0.001s
2025-10-30 23:37:48,828 - services - INFO - [services.py:1051] - [HTTP] GET /memory from 127.0.0.1
2025-10-30 23:37:48,829 - services - INFO - [services.py:1056] - [HTTP] /memory - Status: 200 - Time: 0.001s
2025-10-30 23:37:58,835 - services - INFO - [services.py:1051] - [HTTP] GET /memory from 127.0.0.1
2025-10-30 23:37:58,836 - services - INFO - [services.py:1056] - [HTTP] /memory - Status: 200 - Time: 0.001s
2025-10-30 23:38:00,834 - services - INFO - [services.py:1051] - [HTTP] GET /health from 127.0.0.1
2025-10-30 23:38:00,834 - services - INFO - [services.py:1056] - [HTTP] /health - Status: 200 - Time: 0.001s
2025-10-30 23:38:08,822 - services - INFO - [services.py:1051] - [HTTP] GET /memory from 127.0.0.1
2025-10-30 23:38:08,823 - services - INFO - [services.py:1056] - [HTTP] /memory - Status: 200 - Time: 0.001s
2025-10-30 23:38:18,863 - services - INFO - [services.py:1051] - [HTTP] GET /memory from 127.0.0.1
2025-10-30 23:38:18,865 - services - INFO - [services.py:1056] - [HTTP] /memory - Status: 200 - Time: 0.001s
2025-10-30 23:38:29,199 - services - INFO - [services.py:1051] - [HTTP] GET /memory from 127.0.0.1
2025-10-30 23:38:29,200 - services - INFO - [services.py:1056] - [HTTP] /memory - Status: 200 - Time: 0.002s
2025-10-30 23:38:31,194 - services - INFO - [services.py:1051] - [HTTP] GET /health from 127.0.0.1
2025-10-30 23:38:31,195 - services - INFO - [services.py:1056] - [HTTP] /health - Status: 200 - Time: 0.001s
2025-10-30 23:38:39,314 - services - INFO - [services.py:1051] - [HTTP] GET /memory from 127.0.0.1
2025-10-30 23:38:39,315 - services - INFO - [services.py:1056] - [HTTP] /memory - Status: 200 - Time: 0.001s
2025-10-30 23:38:49,316 - services - INFO - [services.py:1051] - [HTTP] GET /memory from 127.0.0.1
2025-10-30 23:38:49,318 - services - INFO - [services.py:1056] - [HTTP] /memory - Status: 200 - Time: 0.002s
2025-10-30 23:38:59,216 - services - INFO - [services.py:1051] - [HTTP] GET /memory from 127.0.0.1
2025-10-30 23:38:59,217 - services - INFO - [services.py:1056] - [HTTP] /memory - Status: 200 - Time: 0.001s
2025-10-30 23:39:01,202 - services - INFO - [services.py:1051] - [HTTP] GET /health from 127.0.0.1
2025-10-30 23:39:01,202 - services - INFO - [services.py:1056] - [HTTP] /health - Status: 200 - Time: 0.001s
2025-10-30 23:39:09,200 - services - INFO - [services.py:1051] - [HTTP] GET /memory from 127.0.0.1
2025-10-30 23:39:09,201 - services - INFO - [services.py:1056] - [HTTP] /memory - Status: 200 - Time: 0.001s
2025-10-30 23:39:19,206 - services - INFO - [services.py:1051] - [HTTP] GET /memory from 127.0.0.1
2025-10-30 23:39:19,208 - services - INFO - [services.py:1056] - [HTTP] /memory - Status: 200 - Time: 0.001s
2025-10-30 23:39:29,253 - services - INFO - [services.py:1051] - [HTTP] GET /memory from 127.0.0.1
2025-10-30 23:39:29,254 - services - INFO - [services.py:1056] - [HTTP] /memory - Status: 200 - Time: 0.001s
2025-10-30 23:39:31,202 - services - INFO - [services.py:1051] - [HTTP] GET /health from 127.0.0.1
2025-10-30 23:39:31,203 - services - INFO - [services.py:1056] - [HTTP] /health - Status: 200 - Time: 0.001s
2025-10-30 23:39:39,189 - services - INFO - [services.py:1051] - [HTTP] GET /memory from 127.0.0.1
2025-10-30 23:39:39,190 - services - INFO - [services.py:1056] - [HTTP] /memory - Status: 200 - Time: 0.001s
2025-10-30 23:39:49,218 - services - INFO - [services.py:1051] - [HTTP] GET /memory from 127.0.0.1
2025-10-30 23:39:49,219 - services - INFO - [services.py:1056] - [HTTP] /memory - Status: 200 - Time: 0.001s
2025-10-30 23:39:59,193 - services - INFO - [services.py:1051] - [HTTP] GET /memory from 127.0.0.1
2025-10-30 23:39:59,194 - services - INFO - [services.py:1056] - [HTTP] /memory - Status: 200 - Time: 0.001s
2025-10-30 23:40:01,193 - services - INFO - [services.py:1051] - [HTTP] GET /health from 127.0.0.1
2025-10-30 23:40:01,194 - services - INFO - [services.py:1056] - [HTTP] /health - Status: 200 - Time: 0.001s
2025-10-30 23:40:09,196 - services - INFO - [services.py:1051] - [HTTP] GET /memory from 127.0.0.1
2025-10-30 23:40:09,198 - services - INFO - [services.py:1056] - [HTTP] /memory - Status: 200 - Time: 0.002s
2025-10-30 23:40:19,199 - services - INFO - [services.py:1051] - [HTTP] GET /memory from 127.0.0.1
2025-10-30 23:40:19,200 - services - INFO - [services.py:1056] - [HTTP] /memory - Status: 200 - Time: 0.001s
2025-10-30 23:40:29,558 - services - INFO - [services.py:1051] - [HTTP] GET /memory from 127.0.0.1
2025-10-30 23:40:29,559 - services - INFO - [services.py:1056] - [HTTP] /memory - Status: 200 - Time: 0.001s
2025-10-30 23:40:31,567 - services - INFO - [services.py:1051] - [HTTP] GET /health from 127.0.0.1
2025-10-30 23:40:31,568 - services - INFO - [services.py:1056] - [HTTP] /health - Status: 200 - Time: 0.001s
2025-10-30 23:40:39,578 - services - INFO - [services.py:1051] - [HTTP] GET /memory from 127.0.0.1
2025-10-30 23:40:39,579 - services - INFO - [services.py:1056] - [HTTP] /memory - Status: 200 - Time: 0.001s
2025-10-30 23:40:49,558 - services - INFO - [services.py:1051] - [HTTP] GET /memory from 127.0.0.1
2025-10-30 23:40:49,559 - services - INFO - [services.py:1056] - [HTTP] /memory - Status: 200 - Time: 0.001s
2025-10-30 23:40:59,569 - services - INFO - [services.py:1051] - [HTTP] GET /memory from 127.0.0.1
2025-10-30 23:40:59,570 - services - INFO - [services.py:1056] - [HTTP] /memory - Status: 200 - Time: 0.001s
2025-10-30 23:41:01,565 - services - INFO - [services.py:1051] - [HTTP] GET /health from 127.0.0.1
2025-10-30 23:41:01,566 - services - INFO - [services.py:1056] - [HTTP] /health - Status: 200 - Time: 0.001s
2025-10-30 23:41:09,576 - services - INFO - [services.py:1051] - [HTTP] GET /memory from 127.0.0.1
2025-10-30 23:41:09,577 - services - INFO - [services.py:1056] - [HTTP] /memory - Status: 200 - Time: 0.001s
2025-10-30 23:41:19,571 - services - INFO - [services.py:1051] - [HTTP] GET /memory from 127.0.0.1
2025-10-30 23:41:19,572 - services - INFO - [services.py:1056] - [HTTP] /memory - Status: 200 - Time: 0.001s
2025-10-30 23:41:29,570 - services - INFO - [services.py:1051] - [HTTP] GET /memory from 127.0.0.1
2025-10-30 23:41:29,571 - services - INFO - [services.py:1056] - [HTTP] /memory - Status: 200 - Time: 0.001s
2025-10-30 23:41:31,569 - services - INFO - [services.py:1051] - [HTTP] GET /health from 127.0.0.1
2025-10-30 23:41:31,570 - services - INFO - [services.py:1056] - [HTTP] /health - Status: 200 - Time: 0.001s
2025-10-30 23:41:39,565 - services - INFO - [services.py:1051] - [HTTP] GET /memory from 127.0.0.1
2025-10-30 23:41:39,566 - services - INFO - [services.py:1056] - [HTTP] /memory - Status: 200 - Time: 0.001s
2025-10-30 23:41:49,568 - services - INFO - [services.py:1051] - [HTTP] GET /memory from 127.0.0.1
2025-10-30 23:41:49,569 - services - INFO - [services.py:1056] - [HTTP] /memory - Status: 200 - Time: 0.001s
2025-10-30 23:41:59,567 - services - INFO - [services.py:1051] - [HTTP] GET /memory from 127.0.0.1
2025-10-30 23:41:59,569 - services - INFO - [services.py:1056] - [HTTP] /memory - Status: 200 - Time: 0.001s
2025-10-30 23:42:01,574 - services - INFO - [services.py:1051] - [HTTP] GET /health from 127.0.0.1
2025-10-30 23:42:01,575 - services - INFO - [services.py:1056] - [HTTP] /health - Status: 200 - Time: 0.001s
2025-10-30 23:42:09,568 - services - INFO - [services.py:1051] - [HTTP] GET /memory from 127.0.0.1
2025-10-30 23:42:09,569 - services - INFO - [services.py:1056] - [HTTP] /memory - Status: 200 - Time: 0.001s
2025-10-30 23:42:19,615 - services - INFO - [services.py:1051] - [HTTP] GET /memory from 127.0.0.1
2025-10-30 23:42:19,616 - services - INFO - [services.py:1056] - [HTTP] /memory - Status: 200 - Time: 0.001s
2025-10-30 23:42:29,928 - services - INFO - [services.py:1051] - [HTTP] GET /memory from 127.0.0.1
2025-10-30 23:42:29,929 - services - INFO - [services.py:1056] - [HTTP] /memory - Status: 200 - Time: 0.001s
2025-10-30 23:42:31,943 - services - INFO - [services.py:1051] - [HTTP] GET /health from 127.0.0.1
2025-10-30 23:42:31,944 - services - INFO - [services.py:1056] - [HTTP] /health - Status: 200 - Time: 0.001s
2025-10-30 23:42:39,932 - services - INFO - [services.py:1051] - [HTTP] GET /memory from 127.0.0.1
2025-10-30 23:42:39,933 - services - INFO - [services.py:1056] - [HTTP] /memory - Status: 200 - Time: 0.001s
2025-10-30 23:42:49,937 - services - INFO - [services.py:1051] - [HTTP] GET /memory from 127.0.0.1
2025-10-30 23:42:49,939 - services - INFO - [services.py:1056] - [HTTP] /memory - Status: 200 - Time: 0.002s
2025-10-30 23:42:59,941 - services - INFO - [services.py:1051] - [HTTP] GET /memory from 127.0.0.1
2025-10-30 23:42:59,942 - services - INFO - [services.py:1056] - [HTTP] /memory - Status: 200 - Time: 0.001s
2025-10-30 23:43:01,986 - services - INFO - [services.py:1051] - [HTTP] GET /health from 127.0.0.1
2025-10-30 23:43:01,986 - services - INFO - [services.py:1056] - [HTTP] /health - Status: 200 - Time: 0.001s
2025-10-30 23:43:09,953 - services - INFO - [services.py:1051] - [HTTP] GET /memory from 127.0.0.1
2025-10-30 23:43:09,954 - services - INFO - [services.py:1056] - [HTTP] /memory - Status: 200 - Time: 0.001s
2025-10-30 23:43:19,942 - services - INFO - [services.py:1051] - [HTTP] GET /memory from 127.0.0.1
2025-10-30 23:43:19,942 - services - INFO - [services.py:1056] - [HTTP] /memory - Status: 200 - Time: 0.001s
2025-10-30 23:43:29,935 - services - INFO - [services.py:1051] - [HTTP] GET /memory from 127.0.0.1
2025-10-30 23:43:29,937 - services - INFO - [services.py:1056] - [HTTP] /memory - Status: 200 - Time: 0.001s
2025-10-30 23:43:31,950 - services - INFO - [services.py:1051] - [HTTP] GET /health from 127.0.0.1
2025-10-30 23:43:31,951 - services - INFO - [services.py:1056] - [HTTP] /health - Status: 200 - Time: 0.001s
2025-10-30 23:43:39,943 - services - INFO - [services.py:1051] - [HTTP] GET /memory from 127.0.0.1
2025-10-30 23:43:39,944 - services - INFO - [services.py:1056] - [HTTP] /memory - Status: 200 - Time: 0.001s
2025-10-30 23:43:49,931 - services - INFO - [services.py:1051] - [HTTP] GET /memory from 127.0.0.1
2025-10-30 23:43:49,932 - services - INFO - [services.py:1056] - [HTTP] /memory - Status: 200 - Time: 0.001s
2025-10-30 23:43:59,945 - services - INFO - [services.py:1051] - [HTTP] GET /memory from 127.0.0.1
2025-10-30 23:43:59,946 - services - INFO - [services.py:1056] - [HTTP] /memory - Status: 200 - Time: 0.001s
2025-10-30 23:44:01,938 - services - INFO - [services.py:1051] - [HTTP] GET /health from 127.0.0.1
2025-10-30 23:44:01,939 - services - INFO - [services.py:1056] - [HTTP] /health - Status: 200 - Time: 0.001s
2025-10-30 23:44:09,953 - services - INFO - [services.py:1051] - [HTTP] GET /memory from 127.0.0.1
2025-10-30 23:44:09,954 - services - INFO - [services.py:1056] - [HTTP] /memory - Status: 200 - Time: 0.001s
2025-10-30 23:44:19,976 - services - INFO - [services.py:1051] - [HTTP] GET /memory from 127.0.0.1
2025-10-30 23:44:19,978 - services - INFO - [services.py:1056] - [HTTP] /memory - Status: 200 - Time: 0.001s
2025-10-30 23:44:30,449 - services - INFO - [services.py:1051] - [HTTP] GET /memory from 127.0.0.1
2025-10-30 23:44:30,450 - services - INFO - [services.py:1056] - [HTTP] /memory - Status: 200 - Time: 0.001s
2025-10-30 23:44:32,444 - services - INFO - [services.py:1051] - [HTTP] GET /health from 127.0.0.1
2025-10-30 23:44:32,445 - services - INFO - [services.py:1056] - [HTTP] /health - Status: 200 - Time: 0.001s
2025-10-30 23:44:40,438 - services - INFO - [services.py:1051] - [HTTP] GET /memory from 127.0.0.1
2025-10-30 23:44:40,439 - services - INFO - [services.py:1056] - [HTTP] /memory - Status: 200 - Time: 0.001s
2025-10-30 23:44:50,440 - services - INFO - [services.py:1051] - [HTTP] GET /memory from 127.0.0.1
2025-10-30 23:44:50,441 - services - INFO - [services.py:1056] - [HTTP] /memory - Status: 200 - Time: 0.001s
2025-10-30 23:45:00,452 - services - INFO - [services.py:1051] - [HTTP] GET /memory from 127.0.0.1
2025-10-30 23:45:00,453 - services - INFO - [services.py:1056] - [HTTP] /memory - Status: 200 - Time: 0.001s
2025-10-30 23:45:02,447 - services - INFO - [services.py:1051] - [HTTP] GET /health from 127.0.0.1
2025-10-30 23:45:02,448 - services - INFO - [services.py:1056] - [HTTP] /health - Status: 200 - Time: 0.001s
2025-10-30 23:45:10,492 - services - INFO - [services.py:1051] - [HTTP] GET /memory from 127.0.0.1
2025-10-30 23:45:10,494 - services - INFO - [services.py:1056] - [HTTP] /memory - Status: 200 - Time: 0.001s
2025-10-30 23:45:20,447 - services - INFO - [services.py:1051] - [HTTP] GET /memory from 127.0.0.1
2025-10-30 23:45:20,448 - services - INFO - [services.py:1056] - [HTTP] /memory - Status: 200 - Time: 0.001s
2025-10-30 23:45:30,467 - services - INFO - [services.py:1051] - [HTTP] GET /memory from 127.0.0.1
2025-10-30 23:45:30,469 - services - INFO - [services.py:1056] - [HTTP] /memory - Status: 200 - Time: 0.001s
2025-10-30 23:45:32,449 - services - INFO - [services.py:1051] - [HTTP] GET /health from 127.0.0.1
2025-10-30 23:45:32,450 - services - INFO - [services.py:1056] - [HTTP] /health - Status: 200 - Time: 0.001s
2025-10-30 23:45:40,484 - services - INFO - [services.py:1051] - [HTTP] GET /memory from 127.0.0.1
2025-10-30 23:45:40,486 - services - INFO - [services.py:1056] - [HTTP] /memory - Status: 200 - Time: 0.001s
2025-10-30 23:45:50,437 - services - INFO - [services.py:1051] - [HTTP] GET /memory from 127.0.0.1
2025-10-30 23:45:50,438 - services - INFO - [services.py:1056] - [HTTP] /memory - Status: 200 - Time: 0.001s
2025-10-30 23:46:00,448 - services - INFO - [services.py:1051] - [HTTP] GET /memory from 127.0.0.1
2025-10-30 23:46:00,449 - services - INFO - [services.py:1056] - [HTTP] /memory - Status: 200 - Time: 0.001s
2025-10-30 23:46:02,444 - services - INFO - [services.py:1051] - [HTTP] GET /health from 127.0.0.1
2025-10-30 23:46:02,444 - services - INFO - [services.py:1056] - [HTTP] /health - Status: 200 - Time: 0.001s
2025-10-30 23:46:10,631 - services - INFO - [services.py:1051] - [HTTP] GET /memory from 127.0.0.1
2025-10-30 23:46:10,632 - services - INFO - [services.py:1056] - [HTTP] /memory - Status: 200 - Time: 0.001s
2025-10-30 23:46:20,635 - services - INFO - [services.py:1051] - [HTTP] GET /memory from 127.0.0.1
2025-10-30 23:46:20,636 - services - INFO - [services.py:1056] - [HTTP] /memory - Status: 200 - Time: 0.001s
2025-10-30 23:46:31,014 - services - INFO - [services.py:1051] - [HTTP] GET /memory from 127.0.0.1
2025-10-30 23:46:31,015 - services - INFO - [services.py:1056] - [HTTP] /memory - Status: 200 - Time: 0.001s
2025-10-30 23:46:33,034 - services - INFO - [services.py:1051] - [HTTP] GET /health from 127.0.0.1
2025-10-30 23:46:33,035 - services - INFO - [services.py:1056] - [HTTP] /health - Status: 200 - Time: 0.001s
2025-10-30 23:46:41,021 - services - INFO - [services.py:1051] - [HTTP] GET /memory from 127.0.0.1
2025-10-30 23:46:41,022 - services - INFO - [services.py:1056] - [HTTP] /memory - Status: 200 - Time: 0.001s
2025-10-30 23:46:51,014 - services - INFO - [services.py:1051] - [HTTP] GET /memory from 127.0.0.1
2025-10-30 23:46:51,015 - services - INFO - [services.py:1056] - [HTTP] /memory - Status: 200 - Time: 0.001s
2025-10-30 23:47:01,028 - services - INFO - [services.py:1051] - [HTTP] GET /memory from 127.0.0.1
2025-10-30 23:47:01,030 - services - INFO - [services.py:1056] - [HTTP] /memory - Status: 200 - Time: 0.002s
2025-10-30 23:47:03,016 - services - INFO - [services.py:1051] - [HTTP] GET /health from 127.0.0.1
2025-10-30 23:47:03,016 - services - INFO - [services.py:1056] - [HTTP] /health - Status: 200 - Time: 0.001s
2025-10-30 23:47:11,036 - services - INFO - [services.py:1051] - [HTTP] GET /memory from 127.0.0.1
2025-10-30 23:47:11,038 - services - INFO - [services.py:1056] - [HTTP] /memory - Status: 200 - Time: 0.001s
2025-10-30 23:47:21,025 - services - INFO - [services.py:1051] - [HTTP] GET /memory from 127.0.0.1
2025-10-30 23:47:21,026 - services - INFO - [services.py:1056] - [HTTP] /memory - Status: 200 - Time: 0.001s
2025-10-30 23:47:31,065 - services - INFO - [services.py:1051] - [HTTP] GET /memory from 127.0.0.1
2025-10-30 23:47:31,066 - services - INFO - [services.py:1056] - [HTTP] /memory - Status: 200 - Time: 0.001s
2025-10-30 23:47:33,015 - services - INFO - [services.py:1051] - [HTTP] GET /health from 127.0.0.1
2025-10-30 23:47:33,016 - services - INFO - [services.py:1056] - [HTTP] /health - Status: 200 - Time: 0.001s
2025-10-30 23:47:41,019 - services - INFO - [services.py:1051] - [HTTP] GET /memory from 127.0.0.1
2025-10-30 23:47:41,020 - services - INFO - [services.py:1056] - [HTTP] /memory - Status: 200 - Time: 0.001s
2025-10-30 23:47:51,013 - services - INFO - [services.py:1051] - [HTTP] GET /memory from 127.0.0.1
2025-10-30 23:47:51,014 - services - INFO - [services.py:1056] - [HTTP] /memory - Status: 200 - Time: 0.001s
2025-10-30 23:48:01,015 - services - INFO - [services.py:1051] - [HTTP] GET /memory from 127.0.0.1
2025-10-30 23:48:01,016 - services - INFO - [services.py:1056] - [HTTP] /memory - Status: 200 - Time: 0.001s
2025-10-30 23:48:03,062 - services - INFO - [services.py:1051] - [HTTP] GET /health from 127.0.0.1
2025-10-30 23:48:03,063 - services - INFO - [services.py:1056] - [HTTP] /health - Status: 200 - Time: 0.001s
2025-10-30 23:48:11,034 - services - INFO - [services.py:1051] - [HTTP] GET /memory from 127.0.0.1
2025-10-30 23:48:11,035 - services - INFO - [services.py:1056] - [HTTP] /memory - Status: 200 - Time: 0.001s
2025-10-30 23:48:21,021 - services - INFO - [services.py:1051] - [HTTP] GET /memory from 127.0.0.1
2025-10-30 23:48:21,023 - services - INFO - [services.py:1056] - [HTTP] /memory - Status: 200 - Time: 0.002s
2025-10-30 23:48:31,377 - services - INFO - [services.py:1051] - [HTTP] GET /memory from 127.0.0.1
2025-10-30 23:48:31,378 - services - INFO - [services.py:1056] - [HTTP] /memory - Status: 200 - Time: 0.001s
2025-10-30 23:48:33,385 - services - INFO - [services.py:1051] - [HTTP] GET /health from 127.0.0.1
2025-10-30 23:48:33,385 - services - INFO - [services.py:1056] - [HTTP] /health - Status: 200 - Time: 0.001s
2025-10-30 23:48:41,379 - services - INFO - [services.py:1051] - [HTTP] GET /memory from 127.0.0.1
2025-10-30 23:48:41,380 - services - INFO - [services.py:1056] - [HTTP] /memory - Status: 200 - Time: 0.001s
2025-10-30 23:48:51,378 - services - INFO - [services.py:1051] - [HTTP] GET /memory from 127.0.0.1
2025-10-30 23:48:51,380 - services - INFO - [services.py:1056] - [HTTP] /memory - Status: 200 - Time: 0.001s
2025-10-30 23:49:01,391 - services - INFO - [services.py:1051] - [HTTP] GET /memory from 127.0.0.1
2025-10-30 23:49:01,392 - services - INFO - [services.py:1056] - [HTTP] /memory - Status: 200 - Time: 0.001s
2025-10-30 23:49:03,382 - services - INFO - [services.py:1051] - [HTTP] GET /health from 127.0.0.1
2025-10-30 23:49:03,383 - services - INFO - [services.py:1056] - [HTTP] /health - Status: 200 - Time: 0.001s
2025-10-30 23:49:11,383 - services - INFO - [services.py:1051] - [HTTP] GET /memory from 127.0.0.1
2025-10-30 23:49:11,383 - services - INFO - [services.py:1056] - [HTTP] /memory - Status: 200 - Time: 0.001s
2025-10-30 23:49:21,383 - services - INFO - [services.py:1051] - [HTTP] GET /memory from 127.0.0.1
2025-10-30 23:49:21,384 - services - INFO - [services.py:1056] - [HTTP] /memory - Status: 200 - Time: 0.001s
2025-10-30 23:49:31,441 - services - INFO - [services.py:1051] - [HTTP] GET /memory from 127.0.0.1
2025-10-30 23:49:31,442 - services - INFO - [services.py:1056] - [HTTP] /memory - Status: 200 - Time: 0.001s
2025-10-30 23:49:33,395 - services - INFO - [services.py:1051] - [HTTP] GET /health from 127.0.0.1
2025-10-30 23:49:33,396 - services - INFO - [services.py:1056] - [HTTP] /health - Status: 200 - Time: 0.001s
2025-10-30 23:49:41,385 - services - INFO - [services.py:1051] - [HTTP] GET /memory from 127.0.0.1
2025-10-30 23:49:41,386 - services - INFO - [services.py:1056] - [HTTP] /memory - Status: 200 - Time: 0.001s
2025-10-30 23:49:51,391 - services - INFO - [services.py:1051] - [HTTP] GET /memory from 127.0.0.1
2025-10-30 23:49:51,392 - services - INFO - [services.py:1056] - [HTTP] /memory - Status: 200 - Time: 0.001s
2025-10-30 23:50:01,382 - services - INFO - [services.py:1051] - [HTTP] GET /memory from 127.0.0.1
2025-10-30 23:50:01,384 - services - INFO - [services.py:1056] - [HTTP] /memory - Status: 200 - Time: 0.001s
2025-10-30 23:50:03,376 - services - INFO - [services.py:1051] - [HTTP] GET /health from 127.0.0.1
2025-10-30 23:50:03,377 - services - INFO - [services.py:1056] - [HTTP] /health - Status: 200 - Time: 0.001s
2025-10-30 23:50:11,419 - services - INFO - [services.py:1051] - [HTTP] GET /memory from 127.0.0.1
2025-10-30 23:50:11,421 - services - INFO - [services.py:1056] - [HTTP] /memory - Status: 200 - Time: 0.001s
2025-10-30 23:50:21,417 - services - INFO - [services.py:1051] - [HTTP] GET /memory from 127.0.0.1
2025-10-30 23:50:21,418 - services - INFO - [services.py:1056] - [HTTP] /memory - Status: 200 - Time: 0.001s
2025-10-30 23:50:31,771 - services - INFO - [services.py:1051] - [HTTP] GET /memory from 127.0.0.1
2025-10-30 23:50:31,772 - services - INFO - [services.py:1056] - [HTTP] /memory - Status: 200 - Time: 0.001s
2025-10-30 23:50:33,759 - services - INFO - [services.py:1051] - [HTTP] GET /health from 127.0.0.1
2025-10-30 23:50:33,760 - services - INFO - [services.py:1056] - [HTTP] /health - Status: 200 - Time: 0.001s
2025-10-30 23:50:41,757 - services - INFO - [services.py:1051] - [HTTP] GET /memory from 127.0.0.1
2025-10-30 23:50:41,758 - services - INFO - [services.py:1056] - [HTTP] /memory - Status: 200 - Time: 0.001s
2025-10-30 23:50:51,772 - services - INFO - [services.py:1051] - [HTTP] GET /memory from 127.0.0.1
2025-10-30 23:50:51,773 - services - INFO - [services.py:1056] - [HTTP] /memory - Status: 200 - Time: 0.001s
2025-10-30 23:51:01,798 - services - INFO - [services.py:1051] - [HTTP] GET /memory from 127.0.0.1
2025-10-30 23:51:01,799 - services - INFO - [services.py:1056] - [HTTP] /memory - Status: 200 - Time: 0.001s
2025-10-30 23:51:03,754 - services - INFO - [services.py:1051] - [HTTP] GET /health from 127.0.0.1
2025-10-30 23:51:03,755 - services - INFO - [services.py:1056] - [HTTP] /health - Status: 200 - Time: 0.001s
2025-10-30 23:51:11,780 - services - INFO - [services.py:1051] - [HTTP] GET /memory from 127.0.0.1
2025-10-30 23:51:11,781 - services - INFO - [services.py:1056] - [HTTP] /memory - Status: 200 - Time: 0.001s
2025-10-30 23:51:21,761 - services - INFO - [services.py:1051] - [HTTP] GET /memory from 127.0.0.1
2025-10-30 23:51:21,762 - services - INFO - [services.py:1056] - [HTTP] /memory - Status: 200 - Time: 0.001s
2025-10-30 23:51:31,770 - services - INFO - [services.py:1051] - [HTTP] GET /memory from 127.0.0.1
2025-10-30 23:51:31,771 - services - INFO - [services.py:1056] - [HTTP] /memory - Status: 200 - Time: 0.001s
2025-10-30 23:51:33,761 - services - INFO - [services.py:1051] - [HTTP] GET /health from 127.0.0.1
2025-10-30 23:51:33,761 - services - INFO - [services.py:1056] - [HTTP] /health - Status: 200 - Time: 0.001s
2025-10-30 23:51:41,763 - services - INFO - [services.py:1051] - [HTTP] GET /memory from 127.0.0.1
2025-10-30 23:51:41,764 - services - INFO - [services.py:1056] - [HTTP] /memory - Status: 200 - Time: 0.001s
2025-10-30 23:51:51,769 - services - INFO - [services.py:1051] - [HTTP] GET /memory from 127.0.0.1
2025-10-30 23:51:51,770 - services - INFO - [services.py:1056] - [HTTP] /memory - Status: 200 - Time: 0.001s
2025-10-30 23:52:01,758 - services - INFO - [services.py:1051] - [HTTP] GET /memory from 127.0.0.1
2025-10-30 23:52:01,759 - services - INFO - [services.py:1056] - [HTTP] /memory - Status: 200 - Time: 0.001s
2025-10-30 23:52:03,796 - services - INFO - [services.py:1051] - [HTTP] GET /health from 127.0.0.1
2025-10-30 23:52:03,797 - services - INFO - [services.py:1056] - [HTTP] /health - Status: 200 - Time: 0.001s
2025-10-30 23:52:11,762 - services - INFO - [services.py:1051] - [HTTP] GET /memory from 127.0.0.1
2025-10-30 23:52:11,763 - services - INFO - [services.py:1056] - [HTTP] /memory - Status: 200 - Time: 0.001s
2025-10-30 23:52:21,761 - services - INFO - [services.py:1051] - [HTTP] GET /memory from 127.0.0.1
2025-10-30 23:52:21,762 - services - INFO - [services.py:1056] - [HTTP] /memory - Status: 200 - Time: 0.001s
2025-10-30 23:52:32,171 - services - INFO - [services.py:1051] - [HTTP] GET /memory from 127.0.0.1
2025-10-30 23:52:32,173 - services - INFO - [services.py:1056] - [HTTP] /memory - Status: 200 - Time: 0.002s
2025-10-30 23:52:34,344 - services - INFO - [services.py:1051] - [HTTP] GET /health from 127.0.0.1
2025-10-30 23:52:34,345 - services - INFO - [services.py:1056] - [HTTP] /health - Status: 200 - Time: 0.001s
2025-10-30 23:52:42,182 - services - INFO - [services.py:1051] - [HTTP] GET /memory from 127.0.0.1
2025-10-30 23:52:42,183 - services - INFO - [services.py:1056] - [HTTP] /memory - Status: 200 - Time: 0.001s
2025-10-30 23:52:52,168 - services - INFO - [services.py:1051] - [HTTP] GET /memory from 127.0.0.1
2025-10-30 23:52:52,169 - services - INFO - [services.py:1056] - [HTTP] /memory - Status: 200 - Time: 0.001s
2025-10-30 23:53:02,172 - services - INFO - [services.py:1051] - [HTTP] GET /memory from 127.0.0.1
2025-10-30 23:53:02,173 - services - INFO - [services.py:1056] - [HTTP] /memory - Status: 200 - Time: 0.001s
2025-10-30 23:53:04,281 - services - INFO - [services.py:1051] - [HTTP] GET /health from 127.0.0.1
2025-10-30 23:53:04,282 - services - INFO - [services.py:1056] - [HTTP] /health - Status: 200 - Time: 0.001s
2025-10-30 23:53:12,176 - services - INFO - [services.py:1051] - [HTTP] GET /memory from 127.0.0.1
2025-10-30 23:53:12,177 - services - INFO - [services.py:1056] - [HTTP] /memory - Status: 200 - Time: 0.001s
2025-10-30 23:53:22,176 - services - INFO - [services.py:1051] - [HTTP] GET /memory from 127.0.0.1
2025-10-30 23:53:22,177 - services - INFO - [services.py:1056] - [HTTP] /memory - Status: 200 - Time: 0.001s
2025-10-30 23:53:32,181 - services - INFO - [services.py:1051] - [HTTP] GET /memory from 127.0.0.1
2025-10-30 23:53:32,182 - services - INFO - [services.py:1056] - [HTTP] /memory - Status: 200 - Time: 0.001s
2025-10-30 23:53:34,501 - services - INFO - [services.py:1051] - [HTTP] GET /health from 127.0.0.1
2025-10-30 23:53:34,501 - services - INFO - [services.py:1056] - [HTTP] /health - Status: 200 - Time: 0.001s
2025-10-30 23:53:42,185 - services - INFO - [services.py:1051] - [HTTP] GET /memory from 127.0.0.1
2025-10-30 23:53:42,186 - services - INFO - [services.py:1056] - [HTTP] /memory - Status: 200 - Time: 0.001s
2025-10-30 23:53:52,177 - services - INFO - [services.py:1051] - [HTTP] GET /memory from 127.0.0.1
2025-10-30 23:53:52,178 - services - INFO - [services.py:1056] - [HTTP] /memory - Status: 200 - Time: 0.001s
2025-10-30 23:54:02,184 - services - INFO - [services.py:1051] - [HTTP] GET /memory from 127.0.0.1
2025-10-30 23:54:02,186 - services - INFO - [services.py:1056] - [HTTP] /memory - Status: 200 - Time: 0.001s
2025-10-30 23:54:04,327 - services - INFO - [services.py:1051] - [HTTP] GET /health from 127.0.0.1
2025-10-30 23:54:04,327 - services - INFO - [services.py:1056] - [HTTP] /health - Status: 200 - Time: 0.001s
2025-10-30 23:54:12,182 - services - INFO - [services.py:1051] - [HTTP] GET /memory from 127.0.0.1
2025-10-30 23:54:12,183 - services - INFO - [services.py:1056] - [HTTP] /memory - Status: 200 - Time: 0.001s
2025-10-30 23:54:22,187 - services - INFO - [services.py:1051] - [HTTP] GET /memory from 127.0.0.1
2025-10-30 23:54:22,188 - services - INFO - [services.py:1056] - [HTTP] /memory - Status: 200 - Time: 0.001s
2025-10-30 23:54:32,604 - services - INFO - [services.py:1051] - [HTTP] GET /memory from 127.0.0.1
2025-10-30 23:54:32,605 - services - INFO - [services.py:1056] - [HTTP] /memory - Status: 200 - Time: 0.001s
2025-10-30 23:54:34,856 - services - INFO - [services.py:1051] - [HTTP] GET /health from 127.0.0.1
2025-10-30 23:54:34,856 - services - INFO - [services.py:1056] - [HTTP] /health - Status: 200 - Time: 0.001s
2025-10-30 23:54:42,609 - services - INFO - [services.py:1051] - [HTTP] GET /memory from 127.0.0.1
2025-10-30 23:54:42,610 - services - INFO - [services.py:1056] - [HTTP] /memory - Status: 200 - Time: 0.001s
2025-10-30 23:54:52,607 - services - INFO - [services.py:1051] - [HTTP] GET /memory from 127.0.0.1
2025-10-30 23:54:52,609 - services - INFO - [services.py:1056] - [HTTP] /memory - Status: 200 - Time: 0.001s
2025-10-30 23:55:02,598 - services - INFO - [services.py:1051] - [HTTP] GET /memory from 127.0.0.1
2025-10-30 23:55:02,600 - services - INFO - [services.py:1056] - [HTTP] /memory - Status: 200 - Time: 0.001s
2025-10-30 23:55:04,691 - services - INFO - [services.py:1051] - [HTTP] GET /health from 127.0.0.1
2025-10-30 23:55:04,692 - services - INFO - [services.py:1056] - [HTTP] /health - Status: 200 - Time: 0.001s
2025-10-30 23:55:12,604 - services - INFO - [services.py:1051] - [HTTP] GET /memory from 127.0.0.1
2025-10-30 23:55:12,605 - services - INFO - [services.py:1056] - [HTTP] /memory - Status: 200 - Time: 0.001s
2025-10-30 23:55:22,610 - services - INFO - [services.py:1051] - [HTTP] GET /memory from 127.0.0.1
2025-10-30 23:55:22,612 - services - INFO - [services.py:1056] - [HTTP] /memory - Status: 200 - Time: 0.002s
2025-10-30 23:55:32,608 - services - INFO - [services.py:1051] - [HTTP] GET /memory from 127.0.0.1
2025-10-30 23:55:32,609 - services - INFO - [services.py:1056] - [HTTP] /memory - Status: 200 - Time: 0.001s
2025-10-30 23:55:34,613 - services - INFO - [services.py:1051] - [HTTP] GET /health from 127.0.0.1
2025-10-30 23:55:34,614 - services - INFO - [services.py:1056] - [HTTP] /health - Status: 200 - Time: 0.001s
2025-10-30 23:55:42,598 - services - INFO - [services.py:1051] - [HTTP] GET /memory from 127.0.0.1
2025-10-30 23:55:42,598 - services - INFO - [services.py:1056] - [HTTP] /memory - Status: 200 - Time: 0.001s
2025-10-30 23:55:52,612 - services - INFO - [services.py:1051] - [HTTP] GET /memory from 127.0.0.1
2025-10-30 23:55:52,613 - services - INFO - [services.py:1056] - [HTTP] /memory - Status: 200 - Time: 0.001s
2025-10-30 23:56:02,615 - services - INFO - [services.py:1051] - [HTTP] GET /memory from 127.0.0.1
2025-10-30 23:56:02,616 - services - INFO - [services.py:1056] - [HTTP] /memory - Status: 200 - Time: 0.001s
2025-10-30 23:56:04,613 - services - INFO - [services.py:1051] - [HTTP] GET /health from 127.0.0.1
2025-10-30 23:56:04,613 - services - INFO - [services.py:1056] - [HTTP] /health - Status: 200 - Time: 0.001s
2025-10-30 23:56:12,608 - services - INFO - [services.py:1051] - [HTTP] GET /memory from 127.0.0.1
2025-10-30 23:56:12,610 - services - INFO - [services.py:1056] - [HTTP] /memory - Status: 200 - Time: 0.001s
2025-10-30 23:56:22,620 - services - INFO - [services.py:1051] - [HTTP] GET /memory from 127.0.0.1
2025-10-30 23:56:22,621 - services - INFO - [services.py:1056] - [HTTP] /memory - Status: 200 - Time: 0.001s
2025-10-30 23:56:33,125 - services - INFO - [services.py:1051] - [HTTP] GET /memory from 127.0.0.1
2025-10-30 23:56:33,126 - services - INFO - [services.py:1056] - [HTTP] /memory - Status: 200 - Time: 0.001s
2025-10-30 23:56:35,089 - services - INFO - [services.py:1051] - [HTTP] GET /health from 127.0.0.1
2025-10-30 23:56:35,090 - services - INFO - [services.py:1056] - [HTTP] /health - Status: 200 - Time: 0.001s
2025-10-30 23:56:43,099 - services - INFO - [services.py:1051] - [HTTP] GET /memory from 127.0.0.1
2025-10-30 23:56:43,100 - services - INFO - [services.py:1056] - [HTTP] /memory - Status: 200 - Time: 0.001s
2025-10-30 23:56:53,088 - services - INFO - [services.py:1051] - [HTTP] GET /memory from 127.0.0.1
2025-10-30 23:56:53,089 - services - INFO - [services.py:1056] - [HTTP] /memory - Status: 200 - Time: 0.001s
2025-10-30 23:57:03,103 - services - INFO - [services.py:1051] - [HTTP] GET /memory from 127.0.0.1
2025-10-30 23:57:03,104 - services - INFO - [services.py:1056] - [HTTP] /memory - Status: 200 - Time: 0.001s
2025-10-30 23:57:05,095 - services - INFO - [services.py:1051] - [HTTP] GET /health from 127.0.0.1
2025-10-30 23:57:05,096 - services - INFO - [services.py:1056] - [HTTP] /health - Status: 200 - Time: 0.001s
2025-10-30 23:57:13,097 - services - INFO - [services.py:1051] - [HTTP] GET /memory from 127.0.0.1
2025-10-30 23:57:13,098 - services - INFO - [services.py:1056] - [HTTP] /memory - Status: 200 - Time: 0.001s
2025-10-30 23:57:23,094 - services - INFO - [services.py:1051] - [HTTP] GET /memory from 127.0.0.1
2025-10-30 23:57:23,095 - services - INFO - [services.py:1056] - [HTTP] /memory - Status: 200 - Time: 0.001s
2025-10-30 23:57:33,095 - services - INFO - [services.py:1051] - [HTTP] GET /memory from 127.0.0.1
2025-10-30 23:57:33,096 - services - INFO - [services.py:1056] - [HTTP] /memory - Status: 200 - Time: 0.001s
2025-10-30 23:57:35,131 - services - INFO - [services.py:1051] - [HTTP] GET /health from 127.0.0.1
2025-10-30 23:57:35,131 - services - INFO - [services.py:1056] - [HTTP] /health - Status: 200 - Time: 0.001s
2025-10-30 23:57:43,093 - services - INFO - [services.py:1051] - [HTTP] GET /memory from 127.0.0.1
2025-10-30 23:57:43,094 - services - INFO - [services.py:1056] - [HTTP] /memory - Status: 200 - Time: 0.001s
2025-10-30 23:57:53,089 - services - INFO - [services.py:1051] - [HTTP] GET /memory from 127.0.0.1
2025-10-30 23:57:53,091 - services - INFO - [services.py:1056] - [HTTP] /memory - Status: 200 - Time: 0.001s
2025-10-30 23:58:03,094 - services - INFO - [services.py:1051] - [HTTP] GET /memory from 127.0.0.1
2025-10-30 23:58:03,096 - services - INFO - [services.py:1056] - [HTTP] /memory - Status: 200 - Time: 0.002s
2025-10-30 23:58:05,099 - services - INFO - [services.py:1051] - [HTTP] GET /health from 127.0.0.1
2025-10-30 23:58:05,099 - services - INFO - [services.py:1056] - [HTTP] /health - Status: 200 - Time: 0.001s
2025-10-30 23:58:13,109 - services - INFO - [services.py:1051] - [HTTP] GET /memory from 127.0.0.1
2025-10-30 23:58:13,109 - services - INFO - [services.py:1056] - [HTTP] /memory - Status: 200 - Time: 0.001s
2025-10-30 23:58:23,107 - services - INFO - [services.py:1051] - [HTTP] GET /memory from 127.0.0.1
2025-10-30 23:58:23,108 - services - INFO - [services.py:1056] - [HTTP] /memory - Status: 200 - Time: 0.001s
2025-10-30 23:58:33,480 - services - INFO - [services.py:1051] - [HTTP] GET /memory from 127.0.0.1
2025-10-30 23:58:33,481 - services - INFO - [services.py:1056] - [HTTP] /memory - Status: 200 - Time: 0.001s
2025-10-30 23:58:35,522 - services - INFO - [services.py:1051] - [HTTP] GET /health from 127.0.0.1
2025-10-30 23:58:35,523 - services - INFO - [services.py:1056] - [HTTP] /health - Status: 200 - Time: 0.001s
2025-10-30 23:58:43,475 - services - INFO - [services.py:1051] - [HTTP] GET /memory from 127.0.0.1
2025-10-30 23:58:43,477 - services - INFO - [services.py:1056] - [HTTP] /memory - Status: 200 - Time: 0.001s
2025-10-30 23:58:53,474 - services - INFO - [services.py:1051] - [HTTP] GET /memory from 127.0.0.1
2025-10-30 23:58:53,475 - services - INFO - [services.py:1056] - [HTTP] /memory - Status: 200 - Time: 0.001s
2025-10-30 23:59:03,477 - services - INFO - [services.py:1051] - [HTTP] GET /memory from 127.0.0.1
2025-10-30 23:59:03,478 - services - INFO - [services.py:1056] - [HTTP] /memory - Status: 200 - Time: 0.001s
2025-10-30 23:59:05,489 - services - INFO - [services.py:1051] - [HTTP] GET /health from 127.0.0.1
2025-10-30 23:59:05,489 - services - INFO - [services.py:1056] - [HTTP] /health - Status: 200 - Time: 0.001s
2025-10-30 23:59:13,526 - services - INFO - [services.py:1051] - [HTTP] GET /memory from 127.0.0.1
2025-10-30 23:59:13,527 - services - INFO - [services.py:1056] - [HTTP] /memory - Status: 200 - Time: 0.001s
2025-10-30 23:59:23,535 - services - INFO - [services.py:1051] - [HTTP] GET /memory from 127.0.0.1
2025-10-30 23:59:23,536 - services - INFO - [services.py:1056] - [HTTP] /memory - Status: 200 - Time: 0.001s
2025-10-30 23:59:33,523 - services - INFO - [services.py:1051] - [HTTP] GET /memory from 127.0.0.1
2025-10-30 23:59:33,524 - services - INFO - [services.py:1056] - [HTTP] /memory - Status: 200 - Time: 0.001s
2025-10-30 23:59:35,481 - services - INFO - [services.py:1051] - [HTTP] GET /health from 127.0.0.1
2025-10-30 23:59:35,482 - services - INFO - [services.py:1056] - [HTTP] /health - Status: 200 - Time: 0.001s
2025-10-30 23:59:43,477 - services - INFO - [services.py:1051] - [HTTP] GET /memory from 127.0.0.1
2025-10-30 23:59:43,478 - services - INFO - [services.py:1056] - [HTTP] /memory - Status: 200 - Time: 0.001s
2025-10-30 23:59:53,472 - services - INFO - [services.py:1051] - [HTTP] GET /memory from 127.0.0.1
2025-10-30 23:59:53,473 - services - INFO - [services.py:1056] - [HTTP] /memory - Status: 200 - Time: 0.001s
2025-10-31 00:00:03,483 - services - INFO - [services.py:1051] - [HTTP] GET /memory from 127.0.0.1
2025-10-31 00:00:03,484 - services - INFO - [services.py:1056] - [HTTP] /memory - Status: 200 - Time: 0.002s
2025-10-31 00:00:05,499 - services - INFO - [services.py:1051] - [HTTP] GET /health from 127.0.0.1
2025-10-31 00:00:05,500 - services - INFO - [services.py:1056] - [HTTP] /health - Status: 200 - Time: 0.001s
2025-10-31 00:00:13,479 - services - INFO - [services.py:1051] - [HTTP] GET /memory from 127.0.0.1
2025-10-31 00:00:13,480 - services - INFO - [services.py:1056] - [HTTP] /memory - Status: 200 - Time: 0.001s
2025-10-31 00:00:23,472 - services - INFO - [services.py:1051] - [HTTP] GET /memory from 127.0.0.1
2025-10-31 00:00:23,474 - services - INFO - [services.py:1056] - [HTTP] /memory - Status: 200 - Time: 0.001s
2025-10-31 00:00:33,931 - services - INFO - [services.py:1051] - [HTTP] GET /memory from 127.0.0.1
2025-10-31 00:00:33,932 - services - INFO - [services.py:1056] - [HTTP] /memory - Status: 200 - Time: 0.001s
2025-10-31 00:00:35,929 - services - INFO - [services.py:1051] - [HTTP] GET /health from 127.0.0.1
2025-10-31 00:00:35,930 - services - INFO - [services.py:1056] - [HTTP] /health - Status: 200 - Time: 0.001s
2025-10-31 00:00:43,937 - services - INFO - [services.py:1051] - [HTTP] GET /memory from 127.0.0.1
2025-10-31 00:00:43,938 - services - INFO - [services.py:1056] - [HTTP] /memory - Status: 200 - Time: 0.001s
2025-10-31 00:00:53,967 - services - INFO - [services.py:1051] - [HTTP] GET /memory from 127.0.0.1
2025-10-31 00:00:53,969 - services - INFO - [services.py:1056] - [HTTP] /memory - Status: 200 - Time: 0.002s
2025-10-31 00:01:03,928 - services - INFO - [services.py:1051] - [HTTP] GET /memory from 127.0.0.1
2025-10-31 00:01:03,928 - services - INFO - [services.py:1056] - [HTTP] /memory - Status: 200 - Time: 0.001s
2025-10-31 00:01:05,949 - services - INFO - [services.py:1051] - [HTTP] GET /health from 127.0.0.1
2025-10-31 00:01:05,950 - services - INFO - [services.py:1056] - [HTTP] /health - Status: 200 - Time: 0.001s
2025-10-31 00:01:13,975 - services - INFO - [services.py:1051] - [HTTP] GET /memory from 127.0.0.1
2025-10-31 00:01:13,976 - services - INFO - [services.py:1056] - [HTTP] /memory - Status: 200 - Time: 0.001s
2025-10-31 00:01:23,930 - services - INFO - [services.py:1051] - [HTTP] GET /memory from 127.0.0.1
2025-10-31 00:01:23,931 - services - INFO - [services.py:1056] - [HTTP] /memory - Status: 200 - Time: 0.001s
2025-10-31 00:01:33,934 - services - INFO - [services.py:1051] - [HTTP] GET /memory from 127.0.0.1
2025-10-31 00:01:33,935 - services - INFO - [services.py:1056] - [HTTP] /memory - Status: 200 - Time: 0.001s
2025-10-31 00:01:35,933 - services - INFO - [services.py:1051] - [HTTP] GET /health from 127.0.0.1
2025-10-31 00:01:35,934 - services - INFO - [services.py:1056] - [HTTP] /health - Status: 200 - Time: 0.001s
2025-10-31 00:01:43,956 - services - INFO - [services.py:1051] - [HTTP] GET /memory from 127.0.0.1
2025-10-31 00:01:43,957 - services - INFO - [services.py:1056] - [HTTP] /memory - Status: 200 - Time: 0.001s
2025-10-31 00:01:54,318 - services - INFO - [services.py:1051] - [HTTP] GET /memory from 127.0.0.1
2025-10-31 00:01:54,319 - services - INFO - [services.py:1056] - [HTTP] /memory - Status: 200 - Time: 0.001s
2025-10-31 00:02:04,281 - services - INFO - [services.py:1051] - [HTTP] GET /memory from 127.0.0.1
2025-10-31 00:02:04,282 - services - INFO - [services.py:1056] - [HTTP] /memory - Status: 200 - Time: 0.001s
2025-10-31 00:02:06,287 - services - INFO - [services.py:1051] - [HTTP] GET /health from 127.0.0.1
2025-10-31 00:02:06,287 - services - INFO - [services.py:1056] - [HTTP] /health - Status: 200 - Time: 0.001s
2025-10-31 00:02:14,285 - services - INFO - [services.py:1051] - [HTTP] GET /memory from 127.0.0.1
2025-10-31 00:02:14,286 - services - INFO - [services.py:1056] - [HTTP] /memory - Status: 200 - Time: 0.001s
2025-10-31 00:02:24,323 - services - INFO - [services.py:1051] - [HTTP] GET /memory from 127.0.0.1
2025-10-31 00:02:24,324 - services - INFO - [services.py:1056] - [HTTP] /memory - Status: 200 - Time: 0.001s
2025-10-31 00:02:34,656 - services - INFO - [services.py:1051] - [HTTP] GET /memory from 127.0.0.1
2025-10-31 00:02:34,657 - services - INFO - [services.py:1056] - [HTTP] /memory - Status: 200 - Time: 0.001s
2025-10-31 00:02:36,690 - services - INFO - [services.py:1051] - [HTTP] GET /health from 127.0.0.1
2025-10-31 00:02:36,691 - services - INFO - [services.py:1056] - [HTTP] /health - Status: 200 - Time: 0.001s
2025-10-31 00:02:44,661 - services - INFO - [services.py:1051] - [HTTP] GET /memory from 127.0.0.1
2025-10-31 00:02:44,662 - services - INFO - [services.py:1056] - [HTTP] /memory - Status: 200 - Time: 0.001s
2025-10-31 00:02:54,657 - services - INFO - [services.py:1051] - [HTTP] GET /memory from 127.0.0.1
2025-10-31 00:02:54,658 - services - INFO - [services.py:1056] - [HTTP] /memory - Status: 200 - Time: 0.001s
2025-10-31 00:03:04,662 - services - INFO - [services.py:1051] - [HTTP] GET /memory from 127.0.0.1
2025-10-31 00:03:04,663 - services - INFO - [services.py:1056] - [HTTP] /memory - Status: 200 - Time: 0.001s
2025-10-31 00:03:06,705 - services - INFO - [services.py:1051] - [HTTP] GET /health from 127.0.0.1
2025-10-31 00:03:06,706 - services - INFO - [services.py:1056] - [HTTP] /health - Status: 200 - Time: 0.001s
2025-10-31 00:03:14,660 - services - INFO - [services.py:1051] - [HTTP] GET /memory from 127.0.0.1
2025-10-31 00:03:14,662 - services - INFO - [services.py:1056] - [HTTP] /memory - Status: 200 - Time: 0.002s
2025-10-31 00:03:24,663 - services - INFO - [services.py:1051] - [HTTP] GET /memory from 127.0.0.1
2025-10-31 00:03:24,664 - services - INFO - [services.py:1056] - [HTTP] /memory - Status: 200 - Time: 0.001s
2025-10-31 00:03:34,660 - services - INFO - [services.py:1051] - [HTTP] GET /memory from 127.0.0.1
2025-10-31 00:03:34,662 - services - INFO - [services.py:1056] - [HTTP] /memory - Status: 200 - Time: 0.001s
2025-10-31 00:03:36,667 - services - INFO - [services.py:1051] - [HTTP] GET /health from 127.0.0.1
2025-10-31 00:03:36,667 - services - INFO - [services.py:1056] - [HTTP] /health - Status: 200 - Time: 0.001s
2025-10-31 00:03:44,684 - services - INFO - [services.py:1051] - [HTTP] GET /memory from 127.0.0.1
2025-10-31 00:03:44,685 - services - INFO - [services.py:1056] - [HTTP] /memory - Status: 200 - Time: 0.001s
2025-10-31 00:03:54,660 - services - INFO - [services.py:1051] - [HTTP] GET /memory from 127.0.0.1
2025-10-31 00:03:54,662 - services - INFO - [services.py:1056] - [HTTP] /memory - Status: 200 - Time: 0.002s
2025-10-31 00:04:04,658 - services - INFO - [services.py:1051] - [HTTP] GET /memory from 127.0.0.1
2025-10-31 00:04:04,660 - services - INFO - [services.py:1056] - [HTTP] /memory - Status: 200 - Time: 0.001s
2025-10-31 00:04:06,657 - services - INFO - [services.py:1051] - [HTTP] GET /health from 127.0.0.1
2025-10-31 00:04:06,658 - services - INFO - [services.py:1056] - [HTTP] /health - Status: 200 - Time: 0.001s
2025-10-31 00:04:14,661 - services - INFO - [services.py:1051] - [HTTP] GET /memory from 127.0.0.1
2025-10-31 00:04:14,662 - services - INFO - [services.py:1056] - [HTTP] /memory - Status: 200 - Time: 0.001s
2025-10-31 00:04:24,664 - services - INFO - [services.py:1051] - [HTTP] GET /memory from 127.0.0.1
2025-10-31 00:04:24,666 - services - INFO - [services.py:1056] - [HTTP] /memory - Status: 200 - Time: 0.002s
2025-10-31 00:04:35,052 - services - INFO - [services.py:1051] - [HTTP] GET /memory from 127.0.0.1
2025-10-31 00:04:35,053 - services - INFO - [services.py:1056] - [HTTP] /memory - Status: 200 - Time: 0.001s
2025-10-31 00:04:37,060 - services - INFO - [services.py:1051] - [HTTP] GET /health from 127.0.0.1
2025-10-31 00:04:37,061 - services - INFO - [services.py:1056] - [HTTP] /health - Status: 200 - Time: 0.001s
2025-10-31 00:04:45,052 - services - INFO - [services.py:1051] - [HTTP] GET /memory from 127.0.0.1
2025-10-31 00:04:45,053 - services - INFO - [services.py:1056] - [HTTP] /memory - Status: 200 - Time: 0.002s
2025-10-31 00:04:55,051 - services - INFO - [services.py:1051] - [HTTP] GET /memory from 127.0.0.1
2025-10-31 00:04:55,054 - services - INFO - [services.py:1056] - [HTTP] /memory - Status: 200 - Time: 0.003s
2025-10-31 00:05:05,057 - services - INFO - [services.py:1051] - [HTTP] GET /memory from 127.0.0.1
2025-10-31 00:05:05,059 - services - INFO - [services.py:1056] - [HTTP] /memory - Status: 200 - Time: 0.001s
2025-10-31 00:05:07,114 - services - INFO - [services.py:1051] - [HTTP] GET /health from 127.0.0.1
2025-10-31 00:05:07,115 - services - INFO - [services.py:1056] - [HTTP] /health - Status: 200 - Time: 0.001s
2025-10-31 00:05:15,050 - services - INFO - [services.py:1051] - [HTTP] GET /memory from 127.0.0.1
2025-10-31 00:05:15,052 - services - INFO - [services.py:1056] - [HTTP] /memory - Status: 200 - Time: 0.002s
2025-10-31 00:05:25,055 - services - INFO - [services.py:1051] - [HTTP] GET /memory from 127.0.0.1
2025-10-31 00:05:25,057 - services - INFO - [services.py:1056] - [HTTP] /memory - Status: 200 - Time: 0.002s
2025-10-31 00:05:35,064 - services - INFO - [services.py:1051] - [HTTP] GET /memory from 127.0.0.1
2025-10-31 00:05:35,066 - services - INFO - [services.py:1056] - [HTTP] /memory - Status: 200 - Time: 0.002s
2025-10-31 00:05:37,058 - services - INFO - [services.py:1051] - [HTTP] GET /health from 127.0.0.1
2025-10-31 00:05:37,059 - services - INFO - [services.py:1056] - [HTTP] /health - Status: 200 - Time: 0.001s
2025-10-31 00:05:45,070 - services - INFO - [services.py:1051] - [HTTP] GET /memory from 127.0.0.1
2025-10-31 00:05:45,072 - services - INFO - [services.py:1056] - [HTTP] /memory - Status: 200 - Time: 0.001s
2025-10-31 00:05:55,055 - services - INFO - [services.py:1051] - [HTTP] GET /memory from 127.0.0.1
2025-10-31 00:05:55,057 - services - INFO - [services.py:1056] - [HTTP] /memory - Status: 200 - Time: 0.002s
2025-10-31 00:06:05,085 - services - INFO - [services.py:1051] - [HTTP] GET /memory from 127.0.0.1
2025-10-31 00:06:05,086 - services - INFO - [services.py:1056] - [HTTP] /memory - Status: 200 - Time: 0.002s
2025-10-31 00:06:07,059 - services - INFO - [services.py:1051] - [HTTP] GET /health from 127.0.0.1
2025-10-31 00:06:07,060 - services - INFO - [services.py:1056] - [HTTP] /health - Status: 200 - Time: 0.001s
2025-10-31 00:06:15,057 - services - INFO - [services.py:1051] - [HTTP] GET /memory from 127.0.0.1
2025-10-31 00:06:15,058 - services - INFO - [services.py:1056] - [HTTP] /memory - Status: 200 - Time: 0.001s
2025-10-31 00:06:25,060 - services - INFO - [services.py:1051] - [HTTP] GET /memory from 127.0.0.1
2025-10-31 00:06:25,061 - services - INFO - [services.py:1056] - [HTTP] /memory - Status: 200 - Time: 0.001s
2025-10-31 00:06:35,529 - services - INFO - [services.py:1051] - [HTTP] GET /memory from 127.0.0.1
2025-10-31 00:06:35,530 - services - INFO - [services.py:1056] - [HTTP] /memory - Status: 200 - Time: 0.001s
2025-10-31 00:06:37,539 - services - INFO - [services.py:1051] - [HTTP] GET /health from 127.0.0.1
2025-10-31 00:06:37,540 - services - INFO - [services.py:1056] - [HTTP] /health - Status: 200 - Time: 0.001s
2025-10-31 00:06:45,527 - services - INFO - [services.py:1051] - [HTTP] GET /memory from 127.0.0.1
2025-10-31 00:06:45,528 - services - INFO - [services.py:1056] - [HTTP] /memory - Status: 200 - Time: 0.001s
2025-10-31 00:06:55,525 - services - INFO - [services.py:1051] - [HTTP] GET /memory from 127.0.0.1
2025-10-31 00:06:55,526 - services - INFO - [services.py:1056] - [HTTP] /memory - Status: 200 - Time: 0.001s
2025-10-31 00:07:05,527 - services - INFO - [services.py:1051] - [HTTP] GET /memory from 127.0.0.1
2025-10-31 00:07:05,528 - services - INFO - [services.py:1056] - [HTTP] /memory - Status: 200 - Time: 0.001s
2025-10-31 00:07:07,529 - services - INFO - [services.py:1051] - [HTTP] GET /health from 127.0.0.1
2025-10-31 00:07:07,530 - services - INFO - [services.py:1056] - [HTTP] /health - Status: 200 - Time: 0.001s
2025-10-31 00:07:15,540 - services - INFO - [services.py:1051] - [HTTP] GET /memory from 127.0.0.1
2025-10-31 00:07:15,541 - services - INFO - [services.py:1056] - [HTTP] /memory - Status: 200 - Time: 0.001s
2025-10-31 00:07:25,553 - services - INFO - [services.py:1051] - [HTTP] GET /memory from 127.0.0.1
2025-10-31 00:07:25,554 - services - INFO - [services.py:1056] - [HTTP] /memory - Status: 200 - Time: 0.001s
2025-10-31 00:07:35,528 - services - INFO - [services.py:1051] - [HTTP] GET /memory from 127.0.0.1
2025-10-31 00:07:35,529 - services - INFO - [services.py:1056] - [HTTP] /memory - Status: 200 - Time: 0.001s
2025-10-31 00:07:37,556 - services - INFO - [services.py:1051] - [HTTP] GET /health from 127.0.0.1
2025-10-31 00:07:37,556 - services - INFO - [services.py:1056] - [HTTP] /health - Status: 200 - Time: 0.001s
2025-10-31 00:07:45,529 - services - INFO - [services.py:1051] - [HTTP] GET /memory from 127.0.0.1
2025-10-31 00:07:45,530 - services - INFO - [services.py:1056] - [HTTP] /memory - Status: 200 - Time: 0.001s
2025-10-31 00:07:55,532 - services - INFO - [services.py:1051] - [HTTP] GET /memory from 127.0.0.1
2025-10-31 00:07:55,533 - services - INFO - [services.py:1056] - [HTTP] /memory - Status: 200 - Time: 0.001s
2025-10-31 00:08:05,528 - services - INFO - [services.py:1051] - [HTTP] GET /memory from 127.0.0.1
2025-10-31 00:08:05,529 - services - INFO - [services.py:1056] - [HTTP] /memory - Status: 200 - Time: 0.001s
2025-10-31 00:08:07,543 - services - INFO - [services.py:1051] - [HTTP] GET /health from 127.0.0.1
2025-10-31 00:08:07,544 - services - INFO - [services.py:1056] - [HTTP] /health - Status: 200 - Time: 0.001s
2025-10-31 00:08:15,538 - services - INFO - [services.py:1051] - [HTTP] GET /memory from 127.0.0.1
2025-10-31 00:08:15,539 - services - INFO - [services.py:1056] - [HTTP] /memory - Status: 200 - Time: 0.001s
2025-10-31 00:08:25,523 - services - INFO - [services.py:1051] - [HTTP] GET /memory from 127.0.0.1
2025-10-31 00:08:25,524 - services - INFO - [services.py:1056] - [HTTP] /memory - Status: 200 - Time: 0.001s
2025-10-31 00:08:35,767 - services - INFO - [services.py:1051] - [HTTP] GET /memory from 127.0.0.1
2025-10-31 00:08:35,768 - services - INFO - [services.py:1056] - [HTTP] /memory - Status: 200 - Time: 0.001s
2025-10-31 00:08:37,735 - services - INFO - [services.py:1051] - [HTTP] GET /health from 127.0.0.1
2025-10-31 00:08:37,735 - services - INFO - [services.py:1056] - [HTTP] /health - Status: 200 - Time: 0.001s
2025-10-31 00:08:45,734 - services - INFO - [services.py:1051] - [HTTP] GET /memory from 127.0.0.1
2025-10-31 00:08:45,735 - services - INFO - [services.py:1056] - [HTTP] /memory - Status: 200 - Time: 0.001s
2025-10-31 00:08:55,732 - services - INFO - [services.py:1051] - [HTTP] GET /memory from 127.0.0.1
2025-10-31 00:08:55,733 - services - INFO - [services.py:1056] - [HTTP] /memory - Status: 200 - Time: 0.001s
2025-10-31 00:09:05,738 - services - INFO - [services.py:1051] - [HTTP] GET /memory from 127.0.0.1
2025-10-31 00:09:05,740 - services - INFO - [services.py:1056] - [HTTP] /memory - Status: 200 - Time: 0.001s
2025-10-31 00:09:07,785 - services - INFO - [services.py:1051] - [HTTP] GET /health from 127.0.0.1
2025-10-31 00:09:07,786 - services - INFO - [services.py:1056] - [HTTP] /health - Status: 200 - Time: 0.001s
2025-10-31 00:09:15,750 - services - INFO - [services.py:1051] - [HTTP] GET /memory from 127.0.0.1
2025-10-31 00:09:15,751 - services - INFO - [services.py:1056] - [HTTP] /memory - Status: 200 - Time: 0.001s
2025-10-31 00:09:25,744 - services - INFO - [services.py:1051] - [HTTP] GET /memory from 127.0.0.1
2025-10-31 00:09:25,746 - services - INFO - [services.py:1056] - [HTTP] /memory - Status: 200 - Time: 0.001s
2025-10-31 00:09:35,738 - services - INFO - [services.py:1051] - [HTTP] GET /memory from 127.0.0.1
2025-10-31 00:09:35,739 - services - INFO - [services.py:1056] - [HTTP] /memory - Status: 200 - Time: 0.001s
2025-10-31 00:09:37,738 - services - INFO - [services.py:1051] - [HTTP] GET /health from 127.0.0.1
2025-10-31 00:09:37,739 - services - INFO - [services.py:1056] - [HTTP] /health - Status: 200 - Time: 0.001s
2025-10-31 00:09:45,746 - services - INFO - [services.py:1051] - [HTTP] GET /memory from 127.0.0.1
2025-10-31 00:09:45,747 - services - INFO - [services.py:1056] - [HTTP] /memory - Status: 200 - Time: 0.001s
2025-10-31 00:09:55,756 - services - INFO - [services.py:1051] - [HTTP] GET /memory from 127.0.0.1
2025-10-31 00:09:55,757 - services - INFO - [services.py:1056] - [HTTP] /memory - Status: 200 - Time: 0.001s
2025-10-31 00:10:05,738 - services - INFO - [services.py:1051] - [HTTP] GET /memory from 127.0.0.1
2025-10-31 00:10:05,739 - services - INFO - [services.py:1056] - [HTTP] /memory - Status: 200 - Time: 0.002s
2025-10-31 00:10:07,785 - services - INFO - [services.py:1051] - [HTTP] GET /health from 127.0.0.1
2025-10-31 00:10:07,786 - services - INFO - [services.py:1056] - [HTTP] /health - Status: 200 - Time: 0.001s
2025-10-31 00:10:15,746 - services - INFO - [services.py:1051] - [HTTP] GET /memory from 127.0.0.1
2025-10-31 00:10:15,747 - services - INFO - [services.py:1056] - [HTTP] /memory - Status: 200 - Time: 0.001s
2025-10-31 00:10:25,750 - services - INFO - [services.py:1051] - [HTTP] GET /memory from 127.0.0.1
2025-10-31 00:10:25,752 - services - INFO - [services.py:1056] - [HTTP] /memory - Status: 200 - Time: 0.002s
2025-10-31 00:10:36,106 - services - INFO - [services.py:1051] - [HTTP] GET /memory from 127.0.0.1
2025-10-31 00:10:36,107 - services - INFO - [services.py:1056] - [HTTP] /memory - Status: 200 - Time: 0.001s
2025-10-31 00:10:38,153 - services - INFO - [services.py:1051] - [HTTP] GET /health from 127.0.0.1
2025-10-31 00:10:38,154 - services - INFO - [services.py:1056] - [HTTP] /health - Status: 200 - Time: 0.001s
2025-10-31 00:10:46,232 - services - INFO - [services.py:1051] - [HTTP] GET /memory from 127.0.0.1
2025-10-31 00:10:46,233 - services - INFO - [services.py:1056] - [HTTP] /memory - Status: 200 - Time: 0.001s
2025-10-31 00:10:56,109 - services - INFO - [services.py:1051] - [HTTP] GET /memory from 127.0.0.1
2025-10-31 00:10:56,110 - services - INFO - [services.py:1056] - [HTTP] /memory - Status: 200 - Time: 0.001s
2025-10-31 00:11:06,107 - services - INFO - [services.py:1051] - [HTTP] GET /memory from 127.0.0.1
2025-10-31 00:11:06,109 - services - INFO - [services.py:1056] - [HTTP] /memory - Status: 200 - Time: 0.002s
2025-10-31 00:11:08,129 - services - INFO - [services.py:1051] - [HTTP] GET /health from 127.0.0.1
2025-10-31 00:11:08,130 - services - INFO - [services.py:1056] - [HTTP] /health - Status: 200 - Time: 0.001s
2025-10-31 00:11:16,396 - services - INFO - [services.py:1051] - [HTTP] GET /memory from 127.0.0.1
2025-10-31 00:11:16,397 - services - INFO - [services.py:1056] - [HTTP] /memory - Status: 200 - Time: 0.001s
2025-10-31 00:11:26,320 - services - INFO - [services.py:1051] - [HTTP] GET /memory from 127.0.0.1
2025-10-31 00:11:26,321 - services - INFO - [services.py:1056] - [HTTP] /memory - Status: 200 - Time: 0.001s
2025-10-31 00:11:36,317 - services - INFO - [services.py:1051] - [HTTP] GET /memory from 127.0.0.1
2025-10-31 00:11:36,318 - services - INFO - [services.py:1056] - [HTTP] /memory - Status: 200 - Time: 0.001s
2025-10-31 00:11:38,319 - services - INFO - [services.py:1051] - [HTTP] GET /health from 127.0.0.1
2025-10-31 00:11:38,320 - services - INFO - [services.py:1056] - [HTTP] /health - Status: 200 - Time: 0.001s
2025-10-31 00:11:46,342 - services - INFO - [services.py:1051] - [HTTP] GET /memory from 127.0.0.1
2025-10-31 00:11:46,343 - services - INFO - [services.py:1056] - [HTTP] /memory - Status: 200 - Time: 0.001s
2025-10-31 00:11:56,324 - services - INFO - [services.py:1051] - [HTTP] GET /memory from 127.0.0.1
2025-10-31 00:11:56,326 - services - INFO - [services.py:1056] - [HTTP] /memory - Status: 200 - Time: 0.002s
2025-10-31 00:12:06,338 - services - INFO - [services.py:1051] - [HTTP] GET /memory from 127.0.0.1
2025-10-31 00:12:06,339 - services - INFO - [services.py:1056] - [HTTP] /memory - Status: 200 - Time: 0.001s
2025-10-31 00:12:08,329 - services - INFO - [services.py:1051] - [HTTP] GET /health from 127.0.0.1
2025-10-31 00:12:08,330 - services - INFO - [services.py:1056] - [HTTP] /health - Status: 200 - Time: 0.001s
2025-10-31 00:12:16,321 - services - INFO - [services.py:1051] - [HTTP] GET /memory from 127.0.0.1
2025-10-31 00:12:16,323 - services - INFO - [services.py:1056] - [HTTP] /memory - Status: 200 - Time: 0.002s
2025-10-31 00:12:26,331 - services - INFO - [services.py:1051] - [HTTP] GET /memory from 127.0.0.1
2025-10-31 00:12:26,332 - services - INFO - [services.py:1056] - [HTTP] /memory - Status: 200 - Time: 0.001s
2025-10-31 00:12:36,787 - services - INFO - [services.py:1051] - [HTTP] GET /memory from 127.0.0.1
2025-10-31 00:12:36,789 - services - INFO - [services.py:1056] - [HTTP] /memory - Status: 200 - Time: 0.002s
2025-10-31 00:12:38,844 - services - INFO - [services.py:1051] - [HTTP] GET /health from 127.0.0.1
2025-10-31 00:12:38,845 - services - INFO - [services.py:1056] - [HTTP] /health - Status: 200 - Time: 0.001s
2025-10-31 00:12:46,804 - services - INFO - [services.py:1051] - [HTTP] GET /memory from 127.0.0.1
2025-10-31 00:12:46,806 - services - INFO - [services.py:1056] - [HTTP] /memory - Status: 200 - Time: 0.001s
2025-10-31 00:12:56,782 - services - INFO - [services.py:1051] - [HTTP] GET /memory from 127.0.0.1
2025-10-31 00:12:56,783 - services - INFO - [services.py:1056] - [HTTP] /memory - Status: 200 - Time: 0.001s
2025-10-31 00:13:06,788 - services - INFO - [services.py:1051] - [HTTP] GET /memory from 127.0.0.1
2025-10-31 00:13:06,789 - services - INFO - [services.py:1056] - [HTTP] /memory - Status: 200 - Time: 0.001s
2025-10-31 00:13:08,833 - services - INFO - [services.py:1051] - [HTTP] GET /health from 127.0.0.1
2025-10-31 00:13:08,833 - services - INFO - [services.py:1056] - [HTTP] /health - Status: 200 - Time: 0.001s
2025-10-31 00:13:16,882 - services - INFO - [services.py:1051] - [HTTP] GET /memory from 127.0.0.1
2025-10-31 00:13:16,883 - services - INFO - [services.py:1056] - [HTTP] /memory - Status: 200 - Time: 0.001s
2025-10-31 00:13:26,796 - services - INFO - [services.py:1051] - [HTTP] GET /memory from 127.0.0.1
2025-10-31 00:13:26,797 - services - INFO - [services.py:1056] - [HTTP] /memory - Status: 200 - Time: 0.001s
2025-10-31 00:13:36,788 - services - INFO - [services.py:1051] - [HTTP] GET /memory from 127.0.0.1
2025-10-31 00:13:36,789 - services - INFO - [services.py:1056] - [HTTP] /memory - Status: 200 - Time: 0.001s
2025-10-31 00:13:38,796 - services - INFO - [services.py:1051] - [HTTP] GET /health from 127.0.0.1
2025-10-31 00:13:38,797 - services - INFO - [services.py:1056] - [HTTP] /health - Status: 200 - Time: 0.001s
2025-10-31 00:13:46,815 - services - INFO - [services.py:1051] - [HTTP] GET /memory from 127.0.0.1
2025-10-31 00:13:46,816 - services - INFO - [services.py:1056] - [HTTP] /memory - Status: 200 - Time: 0.001s
2025-10-31 00:13:56,863 - services - INFO - [services.py:1051] - [HTTP] GET /memory from 127.0.0.1
2025-10-31 00:13:56,864 - services - INFO - [services.py:1056] - [HTTP] /memory - Status: 200 - Time: 0.001s
2025-10-31 00:14:06,836 - services - INFO - [services.py:1051] - [HTTP] GET /memory from 127.0.0.1
2025-10-31 00:14:06,838 - services - INFO - [services.py:1056] - [HTTP] /memory - Status: 200 - Time: 0.001s
2025-10-31 00:14:08,829 - services - INFO - [services.py:1051] - [HTTP] GET /health from 127.0.0.1
2025-10-31 00:14:08,830 - services - INFO - [services.py:1056] - [HTTP] /health - Status: 200 - Time: 0.001s
2025-10-31 00:14:16,822 - services - INFO - [services.py:1051] - [HTTP] GET /memory from 127.0.0.1
2025-10-31 00:14:16,824 - services - INFO - [services.py:1056] - [HTTP] /memory - Status: 200 - Time: 0.001s
2025-10-31 00:14:26,853 - services - INFO - [services.py:1051] - [HTTP] GET /memory from 127.0.0.1
2025-10-31 00:14:26,854 - services - INFO - [services.py:1056] - [HTTP] /memory - Status: 200 - Time: 0.002s
2025-10-31 00:14:37,201 - services - INFO - [services.py:1051] - [HTTP] GET /memory from 127.0.0.1
2025-10-31 00:14:37,202 - services - INFO - [services.py:1056] - [HTTP] /memory - Status: 200 - Time: 0.002s
2025-10-31 00:14:39,183 - services - INFO - [services.py:1051] - [HTTP] GET /health from 127.0.0.1
2025-10-31 00:14:39,184 - services - INFO - [services.py:1056] - [HTTP] /health - Status: 200 - Time: 0.001s
2025-10-31 00:14:47,177 - services - INFO - [services.py:1051] - [HTTP] GET /memory from 127.0.0.1
2025-10-31 00:14:47,178 - services - INFO - [services.py:1056] - [HTTP] /memory - Status: 200 - Time: 0.001s
2025-10-31 00:14:57,226 - services - INFO - [services.py:1051] - [HTTP] GET /memory from 127.0.0.1
2025-10-31 00:14:57,227 - services - INFO - [services.py:1056] - [HTTP] /memory - Status: 200 - Time: 0.002s
2025-10-31 00:15:07,180 - services - INFO - [services.py:1051] - [HTTP] GET /memory from 127.0.0.1
2025-10-31 00:15:07,181 - services - INFO - [services.py:1056] - [HTTP] /memory - Status: 200 - Time: 0.001s
2025-10-31 00:15:09,242 - services - INFO - [services.py:1051] - [HTTP] GET /health from 127.0.0.1
2025-10-31 00:15:09,243 - services - INFO - [services.py:1056] - [HTTP] /health - Status: 200 - Time: 0.001s
2025-10-31 00:15:17,173 - services - INFO - [services.py:1051] - [HTTP] GET /memory from 127.0.0.1
2025-10-31 00:15:17,174 - services - INFO - [services.py:1056] - [HTTP] /memory - Status: 200 - Time: 0.001s
2025-10-31 00:15:27,223 - services - INFO - [services.py:1051] - [HTTP] GET /memory from 127.0.0.1
2025-10-31 00:15:27,224 - services - INFO - [services.py:1056] - [HTTP] /memory - Status: 200 - Time: 0.001s
2025-10-31 00:15:37,202 - services - INFO - [services.py:1051] - [HTTP] GET /memory from 127.0.0.1
2025-10-31 00:15:37,203 - services - INFO - [services.py:1056] - [HTTP] /memory - Status: 200 - Time: 0.001s
2025-10-31 00:15:39,252 - services - INFO - [services.py:1051] - [HTTP] GET /health from 127.0.0.1
2025-10-31 00:15:39,253 - services - INFO - [services.py:1056] - [HTTP] /health - Status: 200 - Time: 0.001s
2025-10-31 00:15:47,202 - services - INFO - [services.py:1051] - [HTTP] GET /memory from 127.0.0.1
2025-10-31 00:15:47,203 - services - INFO - [services.py:1056] - [HTTP] /memory - Status: 200 - Time: 0.001s
2025-10-31 00:15:57,178 - services - INFO - [services.py:1051] - [HTTP] GET /memory from 127.0.0.1
2025-10-31 00:15:57,179 - services - INFO - [services.py:1056] - [HTTP] /memory - Status: 200 - Time: 0.001s
2025-10-31 00:16:07,180 - services - INFO - [services.py:1051] - [HTTP] GET /memory from 127.0.0.1
2025-10-31 00:16:07,181 - services - INFO - [services.py:1056] - [HTTP] /memory - Status: 200 - Time: 0.001s
2025-10-31 00:16:09,233 - services - INFO - [services.py:1051] - [HTTP] GET /health from 127.0.0.1
2025-10-31 00:16:09,234 - services - INFO - [services.py:1056] - [HTTP] /health - Status: 200 - Time: 0.001s
2025-10-31 00:16:17,185 - services - INFO - [services.py:1051] - [HTTP] GET /memory from 127.0.0.1
2025-10-31 00:16:17,186 - services - INFO - [services.py:1056] - [HTTP] /memory - Status: 200 - Time: 0.001s
2025-10-31 00:16:27,184 - services - INFO - [services.py:1051] - [HTTP] GET /memory from 127.0.0.1
2025-10-31 00:16:27,185 - services - INFO - [services.py:1056] - [HTTP] /memory - Status: 200 - Time: 0.001s
2025-10-31 00:16:37,562 - services - INFO - [services.py:1051] - [HTTP] GET /memory from 127.0.0.1
2025-10-31 00:16:37,563 - services - INFO - [services.py:1056] - [HTTP] /memory - Status: 200 - Time: 0.001s
2025-10-31 00:16:39,570 - services - INFO - [services.py:1051] - [HTTP] GET /health from 127.0.0.1
2025-10-31 00:16:39,571 - services - INFO - [services.py:1056] - [HTTP] /health - Status: 200 - Time: 0.001s
2025-10-31 00:16:47,566 - services - INFO - [services.py:1051] - [HTTP] GET /memory from 127.0.0.1
2025-10-31 00:16:47,567 - services - INFO - [services.py:1056] - [HTTP] /memory - Status: 200 - Time: 0.001s
2025-10-31 00:16:57,561 - services - INFO - [services.py:1051] - [HTTP] GET /memory from 127.0.0.1
2025-10-31 00:16:57,562 - services - INFO - [services.py:1056] - [HTTP] /memory - Status: 200 - Time: 0.001s
2025-10-31 00:17:07,561 - services - INFO - [services.py:1051] - [HTTP] GET /memory from 127.0.0.1
2025-10-31 00:17:07,563 - services - INFO - [services.py:1056] - [HTTP] /memory - Status: 200 - Time: 0.001s
2025-10-31 00:17:09,568 - services - INFO - [services.py:1051] - [HTTP] GET /health from 127.0.0.1
2025-10-31 00:17:09,569 - services - INFO - [services.py:1056] - [HTTP] /health - Status: 200 - Time: 0.001s
2025-10-31 00:17:17,562 - services - INFO - [services.py:1051] - [HTTP] GET /memory from 127.0.0.1
2025-10-31 00:17:17,563 - services - INFO - [services.py:1056] - [HTTP] /memory - Status: 200 - Time: 0.002s
2025-10-31 00:17:27,560 - services - INFO - [services.py:1051] - [HTTP] GET /memory from 127.0.0.1
2025-10-31 00:17:27,562 - services - INFO - [services.py:1056] - [HTTP] /memory - Status: 200 - Time: 0.002s
2025-10-31 00:17:37,572 - services - INFO - [services.py:1051] - [HTTP] GET /memory from 127.0.0.1
2025-10-31 00:17:37,573 - services - INFO - [services.py:1056] - [HTTP] /memory - Status: 200 - Time: 0.001s
2025-10-31 00:17:39,594 - services - INFO - [services.py:1051] - [HTTP] GET /health from 127.0.0.1
2025-10-31 00:17:39,594 - services - INFO - [services.py:1056] - [HTTP] /health - Status: 200 - Time: 0.001s
2025-10-31 00:17:47,611 - services - INFO - [services.py:1051] - [HTTP] GET /memory from 127.0.0.1
2025-10-31 00:17:47,613 - services - INFO - [services.py:1056] - [HTTP] /memory - Status: 200 - Time: 0.001s
2025-10-31 00:17:57,562 - services - INFO - [services.py:1051] - [HTTP] GET /memory from 127.0.0.1
2025-10-31 00:17:57,564 - services - INFO - [services.py:1056] - [HTTP] /memory - Status: 200 - Time: 0.001s
2025-10-31 00:18:07,621 - services - INFO - [services.py:1051] - [HTTP] GET /memory from 127.0.0.1
2025-10-31 00:18:07,623 - services - INFO - [services.py:1056] - [HTTP] /memory - Status: 200 - Time: 0.001s
2025-10-31 00:18:09,599 - services - INFO - [services.py:1051] - [HTTP] GET /health from 127.0.0.1
2025-10-31 00:18:09,600 - services - INFO - [services.py:1056] - [HTTP] /health - Status: 200 - Time: 0.001s
2025-10-31 00:18:17,604 - services - INFO - [services.py:1051] - [HTTP] GET /memory from 127.0.0.1
2025-10-31 00:18:17,605 - services - INFO - [services.py:1056] - [HTTP] /memory - Status: 200 - Time: 0.001s
2025-10-31 00:18:27,557 - services - INFO - [services.py:1051] - [HTTP] GET /memory from 127.0.0.1
2025-10-31 00:18:27,558 - services - INFO - [services.py:1056] - [HTTP] /memory - Status: 200 - Time: 0.001s
2025-10-31 00:18:37,954 - services - INFO - [services.py:1051] - [HTTP] GET /memory from 127.0.0.1
2025-10-31 00:18:37,955 - services - INFO - [services.py:1056] - [HTTP] /memory - Status: 200 - Time: 0.001s
2025-10-31 00:18:39,972 - services - INFO - [services.py:1051] - [HTTP] GET /health from 127.0.0.1
2025-10-31 00:18:39,973 - services - INFO - [services.py:1056] - [HTTP] /health - Status: 200 - Time: 0.001s
2025-10-31 00:18:47,958 - services - INFO - [services.py:1051] - [HTTP] GET /memory from 127.0.0.1
2025-10-31 00:18:47,960 - services - INFO - [services.py:1056] - [HTTP] /memory - Status: 200 - Time: 0.002s
2025-10-31 00:18:57,961 - services - INFO - [services.py:1051] - [HTTP] GET /memory from 127.0.0.1
2025-10-31 00:18:57,962 - services - INFO - [services.py:1056] - [HTTP] /memory - Status: 200 - Time: 0.001s
2025-10-31 00:19:07,966 - services - INFO - [services.py:1051] - [HTTP] GET /memory from 127.0.0.1
2025-10-31 00:19:07,967 - services - INFO - [services.py:1056] - [HTTP] /memory - Status: 200 - Time: 0.001s
2025-10-31 00:19:09,976 - services - INFO - [services.py:1051] - [HTTP] GET /health from 127.0.0.1
2025-10-31 00:19:09,977 - services - INFO - [services.py:1056] - [HTTP] /health - Status: 200 - Time: 0.001s
2025-10-31 00:19:17,963 - services - INFO - [services.py:1051] - [HTTP] GET /memory from 127.0.0.1
2025-10-31 00:19:17,964 - services - INFO - [services.py:1056] - [HTTP] /memory - Status: 200 - Time: 0.001s
2025-10-31 00:19:27,962 - services - INFO - [services.py:1051] - [HTTP] GET /memory from 127.0.0.1
2025-10-31 00:19:27,963 - services - INFO - [services.py:1056] - [HTTP] /memory - Status: 200 - Time: 0.001s
2025-10-31 00:19:37,965 - services - INFO - [services.py:1051] - [HTTP] GET /memory from 127.0.0.1
2025-10-31 00:19:37,966 - services - INFO - [services.py:1056] - [HTTP] /memory - Status: 200 - Time: 0.001s
2025-10-31 00:19:40,002 - services - INFO - [services.py:1051] - [HTTP] GET /health from 127.0.0.1
2025-10-31 00:19:40,002 - services - INFO - [services.py:1056] - [HTTP] /health - Status: 200 - Time: 0.001s
2025-10-31 00:19:47,969 - services - INFO - [services.py:1051] - [HTTP] GET /memory from 127.0.0.1
2025-10-31 00:19:47,970 - services - INFO - [services.py:1056] - [HTTP] /memory - Status: 200 - Time: 0.001s
2025-10-31 00:19:57,977 - services - INFO - [services.py:1051] - [HTTP] GET /memory from 127.0.0.1
2025-10-31 00:19:57,979 - services - INFO - [services.py:1056] - [HTTP] /memory - Status: 200 - Time: 0.002s
2025-10-31 00:20:07,970 - services - INFO - [services.py:1051] - [HTTP] GET /memory from 127.0.0.1
2025-10-31 00:20:07,972 - services - INFO - [services.py:1056] - [HTTP] /memory - Status: 200 - Time: 0.002s
2025-10-31 00:20:09,977 - services - INFO - [services.py:1051] - [HTTP] GET /health from 127.0.0.1
2025-10-31 00:20:09,978 - services - INFO - [services.py:1056] - [HTTP] /health - Status: 200 - Time: 0.001s
2025-10-31 00:20:18,046 - services - INFO - [services.py:1051] - [HTTP] GET /memory from 127.0.0.1
2025-10-31 00:20:18,047 - services - INFO - [services.py:1056] - [HTTP] /memory - Status: 200 - Time: 0.001s
2025-10-31 00:20:27,970 - services - INFO - [services.py:1051] - [HTTP] GET /memory from 127.0.0.1
2025-10-31 00:20:27,972 - services - INFO - [services.py:1056] - [HTTP] /memory - Status: 200 - Time: 0.002s
2025-10-31 00:20:38,370 - services - INFO - [services.py:1051] - [HTTP] GET /memory from 127.0.0.1
2025-10-31 00:20:38,371 - services - INFO - [services.py:1056] - [HTTP] /memory - Status: 200 - Time: 0.001s
2025-10-31 00:20:40,374 - services - INFO - [services.py:1051] - [HTTP] GET /health from 127.0.0.1
2025-10-31 00:20:40,374 - services - INFO - [services.py:1056] - [HTTP] /health - Status: 200 - Time: 0.001s
2025-10-31 00:20:48,377 - services - INFO - [services.py:1051] - [HTTP] GET /memory from 127.0.0.1
2025-10-31 00:20:48,378 - services - INFO - [services.py:1056] - [HTTP] /memory - Status: 200 - Time: 0.001s
2025-10-31 00:20:58,374 - services - INFO - [services.py:1051] - [HTTP] GET /memory from 127.0.0.1
2025-10-31 00:20:58,376 - services - INFO - [services.py:1056] - [HTTP] /memory - Status: 200 - Time: 0.002s
2025-10-31 00:21:08,379 - services - INFO - [services.py:1051] - [HTTP] GET /memory from 127.0.0.1
2025-10-31 00:21:08,380 - services - INFO - [services.py:1056] - [HTTP] /memory - Status: 200 - Time: 0.001s
2025-10-31 00:21:10,369 - services - INFO - [services.py:1051] - [HTTP] GET /health from 127.0.0.1
2025-10-31 00:21:10,370 - services - INFO - [services.py:1056] - [HTTP] /health - Status: 200 - Time: 0.001s
2025-10-31 00:21:18,380 - services - INFO - [services.py:1051] - [HTTP] GET /memory from 127.0.0.1
2025-10-31 00:21:18,381 - services - INFO - [services.py:1056] - [HTTP] /memory - Status: 200 - Time: 0.001s
2025-10-31 00:21:28,473 - services - INFO - [services.py:1051] - [HTTP] GET /memory from 127.0.0.1
2025-10-31 00:21:28,476 - services - INFO - [services.py:1056] - [HTTP] /memory - Status: 200 - Time: 0.002s
2025-10-31 00:21:38,400 - services - INFO - [services.py:1051] - [HTTP] GET /memory from 127.0.0.1
2025-10-31 00:21:38,401 - services - INFO - [services.py:1056] - [HTTP] /memory - Status: 200 - Time: 0.001s
2025-10-31 00:21:40,423 - services - INFO - [services.py:1051] - [HTTP] GET /health from 127.0.0.1
2025-10-31 00:21:40,424 - services - INFO - [services.py:1056] - [HTTP] /health - Status: 200 - Time: 0.001s
2025-10-31 00:21:48,389 - services - INFO - [services.py:1051] - [HTTP] GET /memory from 127.0.0.1
2025-10-31 00:21:48,390 - services - INFO - [services.py:1056] - [HTTP] /memory - Status: 200 - Time: 0.001s
2025-10-31 00:21:58,406 - services - INFO - [services.py:1051] - [HTTP] GET /memory from 127.0.0.1
2025-10-31 00:21:58,407 - services - INFO - [services.py:1056] - [HTTP] /memory - Status: 200 - Time: 0.001s
2025-10-31 00:22:08,381 - services - INFO - [services.py:1051] - [HTTP] GET /memory from 127.0.0.1
2025-10-31 00:22:08,383 - services - INFO - [services.py:1056] - [HTTP] /memory - Status: 200 - Time: 0.002s
2025-10-31 00:22:10,379 - services - INFO - [services.py:1051] - [HTTP] GET /health from 127.0.0.1
2025-10-31 00:22:10,380 - services - INFO - [services.py:1056] - [HTTP] /health - Status: 200 - Time: 0.001s
2025-10-31 00:22:18,434 - services - INFO - [services.py:1051] - [HTTP] GET /memory from 127.0.0.1
2025-10-31 00:22:18,435 - services - INFO - [services.py:1056] - [HTTP] /memory - Status: 200 - Time: 0.001s
2025-10-31 00:22:28,388 - services - INFO - [services.py:1051] - [HTTP] GET /memory from 127.0.0.1
2025-10-31 00:22:28,390 - services - INFO - [services.py:1056] - [HTTP] /memory - Status: 200 - Time: 0.001s
2025-10-31 00:22:38,755 - services - INFO - [services.py:1051] - [HTTP] GET /memory from 127.0.0.1
2025-10-31 00:22:38,757 - services - INFO - [services.py:1056] - [HTTP] /memory - Status: 200 - Time: 0.001s
2025-10-31 00:22:40,753 - services - INFO - [services.py:1051] - [HTTP] GET /health from 127.0.0.1
2025-10-31 00:22:40,754 - services - INFO - [services.py:1056] - [HTTP] /health - Status: 200 - Time: 0.001s
2025-10-31 00:22:48,771 - services - INFO - [services.py:1051] - [HTTP] GET /memory from 127.0.0.1
2025-10-31 00:22:48,772 - services - INFO - [services.py:1056] - [HTTP] /memory - Status: 200 - Time: 0.001s
2025-10-31 00:22:58,753 - services - INFO - [services.py:1051] - [HTTP] GET /memory from 127.0.0.1
2025-10-31 00:22:58,755 - services - INFO - [services.py:1056] - [HTTP] /memory - Status: 200 - Time: 0.001s
2025-10-31 00:23:08,764 - services - INFO - [services.py:1051] - [HTTP] GET /memory from 127.0.0.1
2025-10-31 00:23:08,765 - services - INFO - [services.py:1056] - [HTTP] /memory - Status: 200 - Time: 0.001s
2025-10-31 00:23:10,749 - services - INFO - [services.py:1051] - [HTTP] GET /health from 127.0.0.1
2025-10-31 00:23:10,749 - services - INFO - [services.py:1056] - [HTTP] /health - Status: 200 - Time: 0.001s
2025-10-31 00:23:18,749 - services - INFO - [services.py:1051] - [HTTP] GET /memory from 127.0.0.1
2025-10-31 00:23:18,750 - services - INFO - [services.py:1056] - [HTTP] /memory - Status: 200 - Time: 0.001s
2025-10-31 00:23:28,753 - services - INFO - [services.py:1051] - [HTTP] GET /memory from 127.0.0.1
2025-10-31 00:23:28,754 - services - INFO - [services.py:1056] - [HTTP] /memory - Status: 200 - Time: 0.001s
2025-10-31 00:23:38,757 - services - INFO - [services.py:1051] - [HTTP] GET /memory from 127.0.0.1
2025-10-31 00:23:38,759 - services - INFO - [services.py:1056] - [HTTP] /memory - Status: 200 - Time: 0.001s
2025-10-31 00:23:40,804 - services - INFO - [services.py:1051] - [HTTP] GET /health from 127.0.0.1
2025-10-31 00:23:40,805 - services - INFO - [services.py:1056] - [HTTP] /health - Status: 200 - Time: 0.001s
2025-10-31 00:23:48,764 - services - INFO - [services.py:1051] - [HTTP] GET /memory from 127.0.0.1
2025-10-31 00:23:48,766 - services - INFO - [services.py:1056] - [HTTP] /memory - Status: 200 - Time: 0.002s
2025-10-31 00:23:58,758 - services - INFO - [services.py:1051] - [HTTP] GET /memory from 127.0.0.1
2025-10-31 00:23:58,759 - services - INFO - [services.py:1056] - [HTTP] /memory - Status: 200 - Time: 0.001s
2025-10-31 00:24:08,784 - services - INFO - [services.py:1051] - [HTTP] GET /memory from 127.0.0.1
2025-10-31 00:24:08,786 - services - INFO - [services.py:1056] - [HTTP] /memory - Status: 200 - Time: 0.001s
2025-10-31 00:24:10,759 - services - INFO - [services.py:1051] - [HTTP] GET /health from 127.0.0.1
2025-10-31 00:24:10,760 - services - INFO - [services.py:1056] - [HTTP] /health - Status: 200 - Time: 0.001s
2025-10-31 00:24:18,761 - services - INFO - [services.py:1051] - [HTTP] GET /memory from 127.0.0.1
2025-10-31 00:24:18,762 - services - INFO - [services.py:1056] - [HTTP] /memory - Status: 200 - Time: 0.002s
2025-10-31 00:24:28,803 - services - INFO - [services.py:1051] - [HTTP] GET /memory from 127.0.0.1
2025-10-31 00:24:28,804 - services - INFO - [services.py:1056] - [HTTP] /memory - Status: 200 - Time: 0.002s
2025-10-31 00:24:39,141 - services - INFO - [services.py:1051] - [HTTP] GET /memory from 127.0.0.1
2025-10-31 00:24:39,142 - services - INFO - [services.py:1056] - [HTTP] /memory - Status: 200 - Time: 0.001s
2025-10-31 00:24:41,124 - services - INFO - [services.py:1051] - [HTTP] GET /health from 127.0.0.1
2025-10-31 00:24:41,125 - services - INFO - [services.py:1056] - [HTTP] /health - Status: 200 - Time: 0.001s
2025-10-31 00:24:49,145 - services - INFO - [services.py:1051] - [HTTP] GET /memory from 127.0.0.1
2025-10-31 00:24:49,147 - services - INFO - [services.py:1056] - [HTTP] /memory - Status: 200 - Time: 0.001s
2025-10-31 00:24:59,130 - services - INFO - [services.py:1051] - [HTTP] GET /memory from 127.0.0.1
2025-10-31 00:24:59,131 - services - INFO - [services.py:1056] - [HTTP] /memory - Status: 200 - Time: 0.001s
2025-10-31 00:25:09,155 - services - INFO - [services.py:1051] - [HTTP] GET /memory from 127.0.0.1
2025-10-31 00:25:09,156 - services - INFO - [services.py:1056] - [HTTP] /memory - Status: 200 - Time: 0.001s
2025-10-31 00:25:11,151 - services - INFO - [services.py:1051] - [HTTP] GET /health from 127.0.0.1
2025-10-31 00:25:11,152 - services - INFO - [services.py:1056] - [HTTP] /health - Status: 200 - Time: 0.001s
2025-10-31 00:25:19,133 - services - INFO - [services.py:1051] - [HTTP] GET /memory from 127.0.0.1
2025-10-31 00:25:19,134 - services - INFO - [services.py:1056] - [HTTP] /memory - Status: 200 - Time: 0.001s
2025-10-31 00:25:29,131 - services - INFO - [services.py:1051] - [HTTP] GET /memory from 127.0.0.1
2025-10-31 00:25:29,133 - services - INFO - [services.py:1056] - [HTTP] /memory - Status: 200 - Time: 0.001s
2025-10-31 00:25:39,135 - services - INFO - [services.py:1051] - [HTTP] GET /memory from 127.0.0.1
2025-10-31 00:25:39,137 - services - INFO - [services.py:1056] - [HTTP] /memory - Status: 200 - Time: 0.001s
2025-10-31 00:25:41,130 - services - INFO - [services.py:1051] - [HTTP] GET /health from 127.0.0.1
2025-10-31 00:25:41,131 - services - INFO - [services.py:1056] - [HTTP] /health - Status: 200 - Time: 0.001s
2025-10-31 00:25:49,129 - services - INFO - [services.py:1051] - [HTTP] GET /memory from 127.0.0.1
2025-10-31 00:25:49,130 - services - INFO - [services.py:1056] - [HTTP] /memory - Status: 200 - Time: 0.001s
2025-10-31 00:25:59,183 - services - INFO - [services.py:1051] - [HTTP] GET /memory from 127.0.0.1
2025-10-31 00:25:59,184 - services - INFO - [services.py:1056] - [HTTP] /memory - Status: 200 - Time: 0.001s
2025-10-31 00:26:09,185 - services - INFO - [services.py:1051] - [HTTP] GET /memory from 127.0.0.1
2025-10-31 00:26:09,187 - services - INFO - [services.py:1056] - [HTTP] /memory - Status: 200 - Time: 0.002s
2025-10-31 00:26:11,149 - services - INFO - [services.py:1051] - [HTTP] GET /health from 127.0.0.1
2025-10-31 00:26:11,149 - services - INFO - [services.py:1056] - [HTTP] /health - Status: 200 - Time: 0.001s
2025-10-31 00:26:19,162 - services - INFO - [services.py:1051] - [HTTP] GET /memory from 127.0.0.1
2025-10-31 00:26:19,163 - services - INFO - [services.py:1056] - [HTTP] /memory - Status: 200 - Time: 0.001s
2025-10-31 00:26:29,139 - services - INFO - [services.py:1051] - [HTTP] GET /memory from 127.0.0.1
2025-10-31 00:26:29,141 - services - INFO - [services.py:1056] - [HTTP] /memory - Status: 200 - Time: 0.002s
2025-10-31 00:26:39,531 - services - INFO - [services.py:1051] - [HTTP] GET /memory from 127.0.0.1
2025-10-31 00:26:39,532 - services - INFO - [services.py:1056] - [HTTP] /memory - Status: 200 - Time: 0.001s
2025-10-31 00:26:41,520 - services - INFO - [services.py:1051] - [HTTP] GET /health from 127.0.0.1
2025-10-31 00:26:41,521 - services - INFO - [services.py:1056] - [HTTP] /health - Status: 200 - Time: 0.001s
2025-10-31 00:26:49,535 - services - INFO - [services.py:1051] - [HTTP] GET /memory from 127.0.0.1
2025-10-31 00:26:49,536 - services - INFO - [services.py:1056] - [HTTP] /memory - Status: 200 - Time: 0.001s
2025-10-31 00:26:59,527 - services - INFO - [services.py:1051] - [HTTP] GET /memory from 127.0.0.1
2025-10-31 00:26:59,529 - services - INFO - [services.py:1056] - [HTTP] /memory - Status: 200 - Time: 0.002s
2025-10-31 00:27:09,543 - services - INFO - [services.py:1051] - [HTTP] GET /memory from 127.0.0.1
2025-10-31 00:27:09,544 - services - INFO - [services.py:1056] - [HTTP] /memory - Status: 200 - Time: 0.001s
2025-10-31 00:27:11,534 - services - INFO - [services.py:1051] - [HTTP] GET /health from 127.0.0.1
2025-10-31 00:27:11,535 - services - INFO - [services.py:1056] - [HTTP] /health - Status: 200 - Time: 0.001s
2025-10-31 00:27:19,527 - services - INFO - [services.py:1051] - [HTTP] GET /memory from 127.0.0.1
2025-10-31 00:27:19,529 - services - INFO - [services.py:1056] - [HTTP] /memory - Status: 200 - Time: 0.001s
2025-10-31 00:27:29,523 - services - INFO - [services.py:1051] - [HTTP] GET /memory from 127.0.0.1
2025-10-31 00:27:29,524 - services - INFO - [services.py:1056] - [HTTP] /memory - Status: 200 - Time: 0.001s
2025-10-31 00:27:39,536 - services - INFO - [services.py:1051] - [HTTP] GET /memory from 127.0.0.1
2025-10-31 00:27:39,537 - services - INFO - [services.py:1056] - [HTTP] /memory - Status: 200 - Time: 0.001s
2025-10-31 00:27:41,670 - services - INFO - [services.py:1051] - [HTTP] GET /health from 127.0.0.1
2025-10-31 00:27:41,671 - services - INFO - [services.py:1056] - [HTTP] /health - Status: 200 - Time: 0.001s
2025-10-31 00:27:49,561 - services - INFO - [services.py:1051] - [HTTP] GET /memory from 127.0.0.1
2025-10-31 00:27:49,562 - services - INFO - [services.py:1056] - [HTTP] /memory - Status: 200 - Time: 0.001s
2025-10-31 00:27:59,597 - services - INFO - [services.py:1051] - [HTTP] GET /memory from 127.0.0.1
2025-10-31 00:27:59,598 - services - INFO - [services.py:1056] - [HTTP] /memory - Status: 200 - Time: 0.001s
2025-10-31 00:28:09,526 - services - INFO - [services.py:1051] - [HTTP] GET /memory from 127.0.0.1
2025-10-31 00:28:09,528 - services - INFO - [services.py:1056] - [HTTP] /memory - Status: 200 - Time: 0.001s
2025-10-31 00:28:11,574 - services - INFO - [services.py:1051] - [HTTP] GET /health from 127.0.0.1
2025-10-31 00:28:11,575 - services - INFO - [services.py:1056] - [HTTP] /health - Status: 200 - Time: 0.001s
2025-10-31 00:28:19,534 - services - INFO - [services.py:1051] - [HTTP] GET /memory from 127.0.0.1
2025-10-31 00:28:19,535 - services - INFO - [services.py:1056] - [HTTP] /memory - Status: 200 - Time: 0.001s
2025-10-31 00:28:29,574 - services - INFO - [services.py:1051] - [HTTP] GET /memory from 127.0.0.1
2025-10-31 00:28:29,575 - services - INFO - [services.py:1056] - [HTTP] /memory - Status: 200 - Time: 0.001s
2025-10-31 00:28:40,028 - services - INFO - [services.py:1051] - [HTTP] GET /memory from 127.0.0.1
2025-10-31 00:28:40,029 - services - INFO - [services.py:1056] - [HTTP] /memory - Status: 200 - Time: 0.001s
2025-10-31 00:28:42,038 - services - INFO - [services.py:1051] - [HTTP] GET /health from 127.0.0.1
2025-10-31 00:28:42,039 - services - INFO - [services.py:1056] - [HTTP] /health - Status: 200 - Time: 0.001s
2025-10-31 00:28:50,026 - services - INFO - [services.py:1051] - [HTTP] GET /memory from 127.0.0.1
2025-10-31 00:28:50,027 - services - INFO - [services.py:1056] - [HTTP] /memory - Status: 200 - Time: 0.001s
2025-10-31 00:29:00,025 - services - INFO - [services.py:1051] - [HTTP] GET /memory from 127.0.0.1
2025-10-31 00:29:00,026 - services - INFO - [services.py:1056] - [HTTP] /memory - Status: 200 - Time: 0.001s
2025-10-31 00:29:10,020 - services - INFO - [services.py:1051] - [HTTP] GET /memory from 127.0.0.1
2025-10-31 00:29:10,021 - services - INFO - [services.py:1056] - [HTTP] /memory - Status: 200 - Time: 0.001s
2025-10-31 00:29:12,051 - services - INFO - [services.py:1051] - [HTTP] GET /health from 127.0.0.1
2025-10-31 00:29:12,052 - services - INFO - [services.py:1056] - [HTTP] /health - Status: 200 - Time: 0.001s
2025-10-31 00:29:20,038 - services - INFO - [services.py:1051] - [HTTP] GET /memory from 127.0.0.1
2025-10-31 00:29:20,039 - services - INFO - [services.py:1056] - [HTTP] /memory - Status: 200 - Time: 0.001s
2025-10-31 00:29:30,027 - services - INFO - [services.py:1051] - [HTTP] GET /memory from 127.0.0.1
2025-10-31 00:29:30,029 - services - INFO - [services.py:1056] - [HTTP] /memory - Status: 200 - Time: 0.001s
2025-10-31 00:29:40,030 - services - INFO - [services.py:1051] - [HTTP] GET /memory from 127.0.0.1
2025-10-31 00:29:40,031 - services - INFO - [services.py:1056] - [HTTP] /memory - Status: 200 - Time: 0.001s
2025-10-31 00:29:42,030 - services - INFO - [services.py:1051] - [HTTP] GET /health from 127.0.0.1
2025-10-31 00:29:42,031 - services - INFO - [services.py:1056] - [HTTP] /health - Status: 200 - Time: 0.001s
2025-10-31 00:29:50,033 - services - INFO - [services.py:1051] - [HTTP] GET /memory from 127.0.0.1
2025-10-31 00:29:50,035 - services - INFO - [services.py:1056] - [HTTP] /memory - Status: 200 - Time: 0.002s
2025-10-31 00:30:00,073 - services - INFO - [services.py:1051] - [HTTP] GET /memory from 127.0.0.1
2025-10-31 00:30:00,074 - services - INFO - [services.py:1056] - [HTTP] /memory - Status: 200 - Time: 0.001s
2025-10-31 00:30:10,029 - services - INFO - [services.py:1051] - [HTTP] GET /memory from 127.0.0.1
2025-10-31 00:30:10,030 - services - INFO - [services.py:1056] - [HTTP] /memory - Status: 200 - Time: 0.001s
2025-10-31 00:30:12,033 - services - INFO - [services.py:1051] - [HTTP] GET /health from 127.0.0.1
2025-10-31 00:30:12,034 - services - INFO - [services.py:1056] - [HTTP] /health - Status: 200 - Time: 0.001s
2025-10-31 00:30:20,039 - services - INFO - [services.py:1051] - [HTTP] GET /memory from 127.0.0.1
2025-10-31 00:30:20,040 - services - INFO - [services.py:1056] - [HTTP] /memory - Status: 200 - Time: 0.001s
2025-10-31 00:30:30,142 - services - INFO - [services.py:1051] - [HTTP] GET /memory from 127.0.0.1
2025-10-31 00:30:30,143 - services - INFO - [services.py:1056] - [HTTP] /memory - Status: 200 - Time: 0.001s
2025-10-31 00:30:40,407 - services - INFO - [services.py:1051] - [HTTP] GET /memory from 127.0.0.1
2025-10-31 00:30:40,408 - services - INFO - [services.py:1056] - [HTTP] /memory - Status: 200 - Time: 0.001s
2025-10-31 00:30:42,440 - services - INFO - [services.py:1051] - [HTTP] GET /health from 127.0.0.1
2025-10-31 00:30:42,441 - services - INFO - [services.py:1056] - [HTTP] /health - Status: 200 - Time: 0.001s
2025-10-31 00:30:50,442 - services - INFO - [services.py:1051] - [HTTP] GET /memory from 127.0.0.1
2025-10-31 00:30:50,443 - services - INFO - [services.py:1056] - [HTTP] /memory - Status: 200 - Time: 0.001s
2025-10-31 00:31:00,413 - services - INFO - [services.py:1051] - [HTTP] GET /memory from 127.0.0.1
2025-10-31 00:31:00,414 - services - INFO - [services.py:1056] - [HTTP] /memory - Status: 200 - Time: 0.001s
2025-10-31 00:31:10,403 - services - INFO - [services.py:1051] - [HTTP] GET /memory from 127.0.0.1
2025-10-31 00:31:10,405 - services - INFO - [services.py:1056] - [HTTP] /memory - Status: 200 - Time: 0.001s
2025-10-31 00:31:12,410 - services - INFO - [services.py:1051] - [HTTP] GET /health from 127.0.0.1
2025-10-31 00:31:12,411 - services - INFO - [services.py:1056] - [HTTP] /health - Status: 200 - Time: 0.001s
2025-10-31 00:31:20,439 - services - INFO - [services.py:1051] - [HTTP] GET /memory from 127.0.0.1
2025-10-31 00:31:20,440 - services - INFO - [services.py:1056] - [HTTP] /memory - Status: 200 - Time: 0.001s
2025-10-31 00:31:30,475 - services - INFO - [services.py:1051] - [HTTP] GET /memory from 127.0.0.1
2025-10-31 00:31:30,476 - services - INFO - [services.py:1056] - [HTTP] /memory - Status: 200 - Time: 0.001s
2025-10-31 00:31:40,406 - services - INFO - [services.py:1051] - [HTTP] GET /memory from 127.0.0.1
2025-10-31 00:31:40,407 - services - INFO - [services.py:1056] - [HTTP] /memory - Status: 200 - Time: 0.001s
2025-10-31 00:31:42,404 - services - INFO - [services.py:1051] - [HTTP] GET /health from 127.0.0.1
2025-10-31 00:31:42,405 - services - INFO - [services.py:1056] - [HTTP] /health - Status: 200 - Time: 0.001s
2025-10-31 00:31:50,452 - services - INFO - [services.py:1051] - [HTTP] GET /memory from 127.0.0.1
2025-10-31 00:31:50,453 - services - INFO - [services.py:1056] - [HTTP] /memory - Status: 200 - Time: 0.001s
2025-10-31 00:32:00,487 - services - INFO - [services.py:1051] - [HTTP] GET /memory from 127.0.0.1
2025-10-31 00:32:00,488 - services - INFO - [services.py:1056] - [HTTP] /memory - Status: 200 - Time: 0.001s
2025-10-31 00:32:10,414 - services - INFO - [services.py:1051] - [HTTP] GET /memory from 127.0.0.1
2025-10-31 00:32:10,415 - services - INFO - [services.py:1056] - [HTTP] /memory - Status: 200 - Time: 0.001s
2025-10-31 00:32:12,404 - services - INFO - [services.py:1051] - [HTTP] GET /health from 127.0.0.1
2025-10-31 00:32:12,405 - services - INFO - [services.py:1056] - [HTTP] /health - Status: 200 - Time: 0.001s
2025-10-31 00:32:20,411 - services - INFO - [services.py:1051] - [HTTP] GET /memory from 127.0.0.1
2025-10-31 00:32:20,412 - services - INFO - [services.py:1056] - [HTTP] /memory - Status: 200 - Time: 0.001s
2025-10-31 00:32:30,411 - services - INFO - [services.py:1051] - [HTTP] GET /memory from 127.0.0.1
2025-10-31 00:32:30,413 - services - INFO - [services.py:1056] - [HTTP] /memory - Status: 200 - Time: 0.002s
2025-10-31 00:32:40,795 - services - INFO - [services.py:1051] - [HTTP] GET /memory from 127.0.0.1
2025-10-31 00:32:40,796 - services - INFO - [services.py:1056] - [HTTP] /memory - Status: 200 - Time: 0.001s
2025-10-31 00:32:42,804 - services - INFO - [services.py:1051] - [HTTP] GET /health from 127.0.0.1
2025-10-31 00:32:42,805 - services - INFO - [services.py:1056] - [HTTP] /health - Status: 200 - Time: 0.001s
2025-10-31 00:32:50,781 - services - INFO - [services.py:1051] - [HTTP] GET /memory from 127.0.0.1
2025-10-31 00:32:50,782 - services - INFO - [services.py:1056] - [HTTP] /memory - Status: 200 - Time: 0.001s
2025-10-31 00:33:00,870 - services - INFO - [services.py:1051] - [HTTP] GET /memory from 127.0.0.1
2025-10-31 00:33:00,871 - services - INFO - [services.py:1056] - [HTTP] /memory - Status: 200 - Time: 0.001s
2025-10-31 00:33:10,818 - services - INFO - [services.py:1051] - [HTTP] GET /memory from 127.0.0.1
2025-10-31 00:33:10,820 - services - INFO - [services.py:1056] - [HTTP] /memory - Status: 200 - Time: 0.001s
2025-10-31 00:33:12,835 - services - INFO - [services.py:1051] - [HTTP] GET /health from 127.0.0.1
2025-10-31 00:33:12,835 - services - INFO - [services.py:1056] - [HTTP] /health - Status: 200 - Time: 0.001s
2025-10-31 00:33:20,786 - services - INFO - [services.py:1051] - [HTTP] GET /memory from 127.0.0.1
2025-10-31 00:33:20,787 - services - INFO - [services.py:1056] - [HTTP] /memory - Status: 200 - Time: 0.001s
2025-10-31 00:33:30,785 - services - INFO - [services.py:1051] - [HTTP] GET /memory from 127.0.0.1
2025-10-31 00:33:30,786 - services - INFO - [services.py:1056] - [HTTP] /memory - Status: 200 - Time: 0.001s
2025-10-31 00:33:40,791 - services - INFO - [services.py:1051] - [HTTP] GET /memory from 127.0.0.1
2025-10-31 00:33:40,792 - services - INFO - [services.py:1056] - [HTTP] /memory - Status: 200 - Time: 0.001s
2025-10-31 00:33:42,800 - services - INFO - [services.py:1051] - [HTTP] GET /health from 127.0.0.1
2025-10-31 00:33:42,800 - services - INFO - [services.py:1056] - [HTTP] /health - Status: 200 - Time: 0.001s
2025-10-31 00:33:50,834 - services - INFO - [services.py:1051] - [HTTP] GET /memory from 127.0.0.1
2025-10-31 00:33:50,835 - services - INFO - [services.py:1056] - [HTTP] /memory - Status: 200 - Time: 0.001s
2025-10-31 00:34:00,781 - services - INFO - [services.py:1051] - [HTTP] GET /memory from 127.0.0.1
2025-10-31 00:34:00,783 - services - INFO - [services.py:1056] - [HTTP] /memory - Status: 200 - Time: 0.002s
2025-10-31 00:34:10,784 - services - INFO - [services.py:1051] - [HTTP] GET /memory from 127.0.0.1
2025-10-31 00:34:10,785 - services - INFO - [services.py:1056] - [HTTP] /memory - Status: 200 - Time: 0.001s
2025-10-31 00:34:12,792 - services - INFO - [services.py:1051] - [HTTP] GET /health from 127.0.0.1
2025-10-31 00:34:12,792 - services - INFO - [services.py:1056] - [HTTP] /health - Status: 200 - Time: 0.001s
2025-10-31 00:34:20,788 - services - INFO - [services.py:1051] - [HTTP] GET /memory from 127.0.0.1
2025-10-31 00:34:20,790 - services - INFO - [services.py:1056] - [HTTP] /memory - Status: 200 - Time: 0.001s
2025-10-31 00:34:30,781 - services - INFO - [services.py:1051] - [HTTP] GET /memory from 127.0.0.1
2025-10-31 00:34:30,782 - services - INFO - [services.py:1056] - [HTTP] /memory - Status: 200 - Time: 0.001s
2025-10-31 00:34:41,178 - services - INFO - [services.py:1051] - [HTTP] GET /memory from 127.0.0.1
2025-10-31 00:34:41,179 - services - INFO - [services.py:1056] - [HTTP] /memory - Status: 200 - Time: 0.001s
2025-10-31 00:34:43,227 - services - INFO - [services.py:1051] - [HTTP] GET /health from 127.0.0.1
2025-10-31 00:34:43,228 - services - INFO - [services.py:1056] - [HTTP] /health - Status: 200 - Time: 0.001s
2025-10-31 00:34:51,174 - services - INFO - [services.py:1051] - [HTTP] GET /memory from 127.0.0.1
2025-10-31 00:34:51,176 - services - INFO - [services.py:1056] - [HTTP] /memory - Status: 200 - Time: 0.001s
2025-10-31 00:35:01,177 - services - INFO - [services.py:1051] - [HTTP] GET /memory from 127.0.0.1
2025-10-31 00:35:01,178 - services - INFO - [services.py:1056] - [HTTP] /memory - Status: 200 - Time: 0.001s
2025-10-31 00:35:11,179 - services - INFO - [services.py:1051] - [HTTP] GET /memory from 127.0.0.1
2025-10-31 00:35:11,180 - services - INFO - [services.py:1056] - [HTTP] /memory - Status: 200 - Time: 0.001s
2025-10-31 00:35:13,295 - services - INFO - [services.py:1051] - [HTTP] GET /health from 127.0.0.1
2025-10-31 00:35:13,296 - services - INFO - [services.py:1056] - [HTTP] /health - Status: 200 - Time: 0.001s
2025-10-31 00:35:21,212 - services - INFO - [services.py:1051] - [HTTP] GET /memory from 127.0.0.1
2025-10-31 00:35:21,214 - services - INFO - [services.py:1056] - [HTTP] /memory - Status: 200 - Time: 0.001s
2025-10-31 00:35:31,214 - services - INFO - [services.py:1051] - [HTTP] GET /memory from 127.0.0.1
2025-10-31 00:35:31,215 - services - INFO - [services.py:1056] - [HTTP] /memory - Status: 200 - Time: 0.001s
2025-10-31 00:35:41,182 - services - INFO - [services.py:1051] - [HTTP] GET /memory from 127.0.0.1
2025-10-31 00:35:41,183 - services - INFO - [services.py:1056] - [HTTP] /memory - Status: 200 - Time: 0.001s
2025-10-31 00:35:43,183 - services - INFO - [services.py:1051] - [HTTP] GET /health from 127.0.0.1
2025-10-31 00:35:43,183 - services - INFO - [services.py:1056] - [HTTP] /health - Status: 200 - Time: 0.001s
2025-10-31 00:35:51,196 - services - INFO - [services.py:1051] - [HTTP] GET /memory from 127.0.0.1
2025-10-31 00:35:51,197 - services - INFO - [services.py:1056] - [HTTP] /memory - Status: 200 - Time: 0.001s
2025-10-31 00:36:01,186 - services - INFO - [services.py:1051] - [HTTP] GET /memory from 127.0.0.1
2025-10-31 00:36:01,188 - services - INFO - [services.py:1056] - [HTTP] /memory - Status: 200 - Time: 0.001s
2025-10-31 00:36:11,204 - services - INFO - [services.py:1051] - [HTTP] GET /memory from 127.0.0.1
2025-10-31 00:36:11,205 - services - INFO - [services.py:1056] - [HTTP] /memory - Status: 200 - Time: 0.001s
2025-10-31 00:36:13,199 - services - INFO - [services.py:1051] - [HTTP] GET /health from 127.0.0.1
2025-10-31 00:36:13,199 - services - INFO - [services.py:1056] - [HTTP] /health - Status: 200 - Time: 0.001s
2025-10-31 00:36:21,413 - services - INFO - [services.py:1051] - [HTTP] GET /memory from 127.0.0.1
2025-10-31 00:36:21,414 - services - INFO - [services.py:1056] - [HTTP] /memory - Status: 200 - Time: 0.001s
2025-10-31 00:36:31,394 - services - INFO - [services.py:1051] - [HTTP] GET /memory from 127.0.0.1
2025-10-31 00:36:31,395 - services - INFO - [services.py:1056] - [HTTP] /memory - Status: 200 - Time: 0.001s
2025-10-31 00:36:41,601 - services - INFO - [services.py:1051] - [HTTP] GET /memory from 127.0.0.1
2025-10-31 00:36:41,603 - services - INFO - [services.py:1056] - [HTTP] /memory - Status: 200 - Time: 0.001s
2025-10-31 00:36:43,599 - services - INFO - [services.py:1051] - [HTTP] GET /health from 127.0.0.1
2025-10-31 00:36:43,599 - services - INFO - [services.py:1056] - [HTTP] /health - Status: 200 - Time: 0.001s
2025-10-31 00:36:51,655 - services - INFO - [services.py:1051] - [HTTP] GET /memory from 127.0.0.1
2025-10-31 00:36:51,656 - services - INFO - [services.py:1056] - [HTTP] /memory - Status: 200 - Time: 0.001s
2025-10-31 00:37:01,608 - services - INFO - [services.py:1051] - [HTTP] GET /memory from 127.0.0.1
2025-10-31 00:37:01,609 - services - INFO - [services.py:1056] - [HTTP] /memory - Status: 200 - Time: 0.001s
2025-10-31 00:37:11,602 - services - INFO - [services.py:1051] - [HTTP] GET /memory from 127.0.0.1
2025-10-31 00:37:11,603 - services - INFO - [services.py:1056] - [HTTP] /memory - Status: 200 - Time: 0.001s
2025-10-31 00:37:13,607 - services - INFO - [services.py:1051] - [HTTP] GET /health from 127.0.0.1
2025-10-31 00:37:13,607 - services - INFO - [services.py:1056] - [HTTP] /health - Status: 200 - Time: 0.001s
2025-10-31 00:37:21,608 - services - INFO - [services.py:1051] - [HTTP] GET /memory from 127.0.0.1
2025-10-31 00:37:21,610 - services - INFO - [services.py:1056] - [HTTP] /memory - Status: 200 - Time: 0.001s
2025-10-31 00:37:31,599 - services - INFO - [services.py:1051] - [HTTP] GET /memory from 127.0.0.1
2025-10-31 00:37:31,601 - services - INFO - [services.py:1056] - [HTTP] /memory - Status: 200 - Time: 0.002s
2025-10-31 00:37:41,608 - services - INFO - [services.py:1051] - [HTTP] GET /memory from 127.0.0.1
2025-10-31 00:37:41,609 - services - INFO - [services.py:1056] - [HTTP] /memory - Status: 200 - Time: 0.001s
2025-10-31 00:37:43,607 - services - INFO - [services.py:1051] - [HTTP] GET /health from 127.0.0.1
2025-10-31 00:37:43,608 - services - INFO - [services.py:1056] - [HTTP] /health - Status: 200 - Time: 0.001s
2025-10-31 00:37:51,600 - services - INFO - [services.py:1051] - [HTTP] GET /memory from 127.0.0.1
2025-10-31 00:37:51,601 - services - INFO - [services.py:1056] - [HTTP] /memory - Status: 200 - Time: 0.001s
2025-10-31 00:38:01,612 - services - INFO - [services.py:1051] - [HTTP] GET /memory from 127.0.0.1
2025-10-31 00:38:01,613 - services - INFO - [services.py:1056] - [HTTP] /memory - Status: 200 - Time: 0.002s
2025-10-31 00:38:11,604 - services - INFO - [services.py:1051] - [HTTP] GET /memory from 127.0.0.1
2025-10-31 00:38:11,605 - services - INFO - [services.py:1056] - [HTTP] /memory - Status: 200 - Time: 0.001s
2025-10-31 00:38:13,603 - services - INFO - [services.py:1051] - [HTTP] GET /health from 127.0.0.1
2025-10-31 00:38:13,603 - services - INFO - [services.py:1056] - [HTTP] /health - Status: 200 - Time: 0.001s
2025-10-31 00:38:21,606 - services - INFO - [services.py:1051] - [HTTP] GET /memory from 127.0.0.1
2025-10-31 00:38:21,608 - services - INFO - [services.py:1056] - [HTTP] /memory - Status: 200 - Time: 0.002s
2025-10-31 00:38:31,608 - services - INFO - [services.py:1051] - [HTTP] GET /memory from 127.0.0.1
2025-10-31 00:38:31,609 - services - INFO - [services.py:1056] - [HTTP] /memory - Status: 200 - Time: 0.001s
2025-10-31 00:38:42,002 - services - INFO - [services.py:1051] - [HTTP] GET /memory from 127.0.0.1
2025-10-31 00:38:42,003 - services - INFO - [services.py:1056] - [HTTP] /memory - Status: 200 - Time: 0.001s
2025-10-31 00:38:43,979 - services - INFO - [services.py:1051] - [HTTP] GET /health from 127.0.0.1
2025-10-31 00:38:43,980 - services - INFO - [services.py:1056] - [HTTP] /health - Status: 200 - Time: 0.001s
2025-10-31 00:38:51,986 - services - INFO - [services.py:1051] - [HTTP] GET /memory from 127.0.0.1
2025-10-31 00:38:51,987 - services - INFO - [services.py:1056] - [HTTP] /memory - Status: 200 - Time: 0.001s
2025-10-31 00:39:01,985 - services - INFO - [services.py:1051] - [HTTP] GET /memory from 127.0.0.1
2025-10-31 00:39:01,987 - services - INFO - [services.py:1056] - [HTTP] /memory - Status: 200 - Time: 0.001s
2025-10-31 00:39:11,981 - services - INFO - [services.py:1051] - [HTTP] GET /memory from 127.0.0.1
2025-10-31 00:39:11,982 - services - INFO - [services.py:1056] - [HTTP] /memory - Status: 200 - Time: 0.001s
2025-10-31 00:39:13,984 - services - INFO - [services.py:1051] - [HTTP] GET /health from 127.0.0.1
2025-10-31 00:39:13,984 - services - INFO - [services.py:1056] - [HTTP] /health - Status: 200 - Time: 0.001s
2025-10-31 00:39:21,985 - services - INFO - [services.py:1051] - [HTTP] GET /memory from 127.0.0.1
2025-10-31 00:39:21,987 - services - INFO - [services.py:1056] - [HTTP] /memory - Status: 200 - Time: 0.001s
2025-10-31 00:39:31,977 - services - INFO - [services.py:1051] - [HTTP] GET /memory from 127.0.0.1
2025-10-31 00:39:31,978 - services - INFO - [services.py:1056] - [HTTP] /memory - Status: 200 - Time: 0.001s
2025-10-31 00:39:41,984 - services - INFO - [services.py:1051] - [HTTP] GET /memory from 127.0.0.1
2025-10-31 00:39:41,984 - services - INFO - [services.py:1056] - [HTTP] /memory - Status: 200 - Time: 0.001s
2025-10-31 00:39:44,036 - services - INFO - [services.py:1051] - [HTTP] GET /health from 127.0.0.1
2025-10-31 00:39:44,037 - services - INFO - [services.py:1056] - [HTTP] /health - Status: 200 - Time: 0.001s
2025-10-31 00:39:51,977 - services - INFO - [services.py:1051] - [HTTP] GET /memory from 127.0.0.1
2025-10-31 00:39:51,979 - services - INFO - [services.py:1056] - [HTTP] /memory - Status: 200 - Time: 0.001s
2025-10-31 00:40:01,988 - services - INFO - [services.py:1051] - [HTTP] GET /memory from 127.0.0.1
2025-10-31 00:40:01,989 - services - INFO - [services.py:1056] - [HTTP] /memory - Status: 200 - Time: 0.001s
2025-10-31 00:40:12,010 - services - INFO - [services.py:1051] - [HTTP] GET /memory from 127.0.0.1
2025-10-31 00:40:12,011 - services - INFO - [services.py:1056] - [HTTP] /memory - Status: 200 - Time: 0.001s
2025-10-31 00:40:13,997 - services - INFO - [services.py:1051] - [HTTP] GET /health from 127.0.0.1
2025-10-31 00:40:13,998 - services - INFO - [services.py:1056] - [HTTP] /health - Status: 200 - Time: 0.001s
2025-10-31 00:40:22,034 - services - INFO - [services.py:1051] - [HTTP] GET /memory from 127.0.0.1
2025-10-31 00:40:22,035 - services - INFO - [services.py:1056] - [HTTP] /memory - Status: 200 - Time: 0.001s
2025-10-31 00:40:31,980 - services - INFO - [services.py:1051] - [HTTP] GET /memory from 127.0.0.1
2025-10-31 00:40:31,981 - services - INFO - [services.py:1056] - [HTTP] /memory - Status: 200 - Time: 0.001s
2025-10-31 00:40:42,384 - services - INFO - [services.py:1051] - [HTTP] GET /memory from 127.0.0.1
2025-10-31 00:40:42,385 - services - INFO - [services.py:1056] - [HTTP] /memory - Status: 200 - Time: 0.001s
2025-10-31 00:40:44,429 - services - INFO - [services.py:1051] - [HTTP] GET /health from 127.0.0.1
2025-10-31 00:40:44,430 - services - INFO - [services.py:1056] - [HTTP] /health - Status: 200 - Time: 0.001s
2025-10-31 00:40:52,380 - services - INFO - [services.py:1051] - [HTTP] GET /memory from 127.0.0.1
2025-10-31 00:40:52,382 - services - INFO - [services.py:1056] - [HTTP] /memory - Status: 200 - Time: 0.001s
2025-10-31 00:41:02,389 - services - INFO - [services.py:1051] - [HTTP] GET /memory from 127.0.0.1
2025-10-31 00:41:02,390 - services - INFO - [services.py:1056] - [HTTP] /memory - Status: 200 - Time: 0.001s
2025-10-31 00:41:12,435 - services - INFO - [services.py:1051] - [HTTP] GET /memory from 127.0.0.1
2025-10-31 00:41:12,436 - services - INFO - [services.py:1056] - [HTTP] /memory - Status: 200 - Time: 0.001s
2025-10-31 00:41:14,377 - services - INFO - [services.py:1051] - [HTTP] GET /health from 127.0.0.1
2025-10-31 00:41:14,378 - services - INFO - [services.py:1056] - [HTTP] /health - Status: 200 - Time: 0.001s
2025-10-31 00:41:22,401 - services - INFO - [services.py:1051] - [HTTP] GET /memory from 127.0.0.1
2025-10-31 00:41:22,401 - services - INFO - [services.py:1056] - [HTTP] /memory - Status: 200 - Time: 0.001s
2025-10-31 00:41:32,365 - services - INFO - [services.py:1051] - [HTTP] GET /memory from 127.0.0.1
2025-10-31 00:41:32,366 - services - INFO - [services.py:1056] - [HTTP] /memory - Status: 200 - Time: 0.001s
2025-10-31 00:41:42,375 - services - INFO - [services.py:1051] - [HTTP] GET /memory from 127.0.0.1
2025-10-31 00:41:42,376 - services - INFO - [services.py:1056] - [HTTP] /memory - Status: 200 - Time: 0.001s
2025-10-31 00:41:44,370 - services - INFO - [services.py:1051] - [HTTP] GET /health from 127.0.0.1
2025-10-31 00:41:44,371 - services - INFO - [services.py:1056] - [HTTP] /health - Status: 200 - Time: 0.001s
2025-10-31 00:41:52,385 - services - INFO - [services.py:1051] - [HTTP] GET /memory from 127.0.0.1
2025-10-31 00:41:52,386 - services - INFO - [services.py:1056] - [HTTP] /memory - Status: 200 - Time: 0.001s
2025-10-31 00:42:02,381 - services - INFO - [services.py:1051] - [HTTP] GET /memory from 127.0.0.1
2025-10-31 00:42:02,382 - services - INFO - [services.py:1056] - [HTTP] /memory - Status: 200 - Time: 0.001s
2025-10-31 00:42:12,372 - services - INFO - [services.py:1051] - [HTTP] GET /memory from 127.0.0.1
2025-10-31 00:42:12,374 - services - INFO - [services.py:1056] - [HTTP] /memory - Status: 200 - Time: 0.001s
2025-10-31 00:42:14,379 - services - INFO - [services.py:1051] - [HTTP] GET /health from 127.0.0.1
2025-10-31 00:42:14,380 - services - INFO - [services.py:1056] - [HTTP] /health - Status: 200 - Time: 0.001s
2025-10-31 00:42:22,381 - services - INFO - [services.py:1051] - [HTTP] GET /memory from 127.0.0.1
2025-10-31 00:42:22,382 - services - INFO - [services.py:1056] - [HTTP] /memory - Status: 200 - Time: 0.001s
2025-10-31 00:42:32,367 - services - INFO - [services.py:1051] - [HTTP] GET /memory from 127.0.0.1
2025-10-31 00:42:32,368 - services - INFO - [services.py:1056] - [HTTP] /memory - Status: 200 - Time: 0.001s
2025-10-31 00:42:42,745 - services - INFO - [services.py:1051] - [HTTP] GET /memory from 127.0.0.1
2025-10-31 00:42:42,746 - services - INFO - [services.py:1056] - [HTTP] /memory - Status: 200 - Time: 0.001s
2025-10-31 00:42:44,738 - services - INFO - [services.py:1051] - [HTTP] GET /health from 127.0.0.1
2025-10-31 00:42:44,739 - services - INFO - [services.py:1056] - [HTTP] /health - Status: 200 - Time: 0.001s
2025-10-31 00:42:52,742 - services - INFO - [services.py:1051] - [HTTP] GET /memory from 127.0.0.1
2025-10-31 00:42:52,744 - services - INFO - [services.py:1056] - [HTTP] /memory - Status: 200 - Time: 0.001s
2025-10-31 00:43:02,742 - services - INFO - [services.py:1051] - [HTTP] GET /memory from 127.0.0.1
2025-10-31 00:43:02,743 - services - INFO - [services.py:1056] - [HTTP] /memory - Status: 200 - Time: 0.001s
2025-10-31 00:43:12,779 - services - INFO - [services.py:1051] - [HTTP] GET /memory from 127.0.0.1
2025-10-31 00:43:12,780 - services - INFO - [services.py:1056] - [HTTP] /memory - Status: 200 - Time: 0.001s
2025-10-31 00:43:14,741 - services - INFO - [services.py:1051] - [HTTP] GET /health from 127.0.0.1
2025-10-31 00:43:14,742 - services - INFO - [services.py:1056] - [HTTP] /health - Status: 200 - Time: 0.001s
2025-10-31 00:43:22,742 - services - INFO - [services.py:1051] - [HTTP] GET /memory from 127.0.0.1
2025-10-31 00:43:22,743 - services - INFO - [services.py:1056] - [HTTP] /memory - Status: 200 - Time: 0.001s
2025-10-31 00:43:32,752 - services - INFO - [services.py:1051] - [HTTP] GET /memory from 127.0.0.1
2025-10-31 00:43:32,754 - services - INFO - [services.py:1056] - [HTTP] /memory - Status: 200 - Time: 0.001s
2025-10-31 00:43:42,750 - services - INFO - [services.py:1051] - [HTTP] GET /memory from 127.0.0.1
2025-10-31 00:43:42,751 - services - INFO - [services.py:1056] - [HTTP] /memory - Status: 200 - Time: 0.001s
2025-10-31 00:43:44,744 - services - INFO - [services.py:1051] - [HTTP] GET /health from 127.0.0.1
2025-10-31 00:43:44,744 - services - INFO - [services.py:1056] - [HTTP] /health - Status: 200 - Time: 0.001s
2025-10-31 00:43:52,742 - services - INFO - [services.py:1051] - [HTTP] GET /memory from 127.0.0.1
2025-10-31 00:43:52,743 - services - INFO - [services.py:1056] - [HTTP] /memory - Status: 200 - Time: 0.001s
2025-10-31 00:44:02,743 - services - INFO - [services.py:1051] - [HTTP] GET /memory from 127.0.0.1
2025-10-31 00:44:02,744 - services - INFO - [services.py:1056] - [HTTP] /memory - Status: 200 - Time: 0.001s
2025-10-31 00:44:12,751 - services - INFO - [services.py:1051] - [HTTP] GET /memory from 127.0.0.1
2025-10-31 00:44:12,753 - services - INFO - [services.py:1056] - [HTTP] /memory - Status: 200 - Time: 0.001s
2025-10-31 00:44:14,749 - services - INFO - [services.py:1051] - [HTTP] GET /health from 127.0.0.1
2025-10-31 00:44:14,749 - services - INFO - [services.py:1056] - [HTTP] /health - Status: 200 - Time: 0.001s
2025-10-31 00:44:22,753 - services - INFO - [services.py:1051] - [HTTP] GET /memory from 127.0.0.1
2025-10-31 00:44:22,754 - services - INFO - [services.py:1056] - [HTTP] /memory - Status: 200 - Time: 0.001s
2025-10-31 00:44:32,766 - services - INFO - [services.py:1051] - [HTTP] GET /memory from 127.0.0.1
2025-10-31 00:44:32,768 - services - INFO - [services.py:1056] - [HTTP] /memory - Status: 200 - Time: 0.001s
2025-10-31 00:44:43,007 - services - INFO - [services.py:1051] - [HTTP] GET /memory from 127.0.0.1
2025-10-31 00:44:43,009 - services - INFO - [services.py:1056] - [HTTP] /memory - Status: 200 - Time: 0.002s
2025-10-31 00:44:45,009 - services - INFO - [services.py:1051] - [HTTP] GET /health from 127.0.0.1
2025-10-31 00:44:45,010 - services - INFO - [services.py:1056] - [HTTP] /health - Status: 200 - Time: 0.001s
2025-10-31 00:44:52,997 - services - INFO - [services.py:1051] - [HTTP] GET /memory from 127.0.0.1
2025-10-31 00:44:52,998 - services - INFO - [services.py:1056] - [HTTP] /memory - Status: 200 - Time: 0.001s
2025-10-31 00:45:03,013 - services - INFO - [services.py:1051] - [HTTP] GET /memory from 127.0.0.1
2025-10-31 00:45:03,014 - services - INFO - [services.py:1056] - [HTTP] /memory - Status: 200 - Time: 0.001s
2025-10-31 00:45:13,007 - services - INFO - [services.py:1051] - [HTTP] GET /memory from 127.0.0.1
2025-10-31 00:45:13,008 - services - INFO - [services.py:1056] - [HTTP] /memory - Status: 200 - Time: 0.001s
2025-10-31 00:45:14,998 - services - INFO - [services.py:1051] - [HTTP] GET /health from 127.0.0.1
2025-10-31 00:45:14,999 - services - INFO - [services.py:1056] - [HTTP] /health - Status: 200 - Time: 0.001s
2025-10-31 00:45:23,023 - services - INFO - [services.py:1051] - [HTTP] GET /memory from 127.0.0.1
2025-10-31 00:45:23,024 - services - INFO - [services.py:1056] - [HTTP] /memory - Status: 200 - Time: 0.001s
2025-10-31 00:45:33,003 - services - INFO - [services.py:1051] - [HTTP] GET /memory from 127.0.0.1
2025-10-31 00:45:33,005 - services - INFO - [services.py:1056] - [HTTP] /memory - Status: 200 - Time: 0.002s
2025-10-31 00:45:43,003 - services - INFO - [services.py:1051] - [HTTP] GET /memory from 127.0.0.1
2025-10-31 00:45:43,005 - services - INFO - [services.py:1056] - [HTTP] /memory - Status: 200 - Time: 0.002s
2025-10-31 00:45:45,005 - services - INFO - [services.py:1051] - [HTTP] GET /health from 127.0.0.1
2025-10-31 00:45:45,006 - services - INFO - [services.py:1056] - [HTTP] /health - Status: 200 - Time: 0.001s
2025-10-31 00:45:52,996 - services - INFO - [services.py:1051] - [HTTP] GET /memory from 127.0.0.1
2025-10-31 00:45:52,998 - services - INFO - [services.py:1056] - [HTTP] /memory - Status: 200 - Time: 0.002s
2025-10-31 00:46:03,004 - services - INFO - [services.py:1051] - [HTTP] GET /memory from 127.0.0.1
2025-10-31 00:46:03,006 - services - INFO - [services.py:1056] - [HTTP] /memory - Status: 200 - Time: 0.002s
2025-10-31 00:46:13,013 - services - INFO - [services.py:1051] - [HTTP] GET /memory from 127.0.0.1
2025-10-31 00:46:13,014 - services - INFO - [services.py:1056] - [HTTP] /memory - Status: 200 - Time: 0.001s
2025-10-31 00:46:15,044 - services - INFO - [services.py:1051] - [HTTP] GET /health from 127.0.0.1
2025-10-31 00:46:15,045 - services - INFO - [services.py:1056] - [HTTP] /health - Status: 200 - Time: 0.001s
2025-10-31 00:46:23,002 - services - INFO - [services.py:1051] - [HTTP] GET /memory from 127.0.0.1
2025-10-31 00:46:23,004 - services - INFO - [services.py:1056] - [HTTP] /memory - Status: 200 - Time: 0.002s
2025-10-31 00:46:33,009 - services - INFO - [services.py:1051] - [HTTP] GET /memory from 127.0.0.1
2025-10-31 00:46:33,010 - services - INFO - [services.py:1056] - [HTTP] /memory - Status: 200 - Time: 0.001s
2025-10-31 00:46:43,215 - services - INFO - [services.py:1051] - [HTTP] GET /memory from 127.0.0.1
2025-10-31 00:46:43,216 - services - INFO - [services.py:1056] - [HTTP] /memory - Status: 200 - Time: 0.001s
2025-10-31 00:46:45,219 - services - INFO - [services.py:1051] - [HTTP] GET /health from 127.0.0.1
2025-10-31 00:46:45,220 - services - INFO - [services.py:1056] - [HTTP] /health - Status: 200 - Time: 0.001s
2025-10-31 00:46:53,216 - services - INFO - [services.py:1051] - [HTTP] GET /memory from 127.0.0.1
2025-10-31 00:46:53,217 - services - INFO - [services.py:1056] - [HTTP] /memory - Status: 200 - Time: 0.001s
2025-10-31 00:47:03,214 - services - INFO - [services.py:1051] - [HTTP] GET /memory from 127.0.0.1
2025-10-31 00:47:03,215 - services - INFO - [services.py:1056] - [HTTP] /memory - Status: 200 - Time: 0.001s
2025-10-31 00:47:13,228 - services - INFO - [services.py:1051] - [HTTP] GET /memory from 127.0.0.1
2025-10-31 00:47:13,229 - services - INFO - [services.py:1056] - [HTTP] /memory - Status: 200 - Time: 0.001s
2025-10-31 00:47:15,219 - services - INFO - [services.py:1051] - [HTTP] GET /health from 127.0.0.1
2025-10-31 00:47:15,220 - services - INFO - [services.py:1056] - [HTTP] /health - Status: 200 - Time: 0.001s
2025-10-31 00:47:23,226 - services - INFO - [services.py:1051] - [HTTP] GET /memory from 127.0.0.1
2025-10-31 00:47:23,228 - services - INFO - [services.py:1056] - [HTTP] /memory - Status: 200 - Time: 0.001s
2025-10-31 00:47:33,233 - services - INFO - [services.py:1051] - [HTTP] GET /memory from 127.0.0.1
2025-10-31 00:47:33,235 - services - INFO - [services.py:1056] - [HTTP] /memory - Status: 200 - Time: 0.001s
2025-10-31 00:47:43,222 - services - INFO - [services.py:1051] - [HTTP] GET /memory from 127.0.0.1
2025-10-31 00:47:43,224 - services - INFO - [services.py:1056] - [HTTP] /memory - Status: 200 - Time: 0.001s
2025-10-31 00:47:45,217 - services - INFO - [services.py:1051] - [HTTP] GET /health from 127.0.0.1
2025-10-31 00:47:45,218 - services - INFO - [services.py:1056] - [HTTP] /health - Status: 200 - Time: 0.001s
2025-10-31 00:47:53,217 - services - INFO - [services.py:1051] - [HTTP] GET /memory from 127.0.0.1
2025-10-31 00:47:53,218 - services - INFO - [services.py:1056] - [HTTP] /memory - Status: 200 - Time: 0.001s
2025-10-31 00:48:03,215 - services - INFO - [services.py:1051] - [HTTP] GET /memory from 127.0.0.1
2025-10-31 00:48:03,216 - services - INFO - [services.py:1056] - [HTTP] /memory - Status: 200 - Time: 0.001s
2025-10-31 00:48:13,215 - services - INFO - [services.py:1051] - [HTTP] GET /memory from 127.0.0.1
2025-10-31 00:48:13,216 - services - INFO - [services.py:1056] - [HTTP] /memory - Status: 200 - Time: 0.001s
2025-10-31 00:48:15,215 - services - INFO - [services.py:1051] - [HTTP] GET /health from 127.0.0.1
2025-10-31 00:48:15,216 - services - INFO - [services.py:1056] - [HTTP] /health - Status: 200 - Time: 0.001s
2025-10-31 00:48:23,219 - services - INFO - [services.py:1051] - [HTTP] GET /memory from 127.0.0.1
2025-10-31 00:48:23,220 - services - INFO - [services.py:1056] - [HTTP] /memory - Status: 200 - Time: 0.001s
2025-10-31 00:48:33,227 - services - INFO - [services.py:1051] - [HTTP] GET /memory from 127.0.0.1
2025-10-31 00:48:33,228 - services - INFO - [services.py:1056] - [HTTP] /memory - Status: 200 - Time: 0.001s
2025-10-31 00:48:43,424 - services - INFO - [services.py:1051] - [HTTP] GET /memory from 127.0.0.1
2025-10-31 00:48:43,426 - services - INFO - [services.py:1056] - [HTTP] /memory - Status: 200 - Time: 0.001s
2025-10-31 00:48:45,434 - services - INFO - [services.py:1051] - [HTTP] GET /health from 127.0.0.1
2025-10-31 00:48:45,435 - services - INFO - [services.py:1056] - [HTTP] /health - Status: 200 - Time: 0.001s
2025-10-31 00:48:53,436 - services - INFO - [services.py:1051] - [HTTP] GET /memory from 127.0.0.1
2025-10-31 00:48:53,437 - services - INFO - [services.py:1056] - [HTTP] /memory - Status: 200 - Time: 0.001s
2025-10-31 00:49:03,466 - services - INFO - [services.py:1051] - [HTTP] GET /memory from 127.0.0.1
2025-10-31 00:49:03,468 - services - INFO - [services.py:1056] - [HTTP] /memory - Status: 200 - Time: 0.002s
2025-10-31 00:49:13,437 - services - INFO - [services.py:1051] - [HTTP] GET /memory from 127.0.0.1
2025-10-31 00:49:13,438 - services - INFO - [services.py:1056] - [HTTP] /memory - Status: 200 - Time: 0.001s
2025-10-31 00:49:15,437 - services - INFO - [services.py:1051] - [HTTP] GET /health from 127.0.0.1
2025-10-31 00:49:15,438 - services - INFO - [services.py:1056] - [HTTP] /health - Status: 200 - Time: 0.001s
2025-10-31 00:49:23,497 - services - INFO - [services.py:1051] - [HTTP] GET /memory from 127.0.0.1
2025-10-31 00:49:23,497 - services - INFO - [services.py:1056] - [HTTP] /memory - Status: 200 - Time: 0.001s
2025-10-31 00:49:33,495 - services - INFO - [services.py:1051] - [HTTP] GET /memory from 127.0.0.1
2025-10-31 00:49:33,496 - services - INFO - [services.py:1056] - [HTTP] /memory - Status: 200 - Time: 0.001s
2025-10-31 00:49:43,582 - services - INFO - [services.py:1051] - [HTTP] GET /memory from 127.0.0.1
2025-10-31 00:49:43,584 - services - INFO - [services.py:1056] - [HTTP] /memory - Status: 200 - Time: 0.002s
2025-10-31 00:49:45,443 - services - INFO - [services.py:1051] - [HTTP] GET /health from 127.0.0.1
2025-10-31 00:49:45,444 - services - INFO - [services.py:1056] - [HTTP] /health - Status: 200 - Time: 0.001s
2025-10-31 00:49:53,438 - services - INFO - [services.py:1051] - [HTTP] GET /memory from 127.0.0.1
2025-10-31 00:49:53,439 - services - INFO - [services.py:1056] - [HTTP] /memory - Status: 200 - Time: 0.001s
2025-10-31 00:50:03,444 - services - INFO - [services.py:1051] - [HTTP] GET /memory from 127.0.0.1
2025-10-31 00:50:03,445 - services - INFO - [services.py:1056] - [HTTP] /memory - Status: 200 - Time: 0.001s
2025-10-31 00:50:13,459 - services - INFO - [services.py:1051] - [HTTP] GET /memory from 127.0.0.1
2025-10-31 00:50:13,460 - services - INFO - [services.py:1056] - [HTTP] /memory - Status: 200 - Time: 0.001s
2025-10-31 00:50:15,437 - services - INFO - [services.py:1051] - [HTTP] GET /health from 127.0.0.1
2025-10-31 00:50:15,438 - services - INFO - [services.py:1056] - [HTTP] /health - Status: 200 - Time: 0.001s
2025-10-31 00:50:23,443 - services - INFO - [services.py:1051] - [HTTP] GET /memory from 127.0.0.1
2025-10-31 00:50:23,444 - services - INFO - [services.py:1056] - [HTTP] /memory - Status: 200 - Time: 0.001s
2025-10-31 00:50:33,461 - services - INFO - [services.py:1051] - [HTTP] GET /memory from 127.0.0.1
2025-10-31 00:50:33,462 - services - INFO - [services.py:1056] - [HTTP] /memory - Status: 200 - Time: 0.001s
2025-10-31 00:50:43,829 - services - INFO - [services.py:1051] - [HTTP] GET /memory from 127.0.0.1
2025-10-31 00:50:43,830 - services - INFO - [services.py:1056] - [HTTP] /memory - Status: 200 - Time: 0.001s
2025-10-31 00:50:45,864 - services - INFO - [services.py:1051] - [HTTP] GET /health from 127.0.0.1
2025-10-31 00:50:45,865 - services - INFO - [services.py:1056] - [HTTP] /health - Status: 200 - Time: 0.001s
2025-10-31 00:50:53,855 - services - INFO - [services.py:1051] - [HTTP] GET /memory from 127.0.0.1
2025-10-31 00:50:53,856 - services - INFO - [services.py:1056] - [HTTP] /memory - Status: 200 - Time: 0.001s
2025-10-31 00:51:03,865 - services - INFO - [services.py:1051] - [HTTP] GET /memory from 127.0.0.1
2025-10-31 00:51:03,866 - services - INFO - [services.py:1056] - [HTTP] /memory - Status: 200 - Time: 0.001s
2025-10-31 00:51:13,822 - services - INFO - [services.py:1051] - [HTTP] GET /memory from 127.0.0.1
2025-10-31 00:51:13,823 - services - INFO - [services.py:1056] - [HTTP] /memory - Status: 200 - Time: 0.001s
2025-10-31 00:51:15,840 - services - INFO - [services.py:1051] - [HTTP] GET /health from 127.0.0.1
2025-10-31 00:51:15,841 - services - INFO - [services.py:1056] - [HTTP] /health - Status: 200 - Time: 0.001s
2025-10-31 00:51:23,837 - services - INFO - [services.py:1051] - [HTTP] GET /memory from 127.0.0.1
2025-10-31 00:51:23,838 - services - INFO - [services.py:1056] - [HTTP] /memory - Status: 200 - Time: 0.001s
2025-10-31 00:51:33,823 - services - INFO - [services.py:1051] - [HTTP] GET /memory from 127.0.0.1
2025-10-31 00:51:33,824 - services - INFO - [services.py:1056] - [HTTP] /memory - Status: 200 - Time: 0.001s
2025-10-31 00:51:43,904 - services - INFO - [services.py:1051] - [HTTP] GET /memory from 127.0.0.1
2025-10-31 00:51:43,905 - services - INFO - [services.py:1056] - [HTTP] /memory - Status: 200 - Time: 0.001s
2025-10-31 00:51:45,827 - services - INFO - [services.py:1051] - [HTTP] GET /health from 127.0.0.1
2025-10-31 00:51:45,828 - services - INFO - [services.py:1056] - [HTTP] /health - Status: 200 - Time: 0.001s
2025-10-31 00:51:53,828 - services - INFO - [services.py:1051] - [HTTP] GET /memory from 127.0.0.1
2025-10-31 00:51:53,830 - services - INFO - [services.py:1056] - [HTTP] /memory - Status: 200 - Time: 0.002s
2025-10-31 00:52:03,828 - services - INFO - [services.py:1051] - [HTTP] GET /memory from 127.0.0.1
2025-10-31 00:52:03,829 - services - INFO - [services.py:1056] - [HTTP] /memory - Status: 200 - Time: 0.001s
2025-10-31 00:52:13,828 - services - INFO - [services.py:1051] - [HTTP] GET /memory from 127.0.0.1
2025-10-31 00:52:13,830 - services - INFO - [services.py:1056] - [HTTP] /memory - Status: 200 - Time: 0.001s
2025-10-31 00:52:15,826 - services - INFO - [services.py:1051] - [HTTP] GET /health from 127.0.0.1
2025-10-31 00:52:15,827 - services - INFO - [services.py:1056] - [HTTP] /health - Status: 200 - Time: 0.001s
2025-10-31 00:52:24,020 - services - INFO - [services.py:1051] - [HTTP] GET /memory from 127.0.0.1
2025-10-31 00:52:24,021 - services - INFO - [services.py:1056] - [HTTP] /memory - Status: 200 - Time: 0.001s
2025-10-31 00:52:34,011 - services - INFO - [services.py:1051] - [HTTP] GET /memory from 127.0.0.1
2025-10-31 00:52:34,012 - services - INFO - [services.py:1056] - [HTTP] /memory - Status: 200 - Time: 0.001s
2025-10-31 00:52:44,388 - services - INFO - [services.py:1051] - [HTTP] GET /memory from 127.0.0.1
2025-10-31 00:52:44,389 - services - INFO - [services.py:1056] - [HTTP] /memory - Status: 200 - Time: 0.001s
2025-10-31 00:52:46,391 - services - INFO - [services.py:1051] - [HTTP] GET /health from 127.0.0.1
2025-10-31 00:52:46,392 - services - INFO - [services.py:1056] - [HTTP] /health - Status: 200 - Time: 0.001s
2025-10-31 00:52:54,392 - services - INFO - [services.py:1051] - [HTTP] GET /memory from 127.0.0.1
2025-10-31 00:52:54,393 - services - INFO - [services.py:1056] - [HTTP] /memory - Status: 200 - Time: 0.001s
2025-10-31 00:53:04,395 - services - INFO - [services.py:1051] - [HTTP] GET /memory from 127.0.0.1
2025-10-31 00:53:04,396 - services - INFO - [services.py:1056] - [HTTP] /memory - Status: 200 - Time: 0.001s
2025-10-31 00:53:14,393 - services - INFO - [services.py:1051] - [HTTP] GET /memory from 127.0.0.1
2025-10-31 00:53:14,394 - services - INFO - [services.py:1056] - [HTTP] /memory - Status: 200 - Time: 0.001s
2025-10-31 00:53:16,393 - services - INFO - [services.py:1051] - [HTTP] GET /health from 127.0.0.1
2025-10-31 00:53:16,394 - services - INFO - [services.py:1056] - [HTTP] /health - Status: 200 - Time: 0.001s
2025-10-31 00:53:24,384 - services - INFO - [services.py:1051] - [HTTP] GET /memory from 127.0.0.1
2025-10-31 00:53:24,385 - services - INFO - [services.py:1056] - [HTTP] /memory - Status: 200 - Time: 0.001s
2025-10-31 00:53:34,396 - services - INFO - [services.py:1051] - [HTTP] GET /memory from 127.0.0.1
2025-10-31 00:53:34,397 - services - INFO - [services.py:1056] - [HTTP] /memory - Status: 200 - Time: 0.001s
2025-10-31 00:53:44,402 - services - INFO - [services.py:1051] - [HTTP] GET /memory from 127.0.0.1
2025-10-31 00:53:44,403 - services - INFO - [services.py:1056] - [HTTP] /memory - Status: 200 - Time: 0.001s
2025-10-31 00:53:46,402 - services - INFO - [services.py:1051] - [HTTP] GET /health from 127.0.0.1
2025-10-31 00:53:46,402 - services - INFO - [services.py:1056] - [HTTP] /health - Status: 200 - Time: 0.001s
2025-10-31 00:53:54,401 - services - INFO - [services.py:1051] - [HTTP] GET /memory from 127.0.0.1
2025-10-31 00:53:54,402 - services - INFO - [services.py:1056] - [HTTP] /memory - Status: 200 - Time: 0.001s
2025-10-31 00:54:04,397 - services - INFO - [services.py:1051] - [HTTP] GET /memory from 127.0.0.1
2025-10-31 00:54:04,398 - services - INFO - [services.py:1056] - [HTTP] /memory - Status: 200 - Time: 0.001s
2025-10-31 00:54:14,405 - services - INFO - [services.py:1051] - [HTTP] GET /memory from 127.0.0.1
2025-10-31 00:54:14,406 - services - INFO - [services.py:1056] - [HTTP] /memory - Status: 200 - Time: 0.001s
2025-10-31 00:54:16,591 - services - INFO - [services.py:1051] - [HTTP] GET /health from 127.0.0.1
2025-10-31 00:54:16,592 - services - INFO - [services.py:1056] - [HTTP] /health - Status: 200 - Time: 0.001s
2025-10-31 00:54:24,393 - services - INFO - [services.py:1051] - [HTTP] GET /memory from 127.0.0.1
2025-10-31 00:54:24,394 - services - INFO - [services.py:1056] - [HTTP] /memory - Status: 200 - Time: 0.001s
2025-10-31 00:54:34,399 - services - INFO - [services.py:1051] - [HTTP] GET /memory from 127.0.0.1
2025-10-31 00:54:34,400 - services - INFO - [services.py:1056] - [HTTP] /memory - Status: 200 - Time: 0.002s
2025-10-31 00:54:44,762 - services - INFO - [services.py:1051] - [HTTP] GET /memory from 127.0.0.1
2025-10-31 00:54:44,763 - services - INFO - [services.py:1056] - [HTTP] /memory - Status: 200 - Time: 0.001s
2025-10-31 00:54:46,855 - services - INFO - [services.py:1051] - [HTTP] GET /health from 127.0.0.1
2025-10-31 00:54:46,856 - services - INFO - [services.py:1056] - [HTTP] /health - Status: 200 - Time: 0.001s
2025-10-31 00:54:54,765 - services - INFO - [services.py:1051] - [HTTP] GET /memory from 127.0.0.1
2025-10-31 00:54:54,766 - services - INFO - [services.py:1056] - [HTTP] /memory - Status: 200 - Time: 0.001s
2025-10-31 00:55:04,764 - services - INFO - [services.py:1051] - [HTTP] GET /memory from 127.0.0.1
2025-10-31 00:55:04,765 - services - INFO - [services.py:1056] - [HTTP] /memory - Status: 200 - Time: 0.001s
2025-10-31 00:55:14,759 - services - INFO - [services.py:1051] - [HTTP] GET /memory from 127.0.0.1
2025-10-31 00:55:14,760 - services - INFO - [services.py:1056] - [HTTP] /memory - Status: 200 - Time: 0.001s
2025-10-31 00:55:16,768 - services - INFO - [services.py:1051] - [HTTP] GET /health from 127.0.0.1
2025-10-31 00:55:16,769 - services - INFO - [services.py:1056] - [HTTP] /health - Status: 200 - Time: 0.001s
2025-10-31 00:55:24,762 - services - INFO - [services.py:1051] - [HTTP] GET /memory from 127.0.0.1
2025-10-31 00:55:24,763 - services - INFO - [services.py:1056] - [HTTP] /memory - Status: 200 - Time: 0.001s
2025-10-31 00:55:34,766 - services - INFO - [services.py:1051] - [HTTP] GET /memory from 127.0.0.1
2025-10-31 00:55:34,767 - services - INFO - [services.py:1056] - [HTTP] /memory - Status: 200 - Time: 0.001s
2025-10-31 00:55:44,763 - services - INFO - [services.py:1051] - [HTTP] GET /memory from 127.0.0.1
2025-10-31 00:55:44,764 - services - INFO - [services.py:1056] - [HTTP] /memory - Status: 200 - Time: 0.001s
2025-10-31 00:55:46,764 - services - INFO - [services.py:1051] - [HTTP] GET /health from 127.0.0.1
2025-10-31 00:55:46,765 - services - INFO - [services.py:1056] - [HTTP] /health - Status: 200 - Time: 0.001s
2025-10-31 00:55:54,775 - services - INFO - [services.py:1051] - [HTTP] GET /memory from 127.0.0.1
2025-10-31 00:55:54,775 - services - INFO - [services.py:1056] - [HTTP] /memory - Status: 200 - Time: 0.001s
2025-10-31 00:56:04,768 - services - INFO - [services.py:1051] - [HTTP] GET /memory from 127.0.0.1
2025-10-31 00:56:04,770 - services - INFO - [services.py:1056] - [HTTP] /memory - Status: 200 - Time: 0.001s
2025-10-31 00:56:14,769 - services - INFO - [services.py:1051] - [HTTP] GET /memory from 127.0.0.1
2025-10-31 00:56:14,769 - services - INFO - [services.py:1056] - [HTTP] /memory - Status: 200 - Time: 0.001s
2025-10-31 00:56:16,930 - services - INFO - [services.py:1051] - [HTTP] GET /health from 127.0.0.1
2025-10-31 00:56:16,931 - services - INFO - [services.py:1056] - [HTTP] /health - Status: 200 - Time: 0.001s
2025-10-31 00:56:24,773 - services - INFO - [services.py:1051] - [HTTP] GET /memory from 127.0.0.1
2025-10-31 00:56:24,774 - services - INFO - [services.py:1056] - [HTTP] /memory - Status: 200 - Time: 0.001s
2025-10-31 00:56:34,771 - services - INFO - [services.py:1051] - [HTTP] GET /memory from 127.0.0.1
2025-10-31 00:56:34,772 - services - INFO - [services.py:1056] - [HTTP] /memory - Status: 200 - Time: 0.001s
2025-10-31 00:56:45,178 - services - INFO - [services.py:1051] - [HTTP] GET /memory from 127.0.0.1
2025-10-31 00:56:45,179 - services - INFO - [services.py:1056] - [HTTP] /memory - Status: 200 - Time: 0.001s
2025-10-31 00:56:47,209 - services - INFO - [services.py:1051] - [HTTP] GET /health from 127.0.0.1
2025-10-31 00:56:47,209 - services - INFO - [services.py:1056] - [HTTP] /health - Status: 200 - Time: 0.001s
2025-10-31 00:56:55,160 - services - INFO - [services.py:1051] - [HTTP] GET /memory from 127.0.0.1
2025-10-31 00:56:55,161 - services - INFO - [services.py:1056] - [HTTP] /memory - Status: 200 - Time: 0.001s
2025-10-31 00:57:05,169 - services - INFO - [services.py:1051] - [HTTP] GET /memory from 127.0.0.1
2025-10-31 00:57:05,170 - services - INFO - [services.py:1056] - [HTTP] /memory - Status: 200 - Time: 0.001s
2025-10-31 00:57:15,162 - services - INFO - [services.py:1051] - [HTTP] GET /memory from 127.0.0.1
2025-10-31 00:57:15,163 - services - INFO - [services.py:1056] - [HTTP] /memory - Status: 200 - Time: 0.001s
2025-10-31 00:57:17,303 - services - INFO - [services.py:1051] - [HTTP] GET /health from 127.0.0.1
2025-10-31 00:57:17,304 - services - INFO - [services.py:1056] - [HTTP] /health - Status: 200 - Time: 0.002s
2025-10-31 00:57:25,173 - services - INFO - [services.py:1051] - [HTTP] GET /memory from 127.0.0.1
2025-10-31 00:57:25,175 - services - INFO - [services.py:1056] - [HTTP] /memory - Status: 200 - Time: 0.001s
2025-10-31 00:57:35,157 - services - INFO - [services.py:1051] - [HTTP] GET /memory from 127.0.0.1
2025-10-31 00:57:35,158 - services - INFO - [services.py:1056] - [HTTP] /memory - Status: 200 - Time: 0.001s
2025-10-31 00:57:45,177 - services - INFO - [services.py:1051] - [HTTP] GET /memory from 127.0.0.1
2025-10-31 00:57:45,178 - services - INFO - [services.py:1056] - [HTTP] /memory - Status: 200 - Time: 0.001s
2025-10-31 00:57:47,165 - services - INFO - [services.py:1051] - [HTTP] GET /health from 127.0.0.1
2025-10-31 00:57:47,165 - services - INFO - [services.py:1056] - [HTTP] /health - Status: 200 - Time: 0.001s
2025-10-31 00:57:55,171 - services - INFO - [services.py:1051] - [HTTP] GET /memory from 127.0.0.1
2025-10-31 00:57:55,172 - services - INFO - [services.py:1056] - [HTTP] /memory - Status: 200 - Time: 0.001s
2025-10-31 00:58:05,164 - services - INFO - [services.py:1051] - [HTTP] GET /memory from 127.0.0.1
2025-10-31 00:58:05,165 - services - INFO - [services.py:1056] - [HTTP] /memory - Status: 200 - Time: 0.001s
2025-10-31 00:58:15,160 - services - INFO - [services.py:1051] - [HTTP] GET /memory from 127.0.0.1
2025-10-31 00:58:15,161 - services - INFO - [services.py:1056] - [HTTP] /memory - Status: 200 - Time: 0.001s
2025-10-31 00:58:17,157 - services - INFO - [services.py:1051] - [HTTP] GET /health from 127.0.0.1
2025-10-31 00:58:17,158 - services - INFO - [services.py:1056] - [HTTP] /health - Status: 200 - Time: 0.001s
2025-10-31 00:58:25,160 - services - INFO - [services.py:1051] - [HTTP] GET /memory from 127.0.0.1
2025-10-31 00:58:25,161 - services - INFO - [services.py:1056] - [HTTP] /memory - Status: 200 - Time: 0.001s
2025-10-31 00:58:35,167 - services - INFO - [services.py:1051] - [HTTP] GET /memory from 127.0.0.1
2025-10-31 00:58:35,168 - services - INFO - [services.py:1056] - [HTTP] /memory - Status: 200 - Time: 0.001s
2025-10-31 00:58:45,579 - services - INFO - [services.py:1051] - [HTTP] GET /memory from 127.0.0.1
2025-10-31 00:58:45,581 - services - INFO - [services.py:1056] - [HTTP] /memory - Status: 200 - Time: 0.002s
2025-10-31 00:58:47,582 - services - INFO - [services.py:1051] - [HTTP] GET /health from 127.0.0.1
2025-10-31 00:58:47,583 - services - INFO - [services.py:1056] - [HTTP] /health - Status: 200 - Time: 0.001s
2025-10-31 00:58:55,587 - services - INFO - [services.py:1051] - [HTTP] GET /memory from 127.0.0.1
2025-10-31 00:58:55,588 - services - INFO - [services.py:1056] - [HTTP] /memory - Status: 200 - Time: 0.001s
2025-10-31 00:59:05,592 - services - INFO - [services.py:1051] - [HTTP] GET /memory from 127.0.0.1
2025-10-31 00:59:05,593 - services - INFO - [services.py:1056] - [HTTP] /memory - Status: 200 - Time: 0.001s
2025-10-31 00:59:15,588 - services - INFO - [services.py:1051] - [HTTP] GET /memory from 127.0.0.1
2025-10-31 00:59:15,589 - services - INFO - [services.py:1056] - [HTTP] /memory - Status: 200 - Time: 0.001s
2025-10-31 00:59:17,595 - services - INFO - [services.py:1051] - [HTTP] GET /health from 127.0.0.1
2025-10-31 00:59:17,595 - services - INFO - [services.py:1056] - [HTTP] /health - Status: 200 - Time: 0.001s
2025-10-31 00:59:25,591 - services - INFO - [services.py:1051] - [HTTP] GET /memory from 127.0.0.1
2025-10-31 00:59:25,592 - services - INFO - [services.py:1056] - [HTTP] /memory - Status: 200 - Time: 0.001s
2025-10-31 00:59:35,629 - services - INFO - [services.py:1051] - [HTTP] GET /memory from 127.0.0.1
2025-10-31 00:59:35,630 - services - INFO - [services.py:1056] - [HTTP] /memory - Status: 200 - Time: 0.001s
2025-10-31 00:59:45,585 - services - INFO - [services.py:1051] - [HTTP] GET /memory from 127.0.0.1
2025-10-31 00:59:45,586 - services - INFO - [services.py:1056] - [HTTP] /memory - Status: 200 - Time: 0.001s
2025-10-31 00:59:47,596 - services - INFO - [services.py:1051] - [HTTP] GET /health from 127.0.0.1
2025-10-31 00:59:47,596 - services - INFO - [services.py:1056] - [HTTP] /health - Status: 200 - Time: 0.001s
2025-10-31 00:59:55,582 - services - INFO - [services.py:1051] - [HTTP] GET /memory from 127.0.0.1
2025-10-31 00:59:55,583 - services - INFO - [services.py:1056] - [HTTP] /memory - Status: 200 - Time: 0.001s
2025-10-31 01:00:05,596 - services - INFO - [services.py:1051] - [HTTP] GET /memory from 127.0.0.1
2025-10-31 01:00:05,597 - services - INFO - [services.py:1056] - [HTTP] /memory - Status: 200 - Time: 0.001s
2025-10-31 01:00:15,586 - services - INFO - [services.py:1051] - [HTTP] GET /memory from 127.0.0.1
2025-10-31 01:00:15,587 - services - INFO - [services.py:1056] - [HTTP] /memory - Status: 200 - Time: 0.001s
2025-10-31 01:00:17,588 - services - INFO - [services.py:1051] - [HTTP] GET /health from 127.0.0.1
2025-10-31 01:00:17,588 - services - INFO - [services.py:1056] - [HTTP] /health - Status: 200 - Time: 0.001s
2025-10-31 01:00:25,641 - services - INFO - [services.py:1051] - [HTTP] GET /memory from 127.0.0.1
2025-10-31 01:00:25,642 - services - INFO - [services.py:1056] - [HTTP] /memory - Status: 200 - Time: 0.001s
2025-10-31 01:00:35,657 - services - INFO - [services.py:1051] - [HTTP] GET /memory from 127.0.0.1
2025-10-31 01:00:35,658 - services - INFO - [services.py:1056] - [HTTP] /memory - Status: 200 - Time: 0.001s
2025-10-31 01:00:45,996 - services - INFO - [services.py:1051] - [HTTP] GET /memory from 127.0.0.1
2025-10-31 01:00:45,997 - services - INFO - [services.py:1056] - [HTTP] /memory - Status: 200 - Time: 0.001s
2025-10-31 01:00:47,954 - services - INFO - [services.py:1051] - [HTTP] GET /health from 127.0.0.1
2025-10-31 01:00:47,954 - services - INFO - [services.py:1056] - [HTTP] /health - Status: 200 - Time: 0.001s
2025-10-31 01:00:55,972 - services - INFO - [services.py:1051] - [HTTP] GET /memory from 127.0.0.1
2025-10-31 01:00:55,973 - services - INFO - [services.py:1056] - [HTTP] /memory - Status: 200 - Time: 0.001s
2025-10-31 01:01:05,954 - services - INFO - [services.py:1051] - [HTTP] GET /memory from 127.0.0.1
2025-10-31 01:01:05,955 - services - INFO - [services.py:1056] - [HTTP] /memory - Status: 200 - Time: 0.001s
2025-10-31 01:01:16,025 - services - INFO - [services.py:1051] - [HTTP] GET /memory from 127.0.0.1
2025-10-31 01:01:16,026 - services - INFO - [services.py:1056] - [HTTP] /memory - Status: 200 - Time: 0.001s
2025-10-31 01:01:18,000 - services - INFO - [services.py:1051] - [HTTP] GET /health from 127.0.0.1
2025-10-31 01:01:18,000 - services - INFO - [services.py:1056] - [HTTP] /health - Status: 200 - Time: 0.001s
2025-10-31 01:01:25,946 - services - INFO - [services.py:1051] - [HTTP] GET /memory from 127.0.0.1
2025-10-31 01:01:25,947 - services - INFO - [services.py:1056] - [HTTP] /memory - Status: 200 - Time: 0.001s
2025-10-31 01:01:35,953 - services - INFO - [services.py:1051] - [HTTP] GET /memory from 127.0.0.1
2025-10-31 01:01:35,954 - services - INFO - [services.py:1056] - [HTTP] /memory - Status: 200 - Time: 0.001s
2025-10-31 01:01:45,952 - services - INFO - [services.py:1051] - [HTTP] GET /memory from 127.0.0.1
2025-10-31 01:01:45,953 - services - INFO - [services.py:1056] - [HTTP] /memory - Status: 200 - Time: 0.001s
2025-10-31 01:01:47,968 - services - INFO - [services.py:1051] - [HTTP] GET /health from 127.0.0.1
2025-10-31 01:01:47,968 - services - INFO - [services.py:1056] - [HTTP] /health - Status: 200 - Time: 0.001s
2025-10-31 01:01:55,951 - services - INFO - [services.py:1051] - [HTTP] GET /memory from 127.0.0.1
2025-10-31 01:01:55,952 - services - INFO - [services.py:1056] - [HTTP] /memory - Status: 200 - Time: 0.001s
2025-10-31 01:02:05,945 - services - INFO - [services.py:1051] - [HTTP] GET /memory from 127.0.0.1
2025-10-31 01:02:05,946 - services - INFO - [services.py:1056] - [HTTP] /memory - Status: 200 - Time: 0.001s
2025-10-31 01:02:15,948 - services - INFO - [services.py:1051] - [HTTP] GET /memory from 127.0.0.1
2025-10-31 01:02:15,949 - services - INFO - [services.py:1056] - [HTTP] /memory - Status: 200 - Time: 0.001s
2025-10-31 01:02:17,952 - services - INFO - [services.py:1051] - [HTTP] GET /health from 127.0.0.1
2025-10-31 01:02:17,952 - services - INFO - [services.py:1056] - [HTTP] /health - Status: 200 - Time: 0.001s
2025-10-31 01:02:25,950 - services - INFO - [services.py:1051] - [HTTP] GET /memory from 127.0.0.1
2025-10-31 01:02:25,952 - services - INFO - [services.py:1056] - [HTTP] /memory - Status: 200 - Time: 0.001s
2025-10-31 01:02:35,950 - services - INFO - [services.py:1051] - [HTTP] GET /memory from 127.0.0.1
2025-10-31 01:02:35,951 - services - INFO - [services.py:1056] - [HTTP] /memory - Status: 200 - Time: 0.001s
2025-10-31 01:02:46,396 - services - INFO - [services.py:1051] - [HTTP] GET /memory from 127.0.0.1
2025-10-31 01:02:46,397 - services - INFO - [services.py:1056] - [HTTP] /memory - Status: 200 - Time: 0.001s
2025-10-31 01:02:48,398 - services - INFO - [services.py:1051] - [HTTP] GET /health from 127.0.0.1
2025-10-31 01:02:48,399 - services - INFO - [services.py:1056] - [HTTP] /health - Status: 200 - Time: 0.001s
2025-10-31 01:02:56,399 - services - INFO - [services.py:1051] - [HTTP] GET /memory from 127.0.0.1
2025-10-31 01:02:56,400 - services - INFO - [services.py:1056] - [HTTP] /memory - Status: 200 - Time: 0.001s
2025-10-31 01:03:06,397 - services - INFO - [services.py:1051] - [HTTP] GET /memory from 127.0.0.1
2025-10-31 01:03:06,398 - services - INFO - [services.py:1056] - [HTTP] /memory - Status: 200 - Time: 0.001s
2025-10-31 01:03:16,386 - services - INFO - [services.py:1051] - [HTTP] GET /memory from 127.0.0.1
2025-10-31 01:03:16,386 - services - INFO - [services.py:1056] - [HTTP] /memory - Status: 200 - Time: 0.001s
2025-10-31 01:03:18,460 - services - INFO - [services.py:1051] - [HTTP] GET /health from 127.0.0.1
2025-10-31 01:03:18,460 - services - INFO - [services.py:1056] - [HTTP] /health - Status: 200 - Time: 0.001s
2025-10-31 01:03:26,387 - services - INFO - [services.py:1051] - [HTTP] GET /memory from 127.0.0.1
2025-10-31 01:03:26,388 - services - INFO - [services.py:1056] - [HTTP] /memory - Status: 200 - Time: 0.001s
2025-10-31 01:03:36,397 - services - INFO - [services.py:1051] - [HTTP] GET /memory from 127.0.0.1
2025-10-31 01:03:36,398 - services - INFO - [services.py:1056] - [HTTP] /memory - Status: 200 - Time: 0.001s
2025-10-31 01:03:46,593 - services - INFO - [services.py:1051] - [HTTP] GET /memory from 127.0.0.1
2025-10-31 01:03:46,594 - services - INFO - [services.py:1056] - [HTTP] /memory - Status: 200 - Time: 0.001s
2025-10-31 01:03:48,610 - services - INFO - [services.py:1051] - [HTTP] GET /health from 127.0.0.1
2025-10-31 01:03:48,611 - services - INFO - [services.py:1056] - [HTTP] /health - Status: 200 - Time: 0.001s
2025-10-31 01:03:56,583 - services - INFO - [services.py:1051] - [HTTP] GET /memory from 127.0.0.1
2025-10-31 01:03:56,584 - services - INFO - [services.py:1056] - [HTTP] /memory - Status: 200 - Time: 0.001s
2025-10-31 01:04:06,633 - services - INFO - [services.py:1051] - [HTTP] GET /memory from 127.0.0.1
2025-10-31 01:04:06,634 - services - INFO - [services.py:1056] - [HTTP] /memory - Status: 200 - Time: 0.001s
2025-10-31 01:04:16,585 - services - INFO - [services.py:1051] - [HTTP] GET /memory from 127.0.0.1
2025-10-31 01:04:16,587 - services - INFO - [services.py:1056] - [HTTP] /memory - Status: 200 - Time: 0.001s
2025-10-31 01:04:18,596 - services - INFO - [services.py:1051] - [HTTP] GET /health from 127.0.0.1
2025-10-31 01:04:18,597 - services - INFO - [services.py:1056] - [HTTP] /health - Status: 200 - Time: 0.001s
2025-10-31 01:04:26,592 - services - INFO - [services.py:1051] - [HTTP] GET /memory from 127.0.0.1
2025-10-31 01:04:26,593 - services - INFO - [services.py:1056] - [HTTP] /memory - Status: 200 - Time: 0.001s
2025-10-31 01:04:36,594 - services - INFO - [services.py:1051] - [HTTP] GET /memory from 127.0.0.1
2025-10-31 01:04:36,595 - services - INFO - [services.py:1056] - [HTTP] /memory - Status: 200 - Time: 0.001s
2025-10-31 01:04:47,011 - services - INFO - [services.py:1051] - [HTTP] GET /memory from 127.0.0.1
2025-10-31 01:04:47,013 - services - INFO - [services.py:1056] - [HTTP] /memory - Status: 200 - Time: 0.002s
2025-10-31 01:04:48,969 - services - INFO - [services.py:1051] - [HTTP] GET /health from 127.0.0.1
2025-10-31 01:04:48,970 - services - INFO - [services.py:1056] - [HTTP] /health - Status: 200 - Time: 0.001s
2025-10-31 01:04:56,964 - services - INFO - [services.py:1051] - [HTTP] GET /memory from 127.0.0.1
2025-10-31 01:04:56,965 - services - INFO - [services.py:1056] - [HTTP] /memory - Status: 200 - Time: 0.001s
2025-10-31 01:05:06,995 - services - INFO - [services.py:1051] - [HTTP] GET /memory from 127.0.0.1
2025-10-31 01:05:06,996 - services - INFO - [services.py:1056] - [HTTP] /memory - Status: 200 - Time: 0.001s
2025-10-31 01:05:17,014 - services - INFO - [services.py:1051] - [HTTP] GET /memory from 127.0.0.1
2025-10-31 01:05:17,014 - services - INFO - [services.py:1056] - [HTTP] /memory - Status: 200 - Time: 0.001s
2025-10-31 01:05:19,024 - services - INFO - [services.py:1051] - [HTTP] GET /health from 127.0.0.1
2025-10-31 01:05:19,025 - services - INFO - [services.py:1056] - [HTTP] /health - Status: 200 - Time: 0.001s
2025-10-31 01:05:26,976 - services - INFO - [services.py:1051] - [HTTP] GET /memory from 127.0.0.1
2025-10-31 01:05:26,977 - services - INFO - [services.py:1056] - [HTTP] /memory - Status: 200 - Time: 0.001s
2025-10-31 01:05:37,187 - services - INFO - [services.py:1051] - [HTTP] GET /memory from 127.0.0.1
2025-10-31 01:05:37,188 - services - INFO - [services.py:1056] - [HTTP] /memory - Status: 200 - Time: 0.001s
2025-10-31 01:05:47,176 - services - INFO - [services.py:1051] - [HTTP] GET /memory from 127.0.0.1
2025-10-31 01:05:47,177 - services - INFO - [services.py:1056] - [HTTP] /memory - Status: 200 - Time: 0.001s
2025-10-31 01:05:49,221 - services - INFO - [services.py:1051] - [HTTP] GET /health from 127.0.0.1
2025-10-31 01:05:49,222 - services - INFO - [services.py:1056] - [HTTP] /health - Status: 200 - Time: 0.001s
2025-10-31 01:05:57,180 - services - INFO - [services.py:1051] - [HTTP] GET /memory from 127.0.0.1
2025-10-31 01:05:57,182 - services - INFO - [services.py:1056] - [HTTP] /memory - Status: 200 - Time: 0.001s
2025-10-31 01:06:07,187 - services - INFO - [services.py:1051] - [HTTP] GET /memory from 127.0.0.1
2025-10-31 01:06:07,188 - services - INFO - [services.py:1056] - [HTTP] /memory - Status: 200 - Time: 0.001s
2025-10-31 01:06:17,181 - services - INFO - [services.py:1051] - [HTTP] GET /memory from 127.0.0.1
2025-10-31 01:06:17,183 - services - INFO - [services.py:1056] - [HTTP] /memory - Status: 200 - Time: 0.001s
2025-10-31 01:06:19,182 - services - INFO - [services.py:1051] - [HTTP] GET /health from 127.0.0.1
2025-10-31 01:06:19,182 - services - INFO - [services.py:1056] - [HTTP] /health - Status: 200 - Time: 0.001s
2025-10-31 01:06:27,189 - services - INFO - [services.py:1051] - [HTTP] GET /memory from 127.0.0.1
2025-10-31 01:06:27,190 - services - INFO - [services.py:1056] - [HTTP] /memory - Status: 200 - Time: 0.001s
2025-10-31 01:06:37,232 - services - INFO - [services.py:1051] - [HTTP] GET /memory from 127.0.0.1
2025-10-31 01:06:37,234 - services - INFO - [services.py:1056] - [HTTP] /memory - Status: 200 - Time: 0.002s
2025-10-31 01:06:47,586 - services - INFO - [services.py:1051] - [HTTP] GET /memory from 127.0.0.1
2025-10-31 01:06:47,587 - services - INFO - [services.py:1056] - [HTTP] /memory - Status: 200 - Time: 0.001s
2025-10-31 01:06:49,576 - services - INFO - [services.py:1051] - [HTTP] GET /health from 127.0.0.1
2025-10-31 01:06:49,577 - services - INFO - [services.py:1056] - [HTTP] /health - Status: 200 - Time: 0.001s
2025-10-31 01:06:57,595 - services - INFO - [services.py:1051] - [HTTP] GET /memory from 127.0.0.1
2025-10-31 01:06:57,596 - services - INFO - [services.py:1056] - [HTTP] /memory - Status: 200 - Time: 0.001s
2025-10-31 01:07:07,585 - services - INFO - [services.py:1051] - [HTTP] GET /memory from 127.0.0.1
2025-10-31 01:07:07,587 - services - INFO - [services.py:1056] - [HTTP] /memory - Status: 200 - Time: 0.002s
2025-10-31 01:07:17,585 - services - INFO - [services.py:1051] - [HTTP] GET /memory from 127.0.0.1
2025-10-31 01:07:17,586 - services - INFO - [services.py:1056] - [HTTP] /memory - Status: 200 - Time: 0.001s
2025-10-31 01:07:19,633 - services - INFO - [services.py:1051] - [HTTP] GET /health from 127.0.0.1
2025-10-31 01:07:19,633 - services - INFO - [services.py:1056] - [HTTP] /health - Status: 200 - Time: 0.001s
2025-10-31 01:07:27,578 - services - INFO - [services.py:1051] - [HTTP] GET /memory from 127.0.0.1
2025-10-31 01:07:27,579 - services - INFO - [services.py:1056] - [HTTP] /memory - Status: 200 - Time: 0.001s
2025-10-31 01:07:37,995 - services - INFO - [services.py:1051] - [HTTP] GET /memory from 127.0.0.1
2025-10-31 01:07:37,996 - services - INFO - [services.py:1056] - [HTTP] /memory - Status: 200 - Time: 0.001s
2025-10-31 01:07:48,012 - services - INFO - [services.py:1051] - [HTTP] GET /memory from 127.0.0.1
2025-10-31 01:07:48,013 - services - INFO - [services.py:1056] - [HTTP] /memory - Status: 200 - Time: 0.001s
2025-10-31 01:07:49,962 - services - INFO - [services.py:1051] - [HTTP] GET /health from 127.0.0.1
2025-10-31 01:07:49,962 - services - INFO - [services.py:1056] - [HTTP] /health - Status: 200 - Time: 0.001s
2025-10-31 01:07:57,967 - services - INFO - [services.py:1051] - [HTTP] GET /memory from 127.0.0.1
2025-10-31 01:07:57,968 - services - INFO - [services.py:1056] - [HTTP] /memory - Status: 200 - Time: 0.001s
2025-10-31 01:08:08,016 - services - INFO - [services.py:1051] - [HTTP] GET /memory from 127.0.0.1
2025-10-31 01:08:08,017 - services - INFO - [services.py:1056] - [HTTP] /memory - Status: 200 - Time: 0.001s
2025-10-31 01:08:17,970 - services - INFO - [services.py:1051] - [HTTP] GET /memory from 127.0.0.1
2025-10-31 01:08:17,971 - services - INFO - [services.py:1056] - [HTTP] /memory - Status: 200 - Time: 0.001s
2025-10-31 01:08:19,966 - services - INFO - [services.py:1051] - [HTTP] GET /health from 127.0.0.1
2025-10-31 01:08:19,967 - services - INFO - [services.py:1056] - [HTTP] /health - Status: 200 - Time: 0.001s
2025-10-31 01:08:27,965 - services - INFO - [services.py:1051] - [HTTP] GET /memory from 127.0.0.1
2025-10-31 01:08:27,967 - services - INFO - [services.py:1056] - [HTTP] /memory - Status: 200 - Time: 0.002s
2025-10-31 01:08:37,968 - services - INFO - [services.py:1051] - [HTTP] GET /memory from 127.0.0.1
2025-10-31 01:08:37,968 - services - INFO - [services.py:1056] - [HTTP] /memory - Status: 200 - Time: 0.001s
2025-10-31 01:08:48,180 - services - INFO - [services.py:1051] - [HTTP] GET /memory from 127.0.0.1
2025-10-31 01:08:48,181 - services - INFO - [services.py:1056] - [HTTP] /memory - Status: 200 - Time: 0.001s
2025-10-31 01:08:50,171 - services - INFO - [services.py:1051] - [HTTP] GET /health from 127.0.0.1
2025-10-31 01:08:50,172 - services - INFO - [services.py:1056] - [HTTP] /health - Status: 200 - Time: 0.001s
2025-10-31 01:08:58,169 - services - INFO - [services.py:1051] - [HTTP] GET /memory from 127.0.0.1
2025-10-31 01:08:58,170 - services - INFO - [services.py:1056] - [HTTP] /memory - Status: 200 - Time: 0.001s
2025-10-31 01:09:08,169 - services - INFO - [services.py:1051] - [HTTP] GET /memory from 127.0.0.1
2025-10-31 01:09:08,169 - services - INFO - [services.py:1056] - [HTTP] /memory - Status: 200 - Time: 0.001s
2025-10-31 01:09:18,196 - services - INFO - [services.py:1051] - [HTTP] GET /memory from 127.0.0.1
2025-10-31 01:09:18,197 - services - INFO - [services.py:1056] - [HTTP] /memory - Status: 200 - Time: 0.001s
2025-10-31 01:09:20,223 - services - INFO - [services.py:1051] - [HTTP] GET /health from 127.0.0.1
2025-10-31 01:09:20,224 - services - INFO - [services.py:1056] - [HTTP] /health - Status: 200 - Time: 0.001s
2025-10-31 01:09:28,183 - services - INFO - [services.py:1051] - [HTTP] GET /memory from 127.0.0.1
2025-10-31 01:09:28,184 - services - INFO - [services.py:1056] - [HTTP] /memory - Status: 200 - Time: 0.001s
2025-10-31 01:09:38,173 - services - INFO - [services.py:1051] - [HTTP] GET /memory from 127.0.0.1
2025-10-31 01:09:38,174 - services - INFO - [services.py:1056] - [HTTP] /memory - Status: 200 - Time: 0.001s
2025-10-31 01:09:48,173 - services - INFO - [services.py:1051] - [HTTP] GET /memory from 127.0.0.1
2025-10-31 01:09:48,174 - services - INFO - [services.py:1056] - [HTTP] /memory - Status: 200 - Time: 0.001s
2025-10-31 01:09:50,177 - services - INFO - [services.py:1051] - [HTTP] GET /health from 127.0.0.1
2025-10-31 01:09:50,178 - services - INFO - [services.py:1056] - [HTTP] /health - Status: 200 - Time: 0.001s
2025-10-31 01:09:58,172 - services - INFO - [services.py:1051] - [HTTP] GET /memory from 127.0.0.1
2025-10-31 01:09:58,173 - services - INFO - [services.py:1056] - [HTTP] /memory - Status: 200 - Time: 0.001s
2025-10-31 01:10:08,171 - services - INFO - [services.py:1051] - [HTTP] GET /memory from 127.0.0.1
2025-10-31 01:10:08,172 - services - INFO - [services.py:1056] - [HTTP] /memory - Status: 200 - Time: 0.001s
2025-10-31 01:10:18,250 - services - INFO - [services.py:1051] - [HTTP] GET /memory from 127.0.0.1
2025-10-31 01:10:18,251 - services - INFO - [services.py:1056] - [HTTP] /memory - Status: 200 - Time: 0.001s
2025-10-31 01:10:20,170 - services - INFO - [services.py:1051] - [HTTP] GET /health from 127.0.0.1
2025-10-31 01:10:20,170 - services - INFO - [services.py:1056] - [HTTP] /health - Status: 200 - Time: 0.001s
2025-10-31 01:10:28,186 - services - INFO - [services.py:1051] - [HTTP] GET /memory from 127.0.0.1
2025-10-31 01:10:28,186 - services - INFO - [services.py:1056] - [HTTP] /memory - Status: 200 - Time: 0.001s
2025-10-31 01:10:38,188 - services - INFO - [services.py:1051] - [HTTP] GET /memory from 127.0.0.1
2025-10-31 01:10:38,189 - services - INFO - [services.py:1056] - [HTTP] /memory - Status: 200 - Time: 0.001s
2025-10-31 01:10:48,583 - services - INFO - [services.py:1051] - [HTTP] GET /memory from 127.0.0.1
2025-10-31 01:10:48,584 - services - INFO - [services.py:1056] - [HTTP] /memory - Status: 200 - Time: 0.001s
2025-10-31 01:10:50,557 - services - INFO - [services.py:1051] - [HTTP] GET /health from 127.0.0.1
2025-10-31 01:10:50,558 - services - INFO - [services.py:1056] - [HTTP] /health - Status: 200 - Time: 0.001s
2025-10-31 01:10:58,614 - services - INFO - [services.py:1051] - [HTTP] GET /memory from 127.0.0.1
2025-10-31 01:10:58,615 - services - INFO - [services.py:1056] - [HTTP] /memory - Status: 200 - Time: 0.001s
2025-10-31 01:11:08,555 - services - INFO - [services.py:1051] - [HTTP] GET /memory from 127.0.0.1
2025-10-31 01:11:08,556 - services - INFO - [services.py:1056] - [HTTP] /memory - Status: 200 - Time: 0.002s
2025-10-31 01:11:18,560 - services - INFO - [services.py:1051] - [HTTP] GET /memory from 127.0.0.1
2025-10-31 01:11:18,561 - services - INFO - [services.py:1056] - [HTTP] /memory - Status: 200 - Time: 0.001s
2025-10-31 01:11:20,566 - services - INFO - [services.py:1051] - [HTTP] GET /health from 127.0.0.1
2025-10-31 01:11:20,567 - services - INFO - [services.py:1056] - [HTTP] /health - Status: 200 - Time: 0.001s
2025-10-31 01:11:28,571 - services - INFO - [services.py:1051] - [HTTP] GET /memory from 127.0.0.1
2025-10-31 01:11:28,572 - services - INFO - [services.py:1056] - [HTTP] /memory - Status: 200 - Time: 0.001s
2025-10-31 01:11:38,557 - services - INFO - [services.py:1051] - [HTTP] GET /memory from 127.0.0.1
2025-10-31 01:11:38,558 - services - INFO - [services.py:1056] - [HTTP] /memory - Status: 200 - Time: 0.001s
2025-10-31 01:11:48,562 - services - INFO - [services.py:1051] - [HTTP] GET /memory from 127.0.0.1
2025-10-31 01:11:48,563 - services - INFO - [services.py:1056] - [HTTP] /memory - Status: 200 - Time: 0.001s
2025-10-31 01:11:50,566 - services - INFO - [services.py:1051] - [HTTP] GET /health from 127.0.0.1
2025-10-31 01:11:50,567 - services - INFO - [services.py:1056] - [HTTP] /health - Status: 200 - Time: 0.001s
2025-10-31 01:11:58,586 - services - INFO - [services.py:1051] - [HTTP] GET /memory from 127.0.0.1
2025-10-31 01:11:58,589 - services - INFO - [services.py:1056] - [HTTP] /memory - Status: 200 - Time: 0.002s
2025-10-31 01:12:08,558 - services - INFO - [services.py:1051] - [HTTP] GET /memory from 127.0.0.1
2025-10-31 01:12:08,559 - services - INFO - [services.py:1056] - [HTTP] /memory - Status: 200 - Time: 0.002s
2025-10-31 01:12:18,576 - services - INFO - [services.py:1051] - [HTTP] GET /memory from 127.0.0.1
2025-10-31 01:12:18,577 - services - INFO - [services.py:1056] - [HTTP] /memory - Status: 200 - Time: 0.001s
2025-10-31 01:12:20,636 - services - INFO - [services.py:1051] - [HTTP] GET /health from 127.0.0.1
2025-10-31 01:12:20,637 - services - INFO - [services.py:1056] - [HTTP] /health - Status: 200 - Time: 0.001s
2025-10-31 01:12:28,562 - services - INFO - [services.py:1051] - [HTTP] GET /memory from 127.0.0.1
2025-10-31 01:12:28,563 - services - INFO - [services.py:1056] - [HTTP] /memory - Status: 200 - Time: 0.001s
2025-10-31 01:12:38,562 - services - INFO - [services.py:1051] - [HTTP] GET /memory from 127.0.0.1
2025-10-31 01:12:38,564 - services - INFO - [services.py:1056] - [HTTP] /memory - Status: 200 - Time: 0.002s
2025-10-31 01:12:48,968 - services - INFO - [services.py:1051] - [HTTP] GET /memory from 127.0.0.1
2025-10-31 01:12:48,969 - services - INFO - [services.py:1056] - [HTTP] /memory - Status: 200 - Time: 0.001s
2025-10-31 01:12:50,962 - services - INFO - [services.py:1051] - [HTTP] GET /health from 127.0.0.1
2025-10-31 01:12:50,962 - services - INFO - [services.py:1056] - [HTTP] /health - Status: 200 - Time: 0.001s
2025-10-31 01:12:59,071 - services - INFO - [services.py:1051] - [HTTP] GET /memory from 127.0.0.1
2025-10-31 01:12:59,073 - services - INFO - [services.py:1056] - [HTTP] /memory - Status: 200 - Time: 0.002s
2025-10-31 01:13:09,013 - services - INFO - [services.py:1051] - [HTTP] GET /memory from 127.0.0.1
2025-10-31 01:13:09,015 - services - INFO - [services.py:1056] - [HTTP] /memory - Status: 200 - Time: 0.001s
2025-10-31 01:13:18,968 - services - INFO - [services.py:1051] - [HTTP] GET /memory from 127.0.0.1
2025-10-31 01:13:18,970 - services - INFO - [services.py:1056] - [HTTP] /memory - Status: 200 - Time: 0.002s
2025-10-31 01:13:20,963 - services - INFO - [services.py:1051] - [HTTP] GET /health from 127.0.0.1
2025-10-31 01:13:20,964 - services - INFO - [services.py:1056] - [HTTP] /health - Status: 200 - Time: 0.001s
2025-10-31 01:13:28,959 - services - INFO - [services.py:1051] - [HTTP] GET /memory from 127.0.0.1
2025-10-31 01:13:28,960 - services - INFO - [services.py:1056] - [HTTP] /memory - Status: 200 - Time: 0.001s
2025-10-31 01:13:38,967 - services - INFO - [services.py:1051] - [HTTP] GET /memory from 127.0.0.1
2025-10-31 01:13:38,968 - services - INFO - [services.py:1056] - [HTTP] /memory - Status: 200 - Time: 0.001s
2025-10-31 01:13:48,966 - services - INFO - [services.py:1051] - [HTTP] GET /memory from 127.0.0.1
2025-10-31 01:13:48,968 - services - INFO - [services.py:1056] - [HTTP] /memory - Status: 200 - Time: 0.002s
2025-10-31 01:13:50,970 - services - INFO - [services.py:1051] - [HTTP] GET /health from 127.0.0.1
2025-10-31 01:13:50,971 - services - INFO - [services.py:1056] - [HTTP] /health - Status: 200 - Time: 0.001s
2025-10-31 01:13:58,979 - services - INFO - [services.py:1051] - [HTTP] GET /memory from 127.0.0.1
2025-10-31 01:13:58,980 - services - INFO - [services.py:1056] - [HTTP] /memory - Status: 200 - Time: 0.001s
2025-10-31 01:14:08,968 - services - INFO - [services.py:1051] - [HTTP] GET /memory from 127.0.0.1
2025-10-31 01:14:08,969 - services - INFO - [services.py:1056] - [HTTP] /memory - Status: 200 - Time: 0.001s
2025-10-31 01:14:18,969 - services - INFO - [services.py:1051] - [HTTP] GET /memory from 127.0.0.1
2025-10-31 01:14:18,970 - services - INFO - [services.py:1056] - [HTTP] /memory - Status: 200 - Time: 0.001s
2025-10-31 01:14:20,968 - services - INFO - [services.py:1051] - [HTTP] GET /health from 127.0.0.1
2025-10-31 01:14:20,969 - services - INFO - [services.py:1056] - [HTTP] /health - Status: 200 - Time: 0.001s
2025-10-31 01:14:29,019 - services - INFO - [services.py:1051] - [HTTP] GET /memory from 127.0.0.1
2025-10-31 01:14:29,021 - services - INFO - [services.py:1056] - [HTTP] /memory - Status: 200 - Time: 0.002s
2025-10-31 01:14:38,969 - services - INFO - [services.py:1051] - [HTTP] GET /memory from 127.0.0.1
2025-10-31 01:14:38,971 - services - INFO - [services.py:1056] - [HTTP] /memory - Status: 200 - Time: 0.002s
2025-10-31 01:14:49,371 - services - INFO - [services.py:1051] - [HTTP] GET /memory from 127.0.0.1
2025-10-31 01:14:49,372 - services - INFO - [services.py:1056] - [HTTP] /memory - Status: 200 - Time: 0.001s
2025-10-31 01:14:51,331 - services - INFO - [services.py:1051] - [HTTP] GET /health from 127.0.0.1
2025-10-31 01:14:51,332 - services - INFO - [services.py:1056] - [HTTP] /health - Status: 200 - Time: 0.001s
2025-10-31 01:14:59,344 - services - INFO - [services.py:1051] - [HTTP] GET /memory from 127.0.0.1
2025-10-31 01:14:59,345 - services - INFO - [services.py:1056] - [HTTP] /memory - Status: 200 - Time: 0.001s
2025-10-31 01:15:09,335 - services - INFO - [services.py:1051] - [HTTP] GET /memory from 127.0.0.1
2025-10-31 01:15:09,336 - services - INFO - [services.py:1056] - [HTTP] /memory - Status: 200 - Time: 0.001s
2025-10-31 01:15:19,340 - services - INFO - [services.py:1051] - [HTTP] GET /memory from 127.0.0.1
2025-10-31 01:15:19,342 - services - INFO - [services.py:1056] - [HTTP] /memory - Status: 200 - Time: 0.002s
2025-10-31 01:15:21,339 - services - INFO - [services.py:1051] - [HTTP] GET /health from 127.0.0.1
2025-10-31 01:15:21,340 - services - INFO - [services.py:1056] - [HTTP] /health - Status: 200 - Time: 0.001s
2025-10-31 01:15:29,336 - services - INFO - [services.py:1051] - [HTTP] GET /memory from 127.0.0.1
2025-10-31 01:15:29,337 - services - INFO - [services.py:1056] - [HTTP] /memory - Status: 200 - Time: 0.001s
2025-10-31 01:15:39,386 - services - INFO - [services.py:1051] - [HTTP] GET /memory from 127.0.0.1
2025-10-31 01:15:39,387 - services - INFO - [services.py:1056] - [HTTP] /memory - Status: 200 - Time: 0.001s
2025-10-31 01:15:49,335 - services - INFO - [services.py:1051] - [HTTP] GET /memory from 127.0.0.1
2025-10-31 01:15:49,336 - services - INFO - [services.py:1056] - [HTTP] /memory - Status: 200 - Time: 0.001s
2025-10-31 01:15:51,397 - services - INFO - [services.py:1051] - [HTTP] GET /health from 127.0.0.1
2025-10-31 01:15:51,398 - services - INFO - [services.py:1056] - [HTTP] /health - Status: 200 - Time: 0.001s
2025-10-31 01:15:59,366 - services - INFO - [services.py:1051] - [HTTP] GET /memory from 127.0.0.1
2025-10-31 01:15:59,367 - services - INFO - [services.py:1056] - [HTTP] /memory - Status: 200 - Time: 0.001s
2025-10-31 01:16:09,335 - services - INFO - [services.py:1051] - [HTTP] GET /memory from 127.0.0.1
2025-10-31 01:16:09,337 - services - INFO - [services.py:1056] - [HTTP] /memory - Status: 200 - Time: 0.001s
2025-10-31 01:16:19,338 - services - INFO - [services.py:1051] - [HTTP] GET /memory from 127.0.0.1
2025-10-31 01:16:19,339 - services - INFO - [services.py:1056] - [HTTP] /memory - Status: 200 - Time: 0.001s
2025-10-31 01:16:21,343 - services - INFO - [services.py:1051] - [HTTP] GET /health from 127.0.0.1
2025-10-31 01:16:21,344 - services - INFO - [services.py:1056] - [HTTP] /health - Status: 200 - Time: 0.001s
2025-10-31 01:16:29,345 - services - INFO - [services.py:1051] - [HTTP] GET /memory from 127.0.0.1
2025-10-31 01:16:29,347 - services - INFO - [services.py:1056] - [HTTP] /memory - Status: 200 - Time: 0.001s
2025-10-31 01:16:39,342 - services - INFO - [services.py:1051] - [HTTP] GET /memory from 127.0.0.1
2025-10-31 01:16:39,344 - services - INFO - [services.py:1056] - [HTTP] /memory - Status: 200 - Time: 0.002s
2025-10-31 01:16:49,730 - services - INFO - [services.py:1051] - [HTTP] GET /memory from 127.0.0.1
2025-10-31 01:16:49,731 - services - INFO - [services.py:1056] - [HTTP] /memory - Status: 200 - Time: 0.001s
2025-10-31 01:16:51,731 - services - INFO - [services.py:1051] - [HTTP] GET /health from 127.0.0.1
2025-10-31 01:16:51,732 - services - INFO - [services.py:1056] - [HTTP] /health - Status: 200 - Time: 0.001s
2025-10-31 01:16:59,760 - services - INFO - [services.py:1051] - [HTTP] GET /memory from 127.0.0.1
2025-10-31 01:16:59,762 - services - INFO - [services.py:1056] - [HTTP] /memory - Status: 200 - Time: 0.001s
2025-10-31 01:17:09,756 - services - INFO - [services.py:1051] - [HTTP] GET /memory from 127.0.0.1
2025-10-31 01:17:09,758 - services - INFO - [services.py:1056] - [HTTP] /memory - Status: 200 - Time: 0.001s
2025-10-31 01:17:19,725 - services - INFO - [services.py:1051] - [HTTP] GET /memory from 127.0.0.1
2025-10-31 01:17:19,726 - services - INFO - [services.py:1056] - [HTTP] /memory - Status: 200 - Time: 0.001s
2025-10-31 01:17:21,727 - services - INFO - [services.py:1051] - [HTTP] GET /health from 127.0.0.1
2025-10-31 01:17:21,728 - services - INFO - [services.py:1056] - [HTTP] /health - Status: 200 - Time: 0.001s
2025-10-31 01:17:29,730 - services - INFO - [services.py:1051] - [HTTP] GET /memory from 127.0.0.1
2025-10-31 01:17:29,732 - services - INFO - [services.py:1056] - [HTTP] /memory - Status: 200 - Time: 0.001s
2025-10-31 01:17:39,730 - services - INFO - [services.py:1051] - [HTTP] GET /memory from 127.0.0.1
2025-10-31 01:17:39,731 - services - INFO - [services.py:1056] - [HTTP] /memory - Status: 200 - Time: 0.001s
2025-10-31 01:17:49,734 - services - INFO - [services.py:1051] - [HTTP] GET /memory from 127.0.0.1
2025-10-31 01:17:49,735 - services - INFO - [services.py:1056] - [HTTP] /memory - Status: 200 - Time: 0.001s
2025-10-31 01:17:51,731 - services - INFO - [services.py:1051] - [HTTP] GET /health from 127.0.0.1
2025-10-31 01:17:51,732 - services - INFO - [services.py:1056] - [HTTP] /health - Status: 200 - Time: 0.001s
2025-10-31 01:17:59,779 - services - INFO - [services.py:1051] - [HTTP] GET /memory from 127.0.0.1
2025-10-31 01:17:59,780 - services - INFO - [services.py:1056] - [HTTP] /memory - Status: 200 - Time: 0.001s
2025-10-31 01:18:09,728 - services - INFO - [services.py:1051] - [HTTP] GET /memory from 127.0.0.1
2025-10-31 01:18:09,730 - services - INFO - [services.py:1056] - [HTTP] /memory - Status: 200 - Time: 0.002s
2025-10-31 01:18:19,745 - services - INFO - [services.py:1051] - [HTTP] GET /memory from 127.0.0.1
2025-10-31 01:18:19,746 - services - INFO - [services.py:1056] - [HTTP] /memory - Status: 200 - Time: 0.001s
2025-10-31 01:18:21,736 - services - INFO - [services.py:1051] - [HTTP] GET /health from 127.0.0.1
2025-10-31 01:18:21,736 - services - INFO - [services.py:1056] - [HTTP] /health - Status: 200 - Time: 0.001s
2025-10-31 01:18:29,733 - services - INFO - [services.py:1051] - [HTTP] GET /memory from 127.0.0.1
2025-10-31 01:18:29,734 - services - INFO - [services.py:1056] - [HTTP] /memory - Status: 200 - Time: 0.001s
2025-10-31 01:18:39,777 - services - INFO - [services.py:1051] - [HTTP] GET /memory from 127.0.0.1
2025-10-31 01:18:39,778 - services - INFO - [services.py:1056] - [HTTP] /memory - Status: 200 - Time: 0.001s
2025-10-31 01:18:50,099 - services - INFO - [services.py:1051] - [HTTP] GET /memory from 127.0.0.1
2025-10-31 01:18:50,100 - services - INFO - [services.py:1056] - [HTTP] /memory - Status: 200 - Time: 0.001s
2025-10-31 01:18:52,104 - services - INFO - [services.py:1051] - [HTTP] GET /health from 127.0.0.1
2025-10-31 01:18:52,104 - services - INFO - [services.py:1056] - [HTTP] /health - Status: 200 - Time: 0.001s
2025-10-31 01:19:00,138 - services - INFO - [services.py:1051] - [HTTP] GET /memory from 127.0.0.1
2025-10-31 01:19:00,139 - services - INFO - [services.py:1056] - [HTTP] /memory - Status: 200 - Time: 0.001s
2025-10-31 01:19:10,110 - services - INFO - [services.py:1051] - [HTTP] GET /memory from 127.0.0.1
2025-10-31 01:19:10,111 - services - INFO - [services.py:1056] - [HTTP] /memory - Status: 200 - Time: 0.001s
2025-10-31 01:19:20,102 - services - INFO - [services.py:1051] - [HTTP] GET /memory from 127.0.0.1
2025-10-31 01:19:20,103 - services - INFO - [services.py:1056] - [HTTP] /memory - Status: 200 - Time: 0.001s
2025-10-31 01:19:22,106 - services - INFO - [services.py:1051] - [HTTP] GET /health from 127.0.0.1
2025-10-31 01:19:22,107 - services - INFO - [services.py:1056] - [HTTP] /health - Status: 200 - Time: 0.001s
2025-10-31 01:19:30,107 - services - INFO - [services.py:1051] - [HTTP] GET /memory from 127.0.0.1
2025-10-31 01:19:30,108 - services - INFO - [services.py:1056] - [HTTP] /memory - Status: 200 - Time: 0.001s
2025-10-31 01:19:40,106 - services - INFO - [services.py:1051] - [HTTP] GET /memory from 127.0.0.1
2025-10-31 01:19:40,107 - services - INFO - [services.py:1056] - [HTTP] /memory - Status: 200 - Time: 0.001s
2025-10-31 01:19:50,100 - services - INFO - [services.py:1051] - [HTTP] GET /memory from 127.0.0.1
2025-10-31 01:19:50,101 - services - INFO - [services.py:1056] - [HTTP] /memory - Status: 200 - Time: 0.001s
2025-10-31 01:19:52,110 - services - INFO - [services.py:1051] - [HTTP] GET /health from 127.0.0.1
2025-10-31 01:19:52,111 - services - INFO - [services.py:1056] - [HTTP] /health - Status: 200 - Time: 0.001s
2025-10-31 01:20:00,106 - services - INFO - [services.py:1051] - [HTTP] GET /memory from 127.0.0.1
2025-10-31 01:20:00,107 - services - INFO - [services.py:1056] - [HTTP] /memory - Status: 200 - Time: 0.002s
2025-10-31 01:20:10,108 - services - INFO - [services.py:1051] - [HTTP] GET /memory from 127.0.0.1
2025-10-31 01:20:10,109 - services - INFO - [services.py:1056] - [HTTP] /memory - Status: 200 - Time: 0.001s
2025-10-31 01:20:20,154 - services - INFO - [services.py:1051] - [HTTP] GET /memory from 127.0.0.1
2025-10-31 01:20:20,155 - services - INFO - [services.py:1056] - [HTTP] /memory - Status: 200 - Time: 0.001s
2025-10-31 01:20:22,104 - services - INFO - [services.py:1051] - [HTTP] GET /health from 127.0.0.1
2025-10-31 01:20:22,105 - services - INFO - [services.py:1056] - [HTTP] /health - Status: 200 - Time: 0.001s
2025-10-31 01:20:30,130 - services - INFO - [services.py:1051] - [HTTP] GET /memory from 127.0.0.1
2025-10-31 01:20:30,131 - services - INFO - [services.py:1056] - [HTTP] /memory - Status: 200 - Time: 0.001s
2025-10-31 01:20:40,137 - services - INFO - [services.py:1051] - [HTTP] GET /memory from 127.0.0.1
2025-10-31 01:20:40,138 - services - INFO - [services.py:1056] - [HTTP] /memory - Status: 200 - Time: 0.001s
2025-10-31 01:20:50,518 - services - INFO - [services.py:1051] - [HTTP] GET /memory from 127.0.0.1
2025-10-31 01:20:50,519 - services - INFO - [services.py:1056] - [HTTP] /memory - Status: 200 - Time: 0.001s
2025-10-31 01:20:52,541 - services - INFO - [services.py:1051] - [HTTP] GET /health from 127.0.0.1
2025-10-31 01:20:52,542 - services - INFO - [services.py:1056] - [HTTP] /health - Status: 200 - Time: 0.001s
2025-10-31 01:21:00,530 - services - INFO - [services.py:1051] - [HTTP] GET /memory from 127.0.0.1
2025-10-31 01:21:00,531 - services - INFO - [services.py:1056] - [HTTP] /memory - Status: 200 - Time: 0.001s
2025-10-31 01:21:10,564 - services - INFO - [services.py:1051] - [HTTP] GET /memory from 127.0.0.1
2025-10-31 01:21:10,565 - services - INFO - [services.py:1056] - [HTTP] /memory - Status: 200 - Time: 0.001s
2025-10-31 01:21:20,572 - services - INFO - [services.py:1051] - [HTTP] GET /memory from 127.0.0.1
2025-10-31 01:21:20,573 - services - INFO - [services.py:1056] - [HTTP] /memory - Status: 200 - Time: 0.001s
2025-10-31 01:21:22,523 - services - INFO - [services.py:1051] - [HTTP] GET /health from 127.0.0.1
2025-10-31 01:21:22,524 - services - INFO - [services.py:1056] - [HTTP] /health - Status: 200 - Time: 0.001s
2025-10-31 01:21:30,521 - services - INFO - [services.py:1051] - [HTTP] GET /memory from 127.0.0.1
2025-10-31 01:21:30,522 - services - INFO - [services.py:1056] - [HTTP] /memory - Status: 200 - Time: 0.001s
2025-10-31 01:21:40,516 - services - INFO - [services.py:1051] - [HTTP] GET /memory from 127.0.0.1
2025-10-31 01:21:40,517 - services - INFO - [services.py:1056] - [HTTP] /memory - Status: 200 - Time: 0.001s
2025-10-31 01:21:50,525 - services - INFO - [services.py:1051] - [HTTP] GET /memory from 127.0.0.1
2025-10-31 01:21:50,526 - services - INFO - [services.py:1056] - [HTTP] /memory - Status: 200 - Time: 0.001s
2025-10-31 01:21:52,519 - services - INFO - [services.py:1051] - [HTTP] GET /health from 127.0.0.1
2025-10-31 01:21:52,520 - services - INFO - [services.py:1056] - [HTTP] /health - Status: 200 - Time: 0.001s
2025-10-31 01:22:00,533 - services - INFO - [services.py:1051] - [HTTP] GET /memory from 127.0.0.1
2025-10-31 01:22:00,533 - services - INFO - [services.py:1056] - [HTTP] /memory - Status: 200 - Time: 0.001s
2025-10-31 01:22:10,530 - services - INFO - [services.py:1051] - [HTTP] GET /memory from 127.0.0.1
2025-10-31 01:22:10,532 - services - INFO - [services.py:1056] - [HTTP] /memory - Status: 200 - Time: 0.002s
2025-10-31 01:22:20,576 - services - INFO - [services.py:1051] - [HTTP] GET /memory from 127.0.0.1
2025-10-31 01:22:20,577 - services - INFO - [services.py:1056] - [HTTP] /memory - Status: 200 - Time: 0.001s
2025-10-31 01:22:22,574 - services - INFO - [services.py:1051] - [HTTP] GET /health from 127.0.0.1
2025-10-31 01:22:22,575 - services - INFO - [services.py:1056] - [HTTP] /health - Status: 200 - Time: 0.001s
2025-10-31 01:22:30,527 - services - INFO - [services.py:1051] - [HTTP] GET /memory from 127.0.0.1
2025-10-31 01:22:30,528 - services - INFO - [services.py:1056] - [HTTP] /memory - Status: 200 - Time: 0.001s
2025-10-31 01:22:40,531 - services - INFO - [services.py:1051] - [HTTP] GET /memory from 127.0.0.1
2025-10-31 01:22:40,532 - services - INFO - [services.py:1056] - [HTTP] /memory - Status: 200 - Time: 0.001s
2025-10-31 01:22:51,025 - services - INFO - [services.py:1051] - [HTTP] GET /memory from 127.0.0.1
2025-10-31 01:22:51,026 - services - INFO - [services.py:1056] - [HTTP] /memory - Status: 200 - Time: 0.001s
2025-10-31 01:22:52,938 - services - INFO - [services.py:1051] - [HTTP] GET /health from 127.0.0.1
2025-10-31 01:22:52,938 - services - INFO - [services.py:1056] - [HTTP] /health - Status: 200 - Time: 0.001s
2025-10-31 01:23:00,926 - services - INFO - [services.py:1051] - [HTTP] GET /memory from 127.0.0.1
2025-10-31 01:23:00,927 - services - INFO - [services.py:1056] - [HTTP] /memory - Status: 200 - Time: 0.001s
2025-10-31 01:23:10,930 - services - INFO - [services.py:1051] - [HTTP] GET /memory from 127.0.0.1
2025-10-31 01:23:10,931 - services - INFO - [services.py:1056] - [HTTP] /memory - Status: 200 - Time: 0.001s
2025-10-31 01:23:20,957 - services - INFO - [services.py:1051] - [HTTP] GET /memory from 127.0.0.1
2025-10-31 01:23:20,957 - services - INFO - [services.py:1056] - [HTTP] /memory - Status: 200 - Time: 0.001s
2025-10-31 01:23:22,931 - services - INFO - [services.py:1051] - [HTTP] GET /health from 127.0.0.1
2025-10-31 01:23:22,931 - services - INFO - [services.py:1056] - [HTTP] /health - Status: 200 - Time: 0.001s
2025-10-31 01:23:30,934 - services - INFO - [services.py:1051] - [HTTP] GET /memory from 127.0.0.1
2025-10-31 01:23:30,935 - services - INFO - [services.py:1056] - [HTTP] /memory - Status: 200 - Time: 0.002s
2025-10-31 01:23:40,965 - services - INFO - [services.py:1051] - [HTTP] GET /memory from 127.0.0.1
2025-10-31 01:23:40,967 - services - INFO - [services.py:1056] - [HTTP] /memory - Status: 200 - Time: 0.001s
2025-10-31 01:23:50,936 - services - INFO - [services.py:1051] - [HTTP] GET /memory from 127.0.0.1
2025-10-31 01:23:50,936 - services - INFO - [services.py:1056] - [HTTP] /memory - Status: 200 - Time: 0.001s
2025-10-31 01:23:52,934 - services - INFO - [services.py:1051] - [HTTP] GET /health from 127.0.0.1
2025-10-31 01:23:52,935 - services - INFO - [services.py:1056] - [HTTP] /health - Status: 200 - Time: 0.001s
2025-10-31 01:24:00,964 - services - INFO - [services.py:1051] - [HTTP] GET /memory from 127.0.0.1
2025-10-31 01:24:00,965 - services - INFO - [services.py:1056] - [HTTP] /memory - Status: 200 - Time: 0.001s
2025-10-31 01:24:10,933 - services - INFO - [services.py:1051] - [HTTP] GET /memory from 127.0.0.1
2025-10-31 01:24:10,934 - services - INFO - [services.py:1056] - [HTTP] /memory - Status: 200 - Time: 0.001s
2025-10-31 01:24:20,943 - services - INFO - [services.py:1051] - [HTTP] GET /memory from 127.0.0.1
2025-10-31 01:24:20,943 - services - INFO - [services.py:1056] - [HTTP] /memory - Status: 200 - Time: 0.001s
2025-10-31 01:24:22,945 - services - INFO - [services.py:1051] - [HTTP] GET /health from 127.0.0.1
2025-10-31 01:24:22,945 - services - INFO - [services.py:1056] - [HTTP] /health - Status: 200 - Time: 0.001s
2025-10-31 01:24:30,940 - services - INFO - [services.py:1051] - [HTTP] GET /memory from 127.0.0.1
2025-10-31 01:24:30,941 - services - INFO - [services.py:1056] - [HTTP] /memory - Status: 200 - Time: 0.001s
2025-10-31 01:24:40,939 - services - INFO - [services.py:1051] - [HTTP] GET /memory from 127.0.0.1
2025-10-31 01:24:40,939 - services - INFO - [services.py:1056] - [HTTP] /memory - Status: 200 - Time: 0.001s
2025-10-31 01:24:51,150 - services - INFO - [services.py:1051] - [HTTP] GET /memory from 127.0.0.1
2025-10-31 01:24:51,151 - services - INFO - [services.py:1056] - [HTTP] /memory - Status: 200 - Time: 0.001s
2025-10-31 01:24:53,163 - services - INFO - [services.py:1051] - [HTTP] GET /health from 127.0.0.1
2025-10-31 01:24:53,164 - services - INFO - [services.py:1056] - [HTTP] /health - Status: 200 - Time: 0.001s
2025-10-31 01:25:01,169 - services - INFO - [services.py:1051] - [HTTP] GET /memory from 127.0.0.1
2025-10-31 01:25:01,171 - services - INFO - [services.py:1056] - [HTTP] /memory - Status: 200 - Time: 0.001s
2025-10-31 01:25:11,142 - services - INFO - [services.py:1051] - [HTTP] GET /memory from 127.0.0.1
2025-10-31 01:25:11,143 - services - INFO - [services.py:1056] - [HTTP] /memory - Status: 200 - Time: 0.001s
2025-10-31 01:25:21,146 - services - INFO - [services.py:1051] - [HTTP] GET /memory from 127.0.0.1
2025-10-31 01:25:21,147 - services - INFO - [services.py:1056] - [HTTP] /memory - Status: 200 - Time: 0.001s
2025-10-31 01:25:23,166 - services - INFO - [services.py:1051] - [HTTP] GET /health from 127.0.0.1
2025-10-31 01:25:23,167 - services - INFO - [services.py:1056] - [HTTP] /health - Status: 200 - Time: 0.001s
2025-10-31 01:25:31,160 - services - INFO - [services.py:1051] - [HTTP] GET /memory from 127.0.0.1
2025-10-31 01:25:31,161 - services - INFO - [services.py:1056] - [HTTP] /memory - Status: 200 - Time: 0.001s
2025-10-31 01:25:41,158 - services - INFO - [services.py:1051] - [HTTP] GET /memory from 127.0.0.1
2025-10-31 01:25:41,159 - services - INFO - [services.py:1056] - [HTTP] /memory - Status: 200 - Time: 0.001s
2025-10-31 01:25:51,190 - services - INFO - [services.py:1051] - [HTTP] GET /memory from 127.0.0.1
2025-10-31 01:25:51,191 - services - INFO - [services.py:1056] - [HTTP] /memory - Status: 200 - Time: 0.001s
2025-10-31 01:25:53,153 - services - INFO - [services.py:1051] - [HTTP] GET /health from 127.0.0.1
2025-10-31 01:25:53,153 - services - INFO - [services.py:1056] - [HTTP] /health - Status: 200 - Time: 0.001s
2025-10-31 01:26:01,164 - services - INFO - [services.py:1051] - [HTTP] GET /memory from 127.0.0.1
2025-10-31 01:26:01,165 - services - INFO - [services.py:1056] - [HTTP] /memory - Status: 200 - Time: 0.001s
2025-10-31 01:26:11,171 - services - INFO - [services.py:1051] - [HTTP] GET /memory from 127.0.0.1
2025-10-31 01:26:11,172 - services - INFO - [services.py:1056] - [HTTP] /memory - Status: 200 - Time: 0.001s
2025-10-31 01:26:21,203 - services - INFO - [services.py:1051] - [HTTP] GET /memory from 127.0.0.1
2025-10-31 01:26:21,204 - services - INFO - [services.py:1056] - [HTTP] /memory - Status: 200 - Time: 0.002s
2025-10-31 01:26:23,147 - services - INFO - [services.py:1051] - [HTTP] GET /health from 127.0.0.1
2025-10-31 01:26:23,148 - services - INFO - [services.py:1056] - [HTTP] /health - Status: 200 - Time: 0.001s
2025-10-31 01:26:31,159 - services - INFO - [services.py:1051] - [HTTP] GET /memory from 127.0.0.1
2025-10-31 01:26:31,160 - services - INFO - [services.py:1056] - [HTTP] /memory - Status: 200 - Time: 0.001s
2025-10-31 01:26:41,194 - services - INFO - [services.py:1051] - [HTTP] GET /memory from 127.0.0.1
2025-10-31 01:26:41,195 - services - INFO - [services.py:1056] - [HTTP] /memory - Status: 200 - Time: 0.001s
2025-10-31 01:26:51,564 - services - INFO - [services.py:1051] - [HTTP] GET /memory from 127.0.0.1
2025-10-31 01:26:51,565 - services - INFO - [services.py:1056] - [HTTP] /memory - Status: 200 - Time: 0.001s
2025-10-31 01:26:53,575 - services - INFO - [services.py:1051] - [HTTP] GET /health from 127.0.0.1
2025-10-31 01:26:53,576 - services - INFO - [services.py:1056] - [HTTP] /health - Status: 200 - Time: 0.001s
2025-10-31 01:27:01,568 - services - INFO - [services.py:1051] - [HTTP] GET /memory from 127.0.0.1
2025-10-31 01:27:01,569 - services - INFO - [services.py:1056] - [HTTP] /memory - Status: 200 - Time: 0.001s
2025-10-31 01:27:11,567 - services - INFO - [services.py:1051] - [HTTP] GET /memory from 127.0.0.1
2025-10-31 01:27:11,568 - services - INFO - [services.py:1056] - [HTTP] /memory - Status: 200 - Time: 0.001s
2025-10-31 01:27:21,562 - services - INFO - [services.py:1051] - [HTTP] GET /memory from 127.0.0.1
2025-10-31 01:27:21,563 - services - INFO - [services.py:1056] - [HTTP] /memory - Status: 200 - Time: 0.001s
2025-10-31 01:27:23,570 - services - INFO - [services.py:1051] - [HTTP] GET /health from 127.0.0.1
2025-10-31 01:27:23,571 - services - INFO - [services.py:1056] - [HTTP] /health - Status: 200 - Time: 0.001s
2025-10-31 01:27:31,573 - services - INFO - [services.py:1051] - [HTTP] GET /memory from 127.0.0.1
2025-10-31 01:27:31,574 - services - INFO - [services.py:1056] - [HTTP] /memory - Status: 200 - Time: 0.001s
2025-10-31 01:27:41,558 - services - INFO - [services.py:1051] - [HTTP] GET /memory from 127.0.0.1
2025-10-31 01:27:41,560 - services - INFO - [services.py:1056] - [HTTP] /memory - Status: 200 - Time: 0.002s
2025-10-31 01:27:51,570 - services - INFO - [services.py:1051] - [HTTP] GET /memory from 127.0.0.1
2025-10-31 01:27:51,571 - services - INFO - [services.py:1056] - [HTTP] /memory - Status: 200 - Time: 0.001s
2025-10-31 01:27:53,566 - services - INFO - [services.py:1051] - [HTTP] GET /health from 127.0.0.1
2025-10-31 01:27:53,566 - services - INFO - [services.py:1056] - [HTTP] /health - Status: 200 - Time: 0.001s
2025-10-31 01:28:01,570 - services - INFO - [services.py:1051] - [HTTP] GET /memory from 127.0.0.1
2025-10-31 01:28:01,571 - services - INFO - [services.py:1056] - [HTTP] /memory - Status: 200 - Time: 0.001s
2025-10-31 01:28:11,573 - services - INFO - [services.py:1051] - [HTTP] GET /memory from 127.0.0.1
2025-10-31 01:28:11,574 - services - INFO - [services.py:1056] - [HTTP] /memory - Status: 200 - Time: 0.001s
2025-10-31 01:28:21,572 - services - INFO - [services.py:1051] - [HTTP] GET /memory from 127.0.0.1
2025-10-31 01:28:21,573 - services - INFO - [services.py:1056] - [HTTP] /memory - Status: 200 - Time: 0.001s
2025-10-31 01:28:23,568 - services - INFO - [services.py:1051] - [HTTP] GET /health from 127.0.0.1
2025-10-31 01:28:23,569 - services - INFO - [services.py:1056] - [HTTP] /health - Status: 200 - Time: 0.001s
2025-10-31 01:28:31,575 - services - INFO - [services.py:1051] - [HTTP] GET /memory from 127.0.0.1
2025-10-31 01:28:31,576 - services - INFO - [services.py:1056] - [HTTP] /memory - Status: 200 - Time: 0.001s
2025-10-31 01:28:41,564 - services - INFO - [services.py:1051] - [HTTP] GET /memory from 127.0.0.1
2025-10-31 01:28:41,565 - services - INFO - [services.py:1056] - [HTTP] /memory - Status: 200 - Time: 0.001s
2025-10-31 01:28:51,759 - services - INFO - [services.py:1051] - [HTTP] GET /memory from 127.0.0.1
2025-10-31 01:28:51,760 - services - INFO - [services.py:1056] - [HTTP] /memory - Status: 200 - Time: 0.001s
2025-10-31 01:28:53,802 - services - INFO - [services.py:1051] - [HTTP] GET /health from 127.0.0.1
2025-10-31 01:28:53,803 - services - INFO - [services.py:1056] - [HTTP] /health - Status: 200 - Time: 0.001s
2025-10-31 01:29:01,760 - services - INFO - [services.py:1051] - [HTTP] GET /memory from 127.0.0.1
2025-10-31 01:29:01,761 - services - INFO - [services.py:1056] - [HTTP] /memory - Status: 200 - Time: 0.001s
2025-10-31 01:29:11,760 - services - INFO - [services.py:1051] - [HTTP] GET /memory from 127.0.0.1
2025-10-31 01:29:11,761 - services - INFO - [services.py:1056] - [HTTP] /memory - Status: 200 - Time: 0.001s
2025-10-31 01:29:21,751 - services - INFO - [services.py:1051] - [HTTP] GET /memory from 127.0.0.1
2025-10-31 01:29:21,752 - services - INFO - [services.py:1056] - [HTTP] /memory - Status: 200 - Time: 0.001s
2025-10-31 01:29:23,757 - services - INFO - [services.py:1051] - [HTTP] GET /health from 127.0.0.1
2025-10-31 01:29:23,757 - services - INFO - [services.py:1056] - [HTTP] /health - Status: 200 - Time: 0.001s
2025-10-31 01:29:31,754 - services - INFO - [services.py:1051] - [HTTP] GET /memory from 127.0.0.1
2025-10-31 01:29:31,754 - services - INFO - [services.py:1056] - [HTTP] /memory - Status: 200 - Time: 0.001s
2025-10-31 01:29:41,763 - services - INFO - [services.py:1051] - [HTTP] GET /memory from 127.0.0.1
2025-10-31 01:29:41,764 - services - INFO - [services.py:1056] - [HTTP] /memory - Status: 200 - Time: 0.001s
2025-10-31 01:29:51,757 - services - INFO - [services.py:1051] - [HTTP] GET /memory from 127.0.0.1
2025-10-31 01:29:51,758 - services - INFO - [services.py:1056] - [HTTP] /memory - Status: 200 - Time: 0.001s
2025-10-31 01:29:53,761 - services - INFO - [services.py:1051] - [HTTP] GET /health from 127.0.0.1
2025-10-31 01:29:53,761 - services - INFO - [services.py:1056] - [HTTP] /health - Status: 200 - Time: 0.001s
2025-10-31 01:30:01,755 - services - INFO - [services.py:1051] - [HTTP] GET /memory from 127.0.0.1
2025-10-31 01:30:01,756 - services - INFO - [services.py:1056] - [HTTP] /memory - Status: 200 - Time: 0.001s
2025-10-31 01:30:11,795 - services - INFO - [services.py:1051] - [HTTP] GET /memory from 127.0.0.1
2025-10-31 01:30:11,796 - services - INFO - [services.py:1056] - [HTTP] /memory - Status: 200 - Time: 0.001s
2025-10-31 01:30:21,761 - services - INFO - [services.py:1051] - [HTTP] GET /memory from 127.0.0.1
2025-10-31 01:30:21,762 - services - INFO - [services.py:1056] - [HTTP] /memory - Status: 200 - Time: 0.001s
2025-10-31 01:30:23,760 - services - INFO - [services.py:1051] - [HTTP] GET /health from 127.0.0.1
2025-10-31 01:30:23,761 - services - INFO - [services.py:1056] - [HTTP] /health - Status: 200 - Time: 0.001s
2025-10-31 01:30:31,774 - services - INFO - [services.py:1051] - [HTTP] GET /memory from 127.0.0.1
2025-10-31 01:30:31,776 - services - INFO - [services.py:1056] - [HTTP] /memory - Status: 200 - Time: 0.002s
2025-10-31 01:30:41,762 - services - INFO - [services.py:1051] - [HTTP] GET /memory from 127.0.0.1
2025-10-31 01:30:41,763 - services - INFO - [services.py:1056] - [HTTP] /memory - Status: 200 - Time: 0.001s
2025-10-31 01:30:52,095 - services - INFO - [services.py:1051] - [HTTP] GET /memory from 127.0.0.1
2025-10-31 01:30:52,096 - services - INFO - [services.py:1056] - [HTTP] /memory - Status: 200 - Time: 0.001s
2025-10-31 01:30:53,997 - services - INFO - [services.py:1051] - [HTTP] GET /health from 127.0.0.1
2025-10-31 01:30:53,997 - services - INFO - [services.py:1056] - [HTTP] /health - Status: 200 - Time: 0.001s
2025-10-31 01:31:02,024 - services - INFO - [services.py:1051] - [HTTP] GET /memory from 127.0.0.1
2025-10-31 01:31:02,025 - services - INFO - [services.py:1056] - [HTTP] /memory - Status: 200 - Time: 0.001s
2025-10-31 01:31:12,049 - services - INFO - [services.py:1051] - [HTTP] GET /memory from 127.0.0.1
2025-10-31 01:31:12,050 - services - INFO - [services.py:1056] - [HTTP] /memory - Status: 200 - Time: 0.001s
2025-10-31 01:31:21,993 - services - INFO - [services.py:1051] - [HTTP] GET /memory from 127.0.0.1
2025-10-31 01:31:21,994 - services - INFO - [services.py:1056] - [HTTP] /memory - Status: 200 - Time: 0.001s
2025-10-31 01:31:23,994 - services - INFO - [services.py:1051] - [HTTP] GET /health from 127.0.0.1
2025-10-31 01:31:23,995 - services - INFO - [services.py:1056] - [HTTP] /health - Status: 200 - Time: 0.001s
2025-10-31 01:31:32,000 - services - INFO - [services.py:1051] - [HTTP] GET /memory from 127.0.0.1
2025-10-31 01:31:32,001 - services - INFO - [services.py:1056] - [HTTP] /memory - Status: 200 - Time: 0.001s
2025-10-31 01:31:42,044 - services - INFO - [services.py:1051] - [HTTP] GET /memory from 127.0.0.1
2025-10-31 01:31:42,045 - services - INFO - [services.py:1056] - [HTTP] /memory - Status: 200 - Time: 0.001s
2025-10-31 01:31:51,991 - services - INFO - [services.py:1051] - [HTTP] GET /memory from 127.0.0.1
2025-10-31 01:31:51,993 - services - INFO - [services.py:1056] - [HTTP] /memory - Status: 200 - Time: 0.002s
2025-10-31 01:31:54,008 - services - INFO - [services.py:1051] - [HTTP] GET /health from 127.0.0.1
2025-10-31 01:31:54,009 - services - INFO - [services.py:1056] - [HTTP] /health - Status: 200 - Time: 0.001s
2025-10-31 01:32:02,000 - services - INFO - [services.py:1051] - [HTTP] GET /memory from 127.0.0.1
2025-10-31 01:32:02,001 - services - INFO - [services.py:1056] - [HTTP] /memory - Status: 200 - Time: 0.001s
2025-10-31 01:32:12,005 - services - INFO - [services.py:1051] - [HTTP] GET /memory from 127.0.0.1
2025-10-31 01:32:12,007 - services - INFO - [services.py:1056] - [HTTP] /memory - Status: 200 - Time: 0.001s
2025-10-31 01:32:21,997 - services - INFO - [services.py:1051] - [HTTP] GET /memory from 127.0.0.1
2025-10-31 01:32:21,998 - services - INFO - [services.py:1056] - [HTTP] /memory - Status: 200 - Time: 0.001s
2025-10-31 01:32:23,997 - services - INFO - [services.py:1051] - [HTTP] GET /health from 127.0.0.1
2025-10-31 01:32:23,998 - services - INFO - [services.py:1056] - [HTTP] /health - Status: 200 - Time: 0.001s
2025-10-31 01:32:31,999 - services - INFO - [services.py:1051] - [HTTP] GET /memory from 127.0.0.1
2025-10-31 01:32:32,000 - services - INFO - [services.py:1056] - [HTTP] /memory - Status: 200 - Time: 0.001s
2025-10-31 01:32:42,003 - services - INFO - [services.py:1051] - [HTTP] GET /memory from 127.0.0.1
2025-10-31 01:32:42,004 - services - INFO - [services.py:1056] - [HTTP] /memory - Status: 200 - Time: 0.001s
2025-10-31 01:32:52,419 - services - INFO - [services.py:1051] - [HTTP] GET /memory from 127.0.0.1
2025-10-31 01:32:52,421 - services - INFO - [services.py:1056] - [HTTP] /memory - Status: 200 - Time: 0.001s
2025-10-31 01:32:54,427 - services - INFO - [services.py:1051] - [HTTP] GET /health from 127.0.0.1
2025-10-31 01:32:54,428 - services - INFO - [services.py:1056] - [HTTP] /health - Status: 200 - Time: 0.001s
2025-10-31 01:33:02,425 - services - INFO - [services.py:1051] - [HTTP] GET /memory from 127.0.0.1
2025-10-31 01:33:02,426 - services - INFO - [services.py:1056] - [HTTP] /memory - Status: 200 - Time: 0.001s
2025-10-31 01:33:12,423 - services - INFO - [services.py:1051] - [HTTP] GET /memory from 127.0.0.1
2025-10-31 01:33:12,425 - services - INFO - [services.py:1056] - [HTTP] /memory - Status: 200 - Time: 0.002s
2025-10-31 01:33:22,418 - services - INFO - [services.py:1051] - [HTTP] GET /memory from 127.0.0.1
2025-10-31 01:33:22,418 - services - INFO - [services.py:1056] - [HTTP] /memory - Status: 200 - Time: 0.001s
2025-10-31 01:33:24,424 - services - INFO - [services.py:1051] - [HTTP] GET /health from 127.0.0.1
2025-10-31 01:33:24,424 - services - INFO - [services.py:1056] - [HTTP] /health - Status: 200 - Time: 0.001s
2025-10-31 01:33:32,427 - services - INFO - [services.py:1051] - [HTTP] GET /memory from 127.0.0.1
2025-10-31 01:33:32,428 - services - INFO - [services.py:1056] - [HTTP] /memory - Status: 200 - Time: 0.001s
2025-10-31 01:33:42,416 - services - INFO - [services.py:1051] - [HTTP] GET /memory from 127.0.0.1
2025-10-31 01:33:42,417 - services - INFO - [services.py:1056] - [HTTP] /memory - Status: 200 - Time: 0.001s
2025-10-31 01:33:52,426 - services - INFO - [services.py:1051] - [HTTP] GET /memory from 127.0.0.1
2025-10-31 01:33:52,427 - services - INFO - [services.py:1056] - [HTTP] /memory - Status: 200 - Time: 0.001s
2025-10-31 01:33:54,420 - services - INFO - [services.py:1051] - [HTTP] GET /health from 127.0.0.1
2025-10-31 01:33:54,421 - services - INFO - [services.py:1056] - [HTTP] /health - Status: 200 - Time: 0.001s
2025-10-31 01:34:02,418 - services - INFO - [services.py:1051] - [HTTP] GET /memory from 127.0.0.1
2025-10-31 01:34:02,419 - services - INFO - [services.py:1056] - [HTTP] /memory - Status: 200 - Time: 0.001s
2025-10-31 01:34:12,426 - services - INFO - [services.py:1051] - [HTTP] GET /memory from 127.0.0.1
2025-10-31 01:34:12,427 - services - INFO - [services.py:1056] - [HTTP] /memory - Status: 200 - Time: 0.001s
2025-10-31 01:34:22,424 - services - INFO - [services.py:1051] - [HTTP] GET /memory from 127.0.0.1
2025-10-31 01:34:22,426 - services - INFO - [services.py:1056] - [HTTP] /memory - Status: 200 - Time: 0.001s
2025-10-31 01:34:24,422 - services - INFO - [services.py:1051] - [HTTP] GET /health from 127.0.0.1
2025-10-31 01:34:24,423 - services - INFO - [services.py:1056] - [HTTP] /health - Status: 200 - Time: 0.001s
2025-10-31 01:34:32,424 - services - INFO - [services.py:1051] - [HTTP] GET /memory from 127.0.0.1
2025-10-31 01:34:32,425 - services - INFO - [services.py:1056] - [HTTP] /memory - Status: 200 - Time: 0.001s
2025-10-31 01:34:42,426 - services - INFO - [services.py:1051] - [HTTP] GET /memory from 127.0.0.1
2025-10-31 01:34:42,428 - services - INFO - [services.py:1056] - [HTTP] /memory - Status: 200 - Time: 0.002s
2025-10-31 01:34:52,794 - services - INFO - [services.py:1051] - [HTTP] GET /memory from 127.0.0.1
2025-10-31 01:34:52,794 - services - INFO - [services.py:1056] - [HTTP] /memory - Status: 200 - Time: 0.001s
2025-10-31 01:34:54,822 - services - INFO - [services.py:1051] - [HTTP] GET /health from 127.0.0.1
2025-10-31 01:34:54,823 - services - INFO - [services.py:1056] - [HTTP] /health - Status: 200 - Time: 0.001s
2025-10-31 01:35:02,793 - services - INFO - [services.py:1051] - [HTTP] GET /memory from 127.0.0.1
2025-10-31 01:35:02,794 - services - INFO - [services.py:1056] - [HTTP] /memory - Status: 200 - Time: 0.001s
2025-10-31 01:35:12,795 - services - INFO - [services.py:1051] - [HTTP] GET /memory from 127.0.0.1
2025-10-31 01:35:12,796 - services - INFO - [services.py:1056] - [HTTP] /memory - Status: 200 - Time: 0.001s
2025-10-31 01:35:22,797 - services - INFO - [services.py:1051] - [HTTP] GET /memory from 127.0.0.1
2025-10-31 01:35:22,798 - services - INFO - [services.py:1056] - [HTTP] /memory - Status: 200 - Time: 0.001s
2025-10-31 01:35:24,790 - services - INFO - [services.py:1051] - [HTTP] GET /health from 127.0.0.1
2025-10-31 01:35:24,791 - services - INFO - [services.py:1056] - [HTTP] /health - Status: 200 - Time: 0.001s
2025-10-31 01:35:32,819 - services - INFO - [services.py:1051] - [HTTP] GET /memory from 127.0.0.1
2025-10-31 01:35:32,820 - services - INFO - [services.py:1056] - [HTTP] /memory - Status: 200 - Time: 0.001s
2025-10-31 01:35:42,822 - services - INFO - [services.py:1051] - [HTTP] GET /memory from 127.0.0.1
2025-10-31 01:35:42,823 - services - INFO - [services.py:1056] - [HTTP] /memory - Status: 200 - Time: 0.001s
2025-10-31 01:35:52,912 - services - INFO - [services.py:1051] - [HTTP] GET /memory from 127.0.0.1
2025-10-31 01:35:52,913 - services - INFO - [services.py:1056] - [HTTP] /memory - Status: 200 - Time: 0.001s
2025-10-31 01:35:54,798 - services - INFO - [services.py:1051] - [HTTP] GET /health from 127.0.0.1
2025-10-31 01:35:54,798 - services - INFO - [services.py:1056] - [HTTP] /health - Status: 200 - Time: 0.001s
2025-10-31 01:36:02,810 - services - INFO - [services.py:1051] - [HTTP] GET /memory from 127.0.0.1
2025-10-31 01:36:02,812 - services - INFO - [services.py:1056] - [HTTP] /memory - Status: 200 - Time: 0.001s
2025-10-31 01:36:12,802 - services - INFO - [services.py:1051] - [HTTP] GET /memory from 127.0.0.1
2025-10-31 01:36:12,803 - services - INFO - [services.py:1056] - [HTTP] /memory - Status: 200 - Time: 0.001s
2025-10-31 01:36:22,810 - services - INFO - [services.py:1051] - [HTTP] GET /memory from 127.0.0.1
2025-10-31 01:36:22,811 - services - INFO - [services.py:1056] - [HTTP] /memory - Status: 200 - Time: 0.001s
2025-10-31 01:36:24,802 - services - INFO - [services.py:1051] - [HTTP] GET /health from 127.0.0.1
2025-10-31 01:36:24,802 - services - INFO - [services.py:1056] - [HTTP] /health - Status: 200 - Time: 0.001s
2025-10-31 01:36:32,795 - services - INFO - [services.py:1051] - [HTTP] GET /memory from 127.0.0.1
2025-10-31 01:36:32,796 - services - INFO - [services.py:1056] - [HTTP] /memory - Status: 200 - Time: 0.001s
2025-10-31 01:36:42,813 - services - INFO - [services.py:1051] - [HTTP] GET /memory from 127.0.0.1
2025-10-31 01:36:42,814 - services - INFO - [services.py:1056] - [HTTP] /memory - Status: 200 - Time: 0.001s
2025-10-31 01:36:53,150 - services - INFO - [services.py:1051] - [HTTP] GET /memory from 127.0.0.1
2025-10-31 01:36:53,151 - services - INFO - [services.py:1056] - [HTTP] /memory - Status: 200 - Time: 0.001s
2025-10-31 01:36:55,149 - services - INFO - [services.py:1051] - [HTTP] GET /health from 127.0.0.1
2025-10-31 01:36:55,150 - services - INFO - [services.py:1056] - [HTTP] /health - Status: 200 - Time: 0.001s
2025-10-31 01:37:03,154 - services - INFO - [services.py:1051] - [HTTP] GET /memory from 127.0.0.1
2025-10-31 01:37:03,155 - services - INFO - [services.py:1056] - [HTTP] /memory - Status: 200 - Time: 0.001s
2025-10-31 01:37:13,167 - services - INFO - [services.py:1051] - [HTTP] GET /memory from 127.0.0.1
2025-10-31 01:37:13,169 - services - INFO - [services.py:1056] - [HTTP] /memory - Status: 200 - Time: 0.001s
2025-10-31 01:37:23,159 - services - INFO - [services.py:1051] - [HTTP] GET /memory from 127.0.0.1
2025-10-31 01:37:23,160 - services - INFO - [services.py:1056] - [HTTP] /memory - Status: 200 - Time: 0.001s
2025-10-31 01:37:25,157 - services - INFO - [services.py:1051] - [HTTP] GET /health from 127.0.0.1
2025-10-31 01:37:25,157 - services - INFO - [services.py:1056] - [HTTP] /health - Status: 200 - Time: 0.001s
2025-10-31 01:37:33,152 - services - INFO - [services.py:1051] - [HTTP] GET /memory from 127.0.0.1
2025-10-31 01:37:33,153 - services - INFO - [services.py:1056] - [HTTP] /memory - Status: 200 - Time: 0.001s
2025-10-31 01:37:43,160 - services - INFO - [services.py:1051] - [HTTP] GET /memory from 127.0.0.1
2025-10-31 01:37:43,161 - services - INFO - [services.py:1056] - [HTTP] /memory - Status: 200 - Time: 0.001s
2025-10-31 01:37:53,217 - services - INFO - [services.py:1051] - [HTTP] GET /memory from 127.0.0.1
2025-10-31 01:37:53,218 - services - INFO - [services.py:1056] - [HTTP] /memory - Status: 200 - Time: 0.001s
2025-10-31 01:37:55,163 - services - INFO - [services.py:1051] - [HTTP] GET /health from 127.0.0.1
2025-10-31 01:37:55,164 - services - INFO - [services.py:1056] - [HTTP] /health - Status: 200 - Time: 0.001s
2025-10-31 01:38:03,160 - services - INFO - [services.py:1051] - [HTTP] GET /memory from 127.0.0.1
2025-10-31 01:38:03,161 - services - INFO - [services.py:1056] - [HTTP] /memory - Status: 200 - Time: 0.001s
2025-10-31 01:38:13,173 - services - INFO - [services.py:1051] - [HTTP] GET /memory from 127.0.0.1
2025-10-31 01:38:13,174 - services - INFO - [services.py:1056] - [HTTP] /memory - Status: 200 - Time: 0.001s
2025-10-31 01:38:23,157 - services - INFO - [services.py:1051] - [HTTP] GET /memory from 127.0.0.1
2025-10-31 01:38:23,158 - services - INFO - [services.py:1056] - [HTTP] /memory - Status: 200 - Time: 0.001s
2025-10-31 01:38:25,168 - services - INFO - [services.py:1051] - [HTTP] GET /health from 127.0.0.1
2025-10-31 01:38:25,168 - services - INFO - [services.py:1056] - [HTTP] /health - Status: 200 - Time: 0.001s
2025-10-31 01:38:33,166 - services - INFO - [services.py:1051] - [HTTP] GET /memory from 127.0.0.1
2025-10-31 01:38:33,167 - services - INFO - [services.py:1056] - [HTTP] /memory - Status: 200 - Time: 0.001s
2025-10-31 01:38:43,452 - services - INFO - [services.py:1051] - [HTTP] GET /memory from 127.0.0.1
2025-10-31 01:38:43,453 - services - INFO - [services.py:1056] - [HTTP] /memory - Status: 200 - Time: 0.002s
2025-10-31 01:38:53,455 - services - INFO - [services.py:1051] - [HTTP] GET /memory from 127.0.0.1
2025-10-31 01:38:53,456 - services - INFO - [services.py:1056] - [HTTP] /memory - Status: 200 - Time: 0.001s
2025-10-31 01:38:55,455 - services - INFO - [services.py:1051] - [HTTP] GET /health from 127.0.0.1
2025-10-31 01:38:55,456 - services - INFO - [services.py:1056] - [HTTP] /health - Status: 200 - Time: 0.001s
2025-10-31 01:39:03,469 - services - INFO - [services.py:1051] - [HTTP] GET /memory from 127.0.0.1
2025-10-31 01:39:03,470 - services - INFO - [services.py:1056] - [HTTP] /memory - Status: 200 - Time: 0.001s
2025-10-31 01:39:13,492 - services - INFO - [services.py:1051] - [HTTP] GET /memory from 127.0.0.1
2025-10-31 01:39:13,493 - services - INFO - [services.py:1056] - [HTTP] /memory - Status: 200 - Time: 0.001s
2025-10-31 01:39:23,452 - services - INFO - [services.py:1051] - [HTTP] GET /memory from 127.0.0.1
2025-10-31 01:39:23,452 - services - INFO - [services.py:1056] - [HTTP] /memory - Status: 200 - Time: 0.001s
2025-10-31 01:39:25,472 - services - INFO - [services.py:1051] - [HTTP] GET /health from 127.0.0.1
2025-10-31 01:39:25,473 - services - INFO - [services.py:1056] - [HTTP] /health - Status: 200 - Time: 0.001s
2025-10-31 01:39:33,545 - services - INFO - [services.py:1051] - [HTTP] GET /memory from 127.0.0.1
2025-10-31 01:39:33,546 - services - INFO - [services.py:1056] - [HTTP] /memory - Status: 200 - Time: 0.001s
2025-10-31 01:39:43,458 - services - INFO - [services.py:1051] - [HTTP] GET /memory from 127.0.0.1
2025-10-31 01:39:43,459 - services - INFO - [services.py:1056] - [HTTP] /memory - Status: 200 - Time: 0.001s
2025-10-31 01:39:53,498 - services - INFO - [services.py:1051] - [HTTP] GET /memory from 127.0.0.1
2025-10-31 01:39:53,499 - services - INFO - [services.py:1056] - [HTTP] /memory - Status: 200 - Time: 0.001s
2025-10-31 01:39:55,452 - services - INFO - [services.py:1051] - [HTTP] GET /health from 127.0.0.1
2025-10-31 01:39:55,453 - services - INFO - [services.py:1056] - [HTTP] /health - Status: 200 - Time: 0.001s
2025-10-31 01:40:03,521 - services - INFO - [services.py:1051] - [HTTP] GET /memory from 127.0.0.1
2025-10-31 01:40:03,522 - services - INFO - [services.py:1056] - [HTTP] /memory - Status: 200 - Time: 0.001s
2025-10-31 01:40:13,495 - services - INFO - [services.py:1051] - [HTTP] GET /memory from 127.0.0.1
2025-10-31 01:40:13,497 - services - INFO - [services.py:1056] - [HTTP] /memory - Status: 200 - Time: 0.001s
2025-10-31 01:40:23,489 - services - INFO - [services.py:1051] - [HTTP] GET /memory from 127.0.0.1
2025-10-31 01:40:23,490 - services - INFO - [services.py:1056] - [HTTP] /memory - Status: 200 - Time: 0.001s
2025-10-31 01:40:25,494 - services - INFO - [services.py:1051] - [HTTP] GET /health from 127.0.0.1
2025-10-31 01:40:25,495 - services - INFO - [services.py:1056] - [HTTP] /health - Status: 200 - Time: 0.001s
2025-10-31 01:40:33,582 - services - INFO - [services.py:1051] - [HTTP] GET /memory from 127.0.0.1
2025-10-31 01:40:33,584 - services - INFO - [services.py:1056] - [HTTP] /memory - Status: 200 - Time: 0.001s
2025-10-31 13:33:13,017 - services - INFO - [services.py:1051] - [HTTP] GET /health from 127.0.0.1
2025-10-31 13:33:13,018 - services - INFO - [services.py:1056] - [HTTP] /health - Status: 200 - Time: 0.001s
2025-11-01 06:49:45,189 - services - INFO - [services.py:1051] - [HTTP] GET /health from 127.0.0.1
2025-11-01 06:49:45,263 - services - INFO - [services.py:1056] - [HTTP] /health - Status: 200 - Time: 0.078s
2025-11-01 06:49:46,327 - services - INFO - [services.py:1051] - [HTTP] GET /languages from 127.0.0.1
2025-11-01 06:49:46,334 - services - INFO - [services.py:1056] - [HTTP] /languages - Status: 200 - Time: 0.007s
2025-11-01 06:50:06,697 - services - INFO - [services.py:1051] - [HTTP] GET /health from 127.0.0.1
2025-11-01 06:50:06,700 - services - INFO - [services.py:1056] - [HTTP] /health - Status: 200 - Time: 0.002s
2025-11-01 06:50:06,996 - services - INFO - [services.py:1051] - [HTTP] GET /languages from 127.0.0.1
2025-11-01 06:50:06,998 - services - INFO - [services.py:1056] - [HTTP] /languages - Status: 200 - Time: 0.002s
2025-11-01 06:50:07,495 - services - INFO - [services.py:1051] - [HTTP] GET /config from 127.0.0.1
2025-11-01 06:50:07,502 - services - INFO - [services.py:1056] - [HTTP] /config - Status: 200 - Time: 0.008s
2025-11-01 06:50:07,779 - services - INFO - [services.py:1051] - [HTTP] GET /config from 127.0.0.1
2025-11-01 06:50:07,780 - services - INFO - [services.py:1056] - [HTTP] /config - Status: 200 - Time: 0.002s
2025-11-01 06:50:08,035 - services - INFO - [services.py:1051] - [HTTP] GET /memory from 127.0.0.1
2025-11-01 06:50:08,076 - services - INFO - [services.py:1056] - [HTTP] /memory - Status: 200 - Time: 0.042s
2025-11-01 06:50:18,986 - services - INFO - [services.py:1051] - [HTTP] GET /memory from 127.0.0.1
2025-11-01 06:50:18,990 - services - INFO - [services.py:1056] - [HTTP] /memory - Status: 200 - Time: 0.005s
2025-11-01 06:50:28,999 - services - INFO - [services.py:1051] - [HTTP] GET /memory from 127.0.0.1
2025-11-01 06:50:29,003 - services - INFO - [services.py:1056] - [HTTP] /memory - Status: 200 - Time: 0.005s
2025-11-01 06:50:39,013 - services - INFO - [services.py:1051] - [HTTP] GET /health from 127.0.0.1
2025-11-01 06:50:39,016 - services - INFO - [services.py:1056] - [HTTP] /health - Status: 200 - Time: 0.003s
2025-11-01 06:50:39,021 - services - INFO - [services.py:1051] - [HTTP] GET /memory from 127.0.0.1
2025-11-01 06:50:39,026 - services - INFO - [services.py:1056] - [HTTP] /memory - Status: 200 - Time: 0.004s
2025-11-01 06:50:49,051 - services - INFO - [services.py:1051] - [HTTP] GET /memory from 127.0.0.1
2025-11-01 06:50:49,063 - services - INFO - [services.py:1056] - [HTTP] /memory - Status: 200 - Time: 0.012s
2025-11-01 06:50:58,301 - services - INFO - [services.py:1051] - [HTTP] GET /memory from 127.0.0.1
2025-11-01 06:50:58,303 - services - INFO - [services.py:1056] - [HTTP] /memory - Status: 200 - Time: 0.002s
2025-11-01 06:51:08,285 - services - INFO - [services.py:1051] - [HTTP] GET /memory from 127.0.0.1
2025-11-01 06:51:08,286 - services - INFO - [services.py:1056] - [HTTP] /memory - Status: 200 - Time: 0.001s
2025-11-01 06:51:08,291 - services - INFO - [services.py:1051] - [HTTP] GET /health from 127.0.0.1
2025-11-01 06:51:08,293 - services - INFO - [services.py:1056] - [HTTP] /health - Status: 200 - Time: 0.002s
2025-11-01 06:51:22,681 - services - INFO - [services.py:1051] - [HTTP] GET /health from 127.0.0.1
2025-11-01 06:51:22,683 - services - INFO - [services.py:1056] - [HTTP] /health - Status: 200 - Time: 0.002s
2025-11-01 06:51:22,943 - services - INFO - [services.py:1051] - [HTTP] GET /languages from 127.0.0.1
2025-11-01 06:51:22,945 - services - INFO - [services.py:1056] - [HTTP] /languages - Status: 200 - Time: 0.002s
2025-11-01 06:51:23,272 - services - INFO - [services.py:1051] - [HTTP] GET /config from 127.0.0.1
2025-11-01 06:51:23,274 - services - INFO - [services.py:1056] - [HTTP] /config - Status: 200 - Time: 0.001s
2025-11-01 06:51:24,541 - services - INFO - [services.py:1051] - [HTTP] GET /config from 127.0.0.1
2025-11-01 06:51:24,543 - services - INFO - [services.py:1056] - [HTTP] /config - Status: 200 - Time: 0.002s
2025-11-01 06:51:25,070 - services - INFO - [services.py:1051] - [HTTP] GET /health from 127.0.0.1
2025-11-01 06:51:25,072 - services - INFO - [services.py:1056] - [HTTP] /health - Status: 200 - Time: 0.002s
2025-11-01 06:51:25,335 - services - INFO - [services.py:1051] - [HTTP] GET /languages from 127.0.0.1
2025-11-01 06:51:25,335 - services - INFO - [services.py:1056] - [HTTP] /languages - Status: 200 - Time: 0.001s
2025-11-01 06:51:25,567 - services - INFO - [services.py:1051] - [HTTP] GET /config from 127.0.0.1
2025-11-01 06:51:25,569 - services - INFO - [services.py:1056] - [HTTP] /config - Status: 200 - Time: 0.001s
2025-11-01 06:51:25,749 - services - INFO - [services.py:1051] - [HTTP] GET /config from 127.0.0.1
2025-11-01 06:51:25,750 - services - INFO - [services.py:1056] - [HTTP] /config - Status: 200 - Time: 0.001s
2025-11-01 06:51:25,916 - services - INFO - [services.py:1051] - [HTTP] GET /memory from 127.0.0.1
2025-11-01 06:51:25,918 - services - INFO - [services.py:1056] - [HTTP] /memory - Status: 200 - Time: 0.002s
2025-11-01 06:51:37,002 - services - INFO - [services.py:1051] - [HTTP] GET /memory from 127.0.0.1
2025-11-01 06:51:37,004 - services - INFO - [services.py:1056] - [HTTP] /memory - Status: 200 - Time: 0.002s
2025-11-01 06:51:47,048 - services - INFO - [services.py:1051] - [HTTP] GET /memory from 127.0.0.1
2025-11-01 06:51:47,050 - services - INFO - [services.py:1056] - [HTTP] /memory - Status: 200 - Time: 0.002s
2025-11-01 06:51:56,982 - services - INFO - [services.py:1051] - [HTTP] GET /health from 127.0.0.1
2025-11-01 06:51:56,985 - services - INFO - [services.py:1056] - [HTTP] /health - Status: 200 - Time: 0.002s
2025-11-01 06:51:57,000 - services - INFO - [services.py:1051] - [HTTP] GET /memory from 127.0.0.1
2025-11-01 06:51:57,002 - services - INFO - [services.py:1056] - [HTTP] /memory - Status: 200 - Time: 0.002s
2025-11-01 06:52:06,992 - services - INFO - [services.py:1051] - [HTTP] GET /memory from 127.0.0.1
2025-11-01 06:52:06,995 - services - INFO - [services.py:1056] - [HTTP] /memory - Status: 200 - Time: 0.002s
2025-11-01 06:52:16,975 - services - INFO - [services.py:1051] - [HTTP] GET /memory from 127.0.0.1
2025-11-01 06:52:16,977 - services - INFO - [services.py:1056] - [HTTP] /memory - Status: 200 - Time: 0.002s
2025-11-01 06:52:27,121 - services - INFO - [services.py:1051] - [HTTP] GET /memory from 127.0.0.1
2025-11-01 06:52:27,123 - services - INFO - [services.py:1056] - [HTTP] /memory - Status: 200 - Time: 0.002s
2025-11-01 06:52:27,127 - services - INFO - [services.py:1051] - [HTTP] GET /health from 127.0.0.1
2025-11-01 06:52:27,128 - services - INFO - [services.py:1056] - [HTTP] /health - Status: 200 - Time: 0.001s
2025-11-01 06:52:57,031 - services - INFO - [services.py:1051] - [HTTP] GET /health from 127.0.0.1
2025-11-01 06:52:57,033 - services - INFO - [services.py:1056] - [HTTP] /health - Status: 200 - Time: 0.002s
2025-11-01 06:53:02,984 - services - INFO - [services.py:1051] - [HTTP] GET /memory from 127.0.0.1
2025-11-01 06:53:02,986 - services - INFO - [services.py:1056] - [HTTP] /memory - Status: 200 - Time: 0.002s
2025-11-01 06:53:26,998 - services - INFO - [services.py:1051] - [HTTP] GET /health from 127.0.0.1
2025-11-01 06:53:26,999 - services - INFO - [services.py:1056] - [HTTP] /health - Status: 200 - Time: 0.001s
2025-11-01 06:53:42,712 - services - INFO - [services.py:1051] - [HTTP] GET /memory from 127.0.0.1
2025-11-01 06:53:42,715 - services - INFO - [services.py:1056] - [HTTP] /memory - Status: 200 - Time: 0.002s
2025-11-01 06:53:46,051 - services - INFO - [services.py:1051] - [HTTP] GET /memory from 127.0.0.1
2025-11-01 06:53:46,053 - services - INFO - [services.py:1056] - [HTTP] /memory - Status: 200 - Time: 0.002s
2025-11-01 06:54:06,084 - services - INFO - [services.py:1051] - [HTTP] GET /health from 127.0.0.1
2025-11-01 06:54:06,086 - services - INFO - [services.py:1056] - [HTTP] /health - Status: 200 - Time: 0.002s
2025-11-01 06:54:06,711 - services - INFO - [services.py:1051] - [HTTP] GET /languages from 127.0.0.1
2025-11-01 06:54:06,712 - services - INFO - [services.py:1056] - [HTTP] /languages - Status: 200 - Time: 0.001s
2025-11-01 06:54:06,935 - services - INFO - [services.py:1051] - [HTTP] GET /config from 127.0.0.1
2025-11-01 06:54:06,937 - services - INFO - [services.py:1056] - [HTTP] /config - Status: 200 - Time: 0.001s
2025-11-01 06:54:07,157 - services - INFO - [services.py:1051] - [HTTP] GET /config from 127.0.0.1
2025-11-01 06:54:07,158 - services - INFO - [services.py:1056] - [HTTP] /config - Status: 200 - Time: 0.001s
2025-11-01 06:54:07,451 - services - INFO - [services.py:1051] - [HTTP] GET /memory from 127.0.0.1
2025-11-01 06:54:07,453 - services - INFO - [services.py:1056] - [HTTP] /memory - Status: 200 - Time: 0.002s
2025-11-01 06:54:14,193 - services - INFO - [services.py:1051] - [HTTP] GET /health from 127.0.0.1
2025-11-01 06:54:14,196 - services - INFO - [services.py:1056] - [HTTP] /health - Status: 200 - Time: 0.002s
2025-11-01 06:54:15,532 - services - INFO - [services.py:1051] - [HTTP] GET /languages from 127.0.0.1
2025-11-01 06:54:15,533 - services - INFO - [services.py:1056] - [HTTP] /languages - Status: 200 - Time: 0.001s
2025-11-01 06:54:15,813 - services - INFO - [services.py:1051] - [HTTP] GET /config from 127.0.0.1
2025-11-01 06:54:15,814 - services - INFO - [services.py:1056] - [HTTP] /config - Status: 200 - Time: 0.001s
2025-11-01 06:54:16,100 - services - INFO - [services.py:1051] - [HTTP] GET /config from 127.0.0.1
2025-11-01 06:54:16,116 - services - INFO - [services.py:1056] - [HTTP] /config - Status: 200 - Time: 0.016s
2025-11-01 06:54:16,356 - services - INFO - [services.py:1051] - [HTTP] GET /memory from 127.0.0.1
2025-11-01 06:54:16,357 - services - INFO - [services.py:1056] - [HTTP] /memory - Status: 200 - Time: 0.002s
2025-11-01 06:54:26,976 - services - INFO - [services.py:1051] - [HTTP] GET /memory from 127.0.0.1
2025-11-01 06:54:26,977 - services - INFO - [services.py:1056] - [HTTP] /memory - Status: 200 - Time: 0.001s
2025-11-01 06:54:36,981 - services - INFO - [services.py:1051] - [HTTP] GET /memory from 127.0.0.1
2025-11-01 06:54:36,983 - services - INFO - [services.py:1056] - [HTTP] /memory - Status: 200 - Time: 0.002s
2025-11-01 06:54:46,994 - services - INFO - [services.py:1051] - [HTTP] GET /health from 127.0.0.1
2025-11-01 06:54:46,996 - services - INFO - [services.py:1056] - [HTTP] /health - Status: 200 - Time: 0.002s
2025-11-01 06:54:46,997 - services - INFO - [services.py:1051] - [HTTP] GET /memory from 127.0.0.1
2025-11-01 06:54:46,999 - services - INFO - [services.py:1056] - [HTTP] /memory - Status: 200 - Time: 0.002s
2025-11-01 06:54:56,979 - services - INFO - [services.py:1051] - [HTTP] GET /memory from 127.0.0.1
2025-11-01 06:54:56,981 - services - INFO - [services.py:1056] - [HTTP] /memory - Status: 200 - Time: 0.002s
2025-11-01 06:55:06,975 - services - INFO - [services.py:1051] - [HTTP] GET /memory from 127.0.0.1
2025-11-01 06:55:06,976 - services - INFO - [services.py:1056] - [HTTP] /memory - Status: 200 - Time: 0.002s
2025-11-01 06:55:16,987 - services - INFO - [services.py:1051] - [HTTP] GET /memory from 127.0.0.1
2025-11-01 06:55:16,989 - services - INFO - [services.py:1051] - [HTTP] GET /health from 127.0.0.1
2025-11-01 06:55:16,991 - services - INFO - [services.py:1056] - [HTTP] /memory - Status: 200 - Time: 0.004s
2025-11-01 06:55:16,991 - services - INFO - [services.py:1056] - [HTTP] /health - Status: 200 - Time: 0.002s
2025-11-01 06:55:29,076 - services - INFO - [services.py:1051] - [HTTP] GET /memory from 127.0.0.1
2025-11-01 06:55:29,078 - services - INFO - [services.py:1056] - [HTTP] /memory - Status: 200 - Time: 0.002s
2025-11-01 06:55:36,991 - services - INFO - [services.py:1051] - [HTTP] GET /memory from 127.0.0.1
2025-11-01 06:55:36,992 - services - INFO - [services.py:1056] - [HTTP] /memory - Status: 200 - Time: 0.002s
2025-11-01 06:55:47,146 - services - INFO - [services.py:1051] - [HTTP] GET /memory from 127.0.0.1
2025-11-01 06:55:47,147 - services - INFO - [services.py:1056] - [HTTP] /memory - Status: 200 - Time: 0.001s
2025-11-01 06:55:47,159 - services - INFO - [services.py:1051] - [HTTP] GET /health from 127.0.0.1
2025-11-01 06:55:47,160 - services - INFO - [services.py:1056] - [HTTP] /health - Status: 200 - Time: 0.001s
2025-11-01 06:55:57,336 - services - INFO - [services.py:1051] - [HTTP] GET /memory from 127.0.0.1
2025-11-01 06:55:57,338 - services - INFO - [services.py:1056] - [HTTP] /memory - Status: 200 - Time: 0.002s
2025-11-01 06:56:07,228 - services - INFO - [services.py:1051] - [HTTP] GET /memory from 127.0.0.1
2025-11-01 06:56:07,230 - services - INFO - [services.py:1056] - [HTTP] /memory - Status: 200 - Time: 0.002s
2025-11-01 06:56:16,923 - services - INFO - [services.py:1051] - [HTTP] GET /health from 127.0.0.1
2025-11-01 06:56:16,925 - services - INFO - [services.py:1056] - [HTTP] /health - Status: 200 - Time: 0.002s
2025-11-01 06:56:17,080 - services - INFO - [services.py:1051] - [HTTP] GET /memory from 127.0.0.1
2025-11-01 06:56:17,082 - services - INFO - [services.py:1056] - [HTTP] /memory - Status: 200 - Time: 0.003s
2025-11-01 06:56:27,209 - services - INFO - [services.py:1051] - [HTTP] GET /memory from 127.0.0.1
2025-11-01 06:56:27,211 - services - INFO - [services.py:1056] - [HTTP] /memory - Status: 200 - Time: 0.002s
2025-11-01 06:56:47,005 - services - INFO - [services.py:1051] - [HTTP] GET /health from 127.0.0.1
2025-11-01 06:56:47,007 - services - INFO - [services.py:1056] - [HTTP] /health - Status: 200 - Time: 0.002s
2025-11-01 06:57:02,985 - services - INFO - [services.py:1051] - [HTTP] GET /memory from 127.0.0.1
2025-11-01 06:57:02,987 - services - INFO - [services.py:1056] - [HTTP] /memory - Status: 200 - Time: 0.002s
2025-11-01 06:57:17,123 - services - INFO - [services.py:1051] - [HTTP] GET /health from 127.0.0.1
2025-11-01 06:57:17,124 - services - INFO - [services.py:1056] - [HTTP] /health - Status: 200 - Time: 0.002s
2025-11-01 06:58:02,995 - services - INFO - [services.py:1051] - [HTTP] GET /memory from 127.0.0.1
2025-11-01 06:58:02,997 - services - INFO - [services.py:1056] - [HTTP] /memory - Status: 200 - Time: 0.002s
2025-11-01 06:58:03,010 - services - INFO - [services.py:1051] - [HTTP] GET /health from 127.0.0.1
2025-11-01 06:58:03,012 - services - INFO - [services.py:1056] - [HTTP] /health - Status: 200 - Time: 0.002s
2025-11-01 06:59:03,001 - services - INFO - [services.py:1051] - [HTTP] GET /memory from 127.0.0.1
2025-11-01 06:59:03,003 - services - INFO - [services.py:1056] - [HTTP] /memory - Status: 200 - Time: 0.002s
2025-11-01 06:59:03,007 - services - INFO - [services.py:1051] - [HTTP] GET /health from 127.0.0.1
2025-11-01 06:59:03,007 - services - INFO - [services.py:1056] - [HTTP] /health - Status: 200 - Time: 0.001s
2025-11-01 06:59:31,419 - services - INFO - [services.py:1051] - [HTTP] GET /health from 127.0.0.1
2025-11-01 06:59:31,421 - services - INFO - [services.py:1051] - [HTTP] GET /memory from 127.0.0.1
2025-11-01 06:59:31,423 - services - INFO - [services.py:1056] - [HTTP] /health - Status: 200 - Time: 0.004s
2025-11-01 06:59:31,423 - services - INFO - [services.py:1056] - [HTTP] /memory - Status: 200 - Time: 0.003s
2025-11-01 06:59:37,500 - services - INFO - [services.py:1051] - [HTTP] GET /health from 127.0.0.1
2025-11-01 06:59:37,501 - services - INFO - [services.py:1056] - [HTTP] /health - Status: 200 - Time: 0.002s
2025-11-01 06:59:37,686 - services - INFO - [services.py:1051] - [HTTP] GET /languages from 127.0.0.1
2025-11-01 06:59:37,687 - services - INFO - [services.py:1056] - [HTTP] /languages - Status: 200 - Time: 0.001s
2025-11-01 06:59:37,867 - services - INFO - [services.py:1051] - [HTTP] GET /config from 127.0.0.1
2025-11-01 06:59:37,868 - services - INFO - [services.py:1056] - [HTTP] /config - Status: 200 - Time: 0.001s
2025-11-01 06:59:38,072 - services - INFO - [services.py:1051] - [HTTP] GET /config from 127.0.0.1
2025-11-01 06:59:38,074 - services - INFO - [services.py:1056] - [HTTP] /config - Status: 200 - Time: 0.001s
2025-11-01 06:59:38,301 - services - INFO - [services.py:1051] - [HTTP] GET /memory from 127.0.0.1
2025-11-01 06:59:38,304 - services - INFO - [services.py:1056] - [HTTP] /memory - Status: 200 - Time: 0.002s
2025-11-01 06:59:41,182 - services - INFO - [services.py:1051] - [HTTP] GET /health from 127.0.0.1
2025-11-01 06:59:41,184 - services - INFO - [services.py:1056] - [HTTP] /health - Status: 200 - Time: 0.002s
2025-11-01 06:59:41,376 - services - INFO - [services.py:1051] - [HTTP] GET /languages from 127.0.0.1
2025-11-01 06:59:41,377 - services - INFO - [services.py:1056] - [HTTP] /languages - Status: 200 - Time: 0.001s
2025-11-01 06:59:41,697 - services - INFO - [services.py:1051] - [HTTP] GET /config from 127.0.0.1
2025-11-01 06:59:41,699 - services - INFO - [services.py:1056] - [HTTP] /config - Status: 200 - Time: 0.002s
2025-11-01 06:59:41,942 - services - INFO - [services.py:1051] - [HTTP] GET /config from 127.0.0.1
2025-11-01 06:59:41,944 - services - INFO - [services.py:1056] - [HTTP] /config - Status: 200 - Time: 0.001s
2025-11-01 06:59:42,138 - services - INFO - [services.py:1051] - [HTTP] GET /memory from 127.0.0.1
2025-11-01 06:59:42,140 - services - INFO - [services.py:1056] - [HTTP] /memory - Status: 200 - Time: 0.002s
2025-11-01 06:59:52,356 - services - INFO - [services.py:1051] - [HTTP] GET /memory from 127.0.0.1
2025-11-01 06:59:52,359 - services - INFO - [services.py:1056] - [HTTP] /memory - Status: 200 - Time: 0.002s
2025-11-01 07:00:02,346 - services - INFO - [services.py:1051] - [HTTP] GET /memory from 127.0.0.1
2025-11-01 07:00:02,348 - services - INFO - [services.py:1056] - [HTTP] /memory - Status: 200 - Time: 0.002s
2025-11-01 07:00:12,361 - services - INFO - [services.py:1051] - [HTTP] GET /health from 127.0.0.1
2025-11-01 07:00:12,362 - services - INFO - [services.py:1056] - [HTTP] /health - Status: 200 - Time: 0.001s
2025-11-01 07:00:12,374 - services - INFO - [services.py:1051] - [HTTP] GET /memory from 127.0.0.1
2025-11-01 07:00:12,376 - services - INFO - [services.py:1056] - [HTTP] /memory - Status: 200 - Time: 0.002s
2025-11-01 07:00:22,365 - services - INFO - [services.py:1051] - [HTTP] GET /memory from 127.0.0.1
2025-11-01 07:00:22,366 - services - INFO - [services.py:1056] - [HTTP] /memory - Status: 200 - Time: 0.001s
2025-11-01 07:00:32,389 - services - INFO - [services.py:1051] - [HTTP] GET /memory from 127.0.0.1
2025-11-01 07:00:32,391 - services - INFO - [services.py:1056] - [HTTP] /memory - Status: 200 - Time: 0.002s
2025-11-01 07:00:42,356 - services - INFO - [services.py:1051] - [HTTP] GET /health from 127.0.0.1
2025-11-01 07:00:42,358 - services - INFO - [services.py:1056] - [HTTP] /health - Status: 200 - Time: 0.002s
2025-11-01 07:00:42,376 - services - INFO - [services.py:1051] - [HTTP] GET /memory from 127.0.0.1
2025-11-01 07:00:42,378 - services - INFO - [services.py:1056] - [HTTP] /memory - Status: 200 - Time: 0.002s
2025-11-01 07:00:49,124 - services - INFO - [services.py:1051] - [HTTP] GET /memory from 127.0.0.1
2025-11-01 07:00:49,127 - services - INFO - [services.py:1056] - [HTTP] /memory - Status: 200 - Time: 0.003s
2025-11-01 07:00:49,141 - services - INFO - [services.py:1051] - [HTTP] GET /health from 127.0.0.1
2025-11-01 07:00:49,144 - services - INFO - [services.py:1056] - [HTTP] /health - Status: 200 - Time: 0.002s
2025-11-01 07:00:50,614 - services - INFO - [services.py:1051] - [HTTP] GET /memory from 127.0.0.1
2025-11-01 07:00:50,616 - services - INFO - [services.py:1056] - [HTTP] /memory - Status: 200 - Time: 0.002s
2025-11-01 07:00:50,673 - services - INFO - [services.py:1051] - [HTTP] GET /health from 127.0.0.1
2025-11-01 07:00:50,675 - services - INFO - [services.py:1056] - [HTTP] /health - Status: 200 - Time: 0.002s
2025-11-01 07:00:51,595 - services - INFO - [services.py:1051] - [HTTP] GET /config from 127.0.0.1
2025-11-01 07:00:51,596 - services - INFO - [services.py:1056] - [HTTP] /config - Status: 200 - Time: 0.001s
2025-11-01 07:00:51,779 - services - INFO - [services.py:1051] - [HTTP] GET /config from 127.0.0.1
2025-11-01 07:00:51,780 - services - INFO - [services.py:1056] - [HTTP] /config - Status: 200 - Time: 0.001s
2025-11-01 07:00:52,064 - services - INFO - [services.py:1051] - [HTTP] GET /memory from 127.0.0.1
2025-11-01 07:00:52,066 - services - INFO - [services.py:1056] - [HTTP] /memory - Status: 200 - Time: 0.002s
2025-11-01 08:23:50,542 - services - INFO - [services.py:1051] - [HTTP] GET /languages from 127.0.0.1
2025-11-01 08:23:50,594 - services - INFO - [services.py:1056] - [HTTP] /languages - Status: 200 - Time: 0.058s
2025-11-01 19:37:26,692 - services - INFO - [services.py:1051] - [HTTP] GET /health from 127.0.0.1
2025-11-01 19:37:26,712 - services - INFO - [services.py:1056] - [HTTP] /health - Status: 200 - Time: 0.021s
2025-11-01 19:37:30,546 - services - INFO - [services.py:1051] - [HTTP] GET /languages from 127.0.0.1
2025-11-01 19:37:30,548 - services - INFO - [services.py:1056] - [HTTP] /languages - Status: 200 - Time: 0.003s
2025-11-01 19:37:32,678 - services - INFO - [services.py:1051] - [HTTP] GET /config from 127.0.0.1
2025-11-01 19:37:32,682 - services - INFO - [services.py:1056] - [HTTP] /config - Status: 200 - Time: 0.005s
2025-11-01 19:37:33,122 - services - INFO - [services.py:1051] - [HTTP] GET /config from 127.0.0.1
2025-11-01 19:37:33,124 - services - INFO - [services.py:1056] - [HTTP] /config - Status: 200 - Time: 0.002s
2025-11-01 19:37:33,638 - services - INFO - [services.py:1051] - [HTTP] GET /memory from 127.0.0.1
2025-11-01 19:37:33,698 - services - INFO - [services.py:1056] - [HTTP] /memory - Status: 200 - Time: 0.060s
2025-11-01 19:37:43,926 - services - INFO - [services.py:1051] - [HTTP] GET /memory from 127.0.0.1
2025-11-01 19:37:43,927 - services - INFO - [services.py:1056] - [HTTP] /memory - Status: 200 - Time: 0.001s
2025-11-01 19:37:49,779 - services - INFO - [services.py:1051] - [HTTP] GET /health from 127.0.0.1
2025-11-01 19:37:49,781 - services - INFO - [services.py:1056] - [HTTP] /health - Status: 200 - Time: 0.002s
2025-11-01 19:37:55,139 - services - INFO - [services.py:1051] - [HTTP] GET /languages from 127.0.0.1
2025-11-01 19:37:55,140 - services - INFO - [services.py:1056] - [HTTP] /languages - Status: 200 - Time: 0.001s
2025-11-01 19:37:57,010 - services - INFO - [services.py:1051] - [HTTP] GET /config from 127.0.0.1
2025-11-01 19:37:57,011 - services - INFO - [services.py:1056] - [HTTP] /config - Status: 200 - Time: 0.001s
2025-11-01 19:37:57,129 - services - INFO - [services.py:1051] - [HTTP] GET /config from 127.0.0.1
2025-11-01 19:37:57,130 - services - INFO - [services.py:1056] - [HTTP] /config - Status: 200 - Time: 0.001s
2025-11-01 19:37:57,338 - services - INFO - [services.py:1051] - [HTTP] GET /memory from 127.0.0.1
2025-11-01 19:37:57,340 - services - INFO - [services.py:1056] - [HTTP] /memory - Status: 200 - Time: 0.002s
2025-11-01 19:38:07,677 - services - INFO - [services.py:1051] - [HTTP] GET /memory from 127.0.0.1
2025-11-01 19:38:07,680 - services - INFO - [services.py:1056] - [HTTP] /memory - Status: 200 - Time: 0.003s
2025-11-01 19:38:17,753 - services - INFO - [services.py:1051] - [HTTP] GET /memory from 127.0.0.1
2025-11-01 19:38:17,756 - services - INFO - [services.py:1056] - [HTTP] /memory - Status: 200 - Time: 0.003s
2025-11-01 19:38:23,305 - services - INFO - [services.py:1051] - [HTTP] GET /health from 127.0.0.1
2025-11-01 19:38:23,307 - services - INFO - [services.py:1056] - [HTTP] /health - Status: 200 - Time: 0.002s
2025-11-01 19:38:27,439 - services - INFO - [services.py:1051] - [HTTP] GET /languages from 127.0.0.1
2025-11-01 19:38:27,441 - services - INFO - [services.py:1056] - [HTTP] /languages - Status: 200 - Time: 0.001s
2025-11-01 19:38:27,887 - services - INFO - [services.py:1051] - [HTTP] GET /config from 127.0.0.1
2025-11-01 19:38:27,888 - services - INFO - [services.py:1056] - [HTTP] /config - Status: 200 - Time: 0.001s
2025-11-01 19:38:28,283 - services - INFO - [services.py:1051] - [HTTP] GET /config from 127.0.0.1
2025-11-01 19:38:28,284 - services - INFO - [services.py:1056] - [HTTP] /config - Status: 200 - Time: 0.002s
2025-11-01 19:38:28,667 - services - INFO - [services.py:1051] - [HTTP] GET /memory from 127.0.0.1
2025-11-01 19:38:28,670 - services - INFO - [services.py:1056] - [HTTP] /memory - Status: 200 - Time: 0.002s
2025-11-01 19:38:38,883 - services - INFO - [services.py:1051] - [HTTP] GET /memory from 127.0.0.1
2025-11-01 19:38:38,887 - services - INFO - [services.py:1056] - [HTTP] /memory - Status: 200 - Time: 0.004s
2025-11-01 19:38:48,954 - services - INFO - [services.py:1051] - [HTTP] GET /memory from 127.0.0.1
2025-11-01 19:38:48,957 - services - INFO - [services.py:1056] - [HTTP] /memory - Status: 200 - Time: 0.003s
2025-11-01 19:38:50,724 - services - INFO - [services.py:1051] - [HTTP] GET /health from 127.0.0.1
2025-11-01 19:38:50,725 - services - INFO - [services.py:1056] - [HTTP] /health - Status: 200 - Time: 0.001s
2025-11-01 19:38:50,913 - services - INFO - [services.py:1051] - [HTTP] GET /languages from 127.0.0.1
2025-11-01 19:38:50,914 - services - INFO - [services.py:1056] - [HTTP] /languages - Status: 200 - Time: 0.000s
2025-11-01 19:38:56,927 - services - INFO - [services.py:1051] - [HTTP] GET /config from 127.0.0.1
2025-11-01 19:38:56,929 - services - INFO - [services.py:1056] - [HTTP] /config - Status: 200 - Time: 0.001s
2025-11-01 19:38:57,455 - services - INFO - [services.py:1051] - [HTTP] GET /config from 127.0.0.1
2025-11-01 19:38:57,456 - services - INFO - [services.py:1056] - [HTTP] /config - Status: 200 - Time: 0.002s
2025-11-01 19:38:57,824 - services - INFO - [services.py:1051] - [HTTP] GET /memory from 127.0.0.1
2025-11-01 19:38:57,826 - services - INFO - [services.py:1056] - [HTTP] /memory - Status: 200 - Time: 0.002s
2025-11-01 19:39:08,243 - services - INFO - [services.py:1051] - [HTTP] GET /memory from 127.0.0.1
2025-11-01 19:39:08,245 - services - INFO - [services.py:1056] - [HTTP] /memory - Status: 200 - Time: 0.002s
2025-11-01 19:39:09,546 - services - INFO - [services.py:1051] - [HTTP] GET /health from 127.0.0.1
2025-11-01 19:39:09,548 - services - INFO - [services.py:1056] - [HTTP] /health - Status: 200 - Time: 0.002s
2025-11-01 19:39:15,336 - services - INFO - [services.py:1051] - [HTTP] GET /languages from 127.0.0.1
2025-11-01 19:39:15,338 - services - INFO - [services.py:1056] - [HTTP] /languages - Status: 200 - Time: 0.001s
2025-11-01 19:39:17,095 - services - INFO - [services.py:1051] - [HTTP] GET /config from 127.0.0.1
2025-11-01 19:39:17,097 - services - INFO - [services.py:1056] - [HTTP] /config - Status: 200 - Time: 0.002s
2025-11-01 19:39:17,797 - services - INFO - [services.py:1051] - [HTTP] GET /memory from 127.0.0.1
2025-11-01 19:39:17,799 - services - INFO - [services.py:1056] - [HTTP] /memory - Status: 200 - Time: 0.002s
2025-11-01 19:39:18,409 - services - INFO - [services.py:1051] - [HTTP] GET /health from 127.0.0.1
2025-11-01 19:39:18,411 - services - INFO - [services.py:1056] - [HTTP] /health - Status: 200 - Time: 0.002s
2025-11-01 19:39:18,555 - services - INFO - [services.py:1051] - [HTTP] GET /languages from 127.0.0.1
2025-11-01 19:39:18,556 - services - INFO - [services.py:1056] - [HTTP] /languages - Status: 200 - Time: 0.002s
2025-11-01 19:39:18,679 - services - INFO - [services.py:1051] - [HTTP] GET /config from 127.0.0.1
2025-11-01 19:39:18,681 - services - INFO - [services.py:1056] - [HTTP] /config - Status: 200 - Time: 0.002s
2025-11-01 19:39:18,911 - services - INFO - [services.py:1051] - [HTTP] GET /config from 127.0.0.1
2025-11-01 19:39:18,913 - services - INFO - [services.py:1056] - [HTTP] /config - Status: 200 - Time: 0.002s
2025-11-01 19:39:19,323 - services - INFO - [services.py:1051] - [HTTP] GET /memory from 127.0.0.1
2025-11-01 19:39:19,325 - services - INFO - [services.py:1056] - [HTTP] /memory - Status: 200 - Time: 0.002s
2025-11-01 19:39:22,922 - services - INFO - [services.py:1051] - [HTTP] GET /health from 127.0.0.1
2025-11-01 19:39:22,924 - services - INFO - [services.py:1056] - [HTTP] /health - Status: 200 - Time: 0.002s
2025-11-01 19:39:23,098 - services - INFO - [services.py:1051] - [HTTP] GET /languages from 127.0.0.1
2025-11-01 19:39:23,099 - services - INFO - [services.py:1056] - [HTTP] /languages - Status: 200 - Time: 0.001s
2025-11-01 19:39:23,221 - services - INFO - [services.py:1051] - [HTTP] GET /config from 127.0.0.1
2025-11-01 19:39:23,223 - services - INFO - [services.py:1056] - [HTTP] /config - Status: 200 - Time: 0.002s
2025-11-01 19:39:23,453 - services - INFO - [services.py:1051] - [HTTP] GET /config from 127.0.0.1
2025-11-01 19:39:23,454 - services - INFO - [services.py:1056] - [HTTP] /config - Status: 200 - Time: 0.001s
2025-11-01 19:39:23,672 - services - INFO - [services.py:1051] - [HTTP] GET /memory from 127.0.0.1
2025-11-01 19:39:23,674 - services - INFO - [services.py:1056] - [HTTP] /memory - Status: 200 - Time: 0.001s
2025-11-01 19:39:33,891 - services - INFO - [services.py:1051] - [HTTP] GET /memory from 127.0.0.1
2025-11-01 19:39:33,893 - services - INFO - [services.py:1056] - [HTTP] /memory - Status: 200 - Time: 0.002s
2025-11-01 19:39:43,854 - services - INFO - [services.py:1051] - [HTTP] GET /memory from 127.0.0.1
2025-11-01 19:39:43,856 - services - INFO - [services.py:1056] - [HTTP] /memory - Status: 200 - Time: 0.002s
2025-11-01 19:39:53,839 - services - INFO - [services.py:1051] - [HTTP] GET /memory from 127.0.0.1
2025-11-01 19:39:53,841 - services - INFO - [services.py:1056] - [HTTP] /memory - Status: 200 - Time: 0.002s
2025-11-01 19:39:53,851 - services - INFO - [services.py:1051] - [HTTP] GET /health from 127.0.0.1
2025-11-01 19:39:53,854 - services - INFO - [services.py:1056] - [HTTP] /health - Status: 200 - Time: 0.002s
2025-11-01 19:40:03,851 - services - INFO - [services.py:1051] - [HTTP] GET /memory from 127.0.0.1
2025-11-01 19:40:03,853 - services - INFO - [services.py:1056] - [HTTP] /memory - Status: 200 - Time: 0.002s
2025-11-01 19:40:13,921 - services - INFO - [services.py:1051] - [HTTP] GET /memory from 127.0.0.1
2025-11-01 19:40:13,923 - services - INFO - [services.py:1056] - [HTTP] /memory - Status: 200 - Time: 0.002s
2025-11-01 19:40:15,940 - services - INFO - [services.py:1051] - [HTTP] GET /health from 127.0.0.1
2025-11-01 19:40:15,942 - services - INFO - [services.py:1056] - [HTTP] /health - Status: 200 - Time: 0.002s
2025-11-01 19:40:16,090 - services - INFO - [services.py:1051] - [HTTP] GET /languages from 127.0.0.1
2025-11-01 19:40:16,091 - services - INFO - [services.py:1056] - [HTTP] /languages - Status: 200 - Time: 0.001s
2025-11-01 19:40:16,208 - services - INFO - [services.py:1051] - [HTTP] GET /config from 127.0.0.1
2025-11-01 19:40:16,210 - services - INFO - [services.py:1056] - [HTTP] /config - Status: 200 - Time: 0.001s
2025-11-01 19:40:16,326 - services - INFO - [services.py:1051] - [HTTP] GET /config from 127.0.0.1
2025-11-01 19:40:16,327 - services - INFO - [services.py:1056] - [HTTP] /config - Status: 200 - Time: 0.001s
2025-11-01 19:40:16,472 - services - INFO - [services.py:1051] - [HTTP] GET /memory from 127.0.0.1
2025-11-01 19:40:16,473 - services - INFO - [services.py:1056] - [HTTP] /memory - Status: 200 - Time: 0.002s
2025-11-01 19:40:26,666 - services - INFO - [services.py:1051] - [HTTP] GET /memory from 127.0.0.1
2025-11-01 19:40:26,669 - services - INFO - [services.py:1056] - [HTTP] /memory - Status: 200 - Time: 0.002s
2025-11-01 19:40:32,003 - services - INFO - [services.py:1051] - [HTTP] GET /health from 127.0.0.1
2025-11-01 19:40:32,004 - services - INFO - [services.py:1056] - [HTTP] /health - Status: 200 - Time: 0.001s
2025-11-01 19:40:32,101 - services - INFO - [services.py:1051] - [HTTP] GET /languages from 127.0.0.1
2025-11-01 19:40:32,101 - services - INFO - [services.py:1056] - [HTTP] /languages - Status: 200 - Time: 0.000s
2025-11-01 19:40:32,223 - services - INFO - [services.py:1051] - [HTTP] GET /config from 127.0.0.1
2025-11-01 19:40:32,225 - services - INFO - [services.py:1056] - [HTTP] /config - Status: 200 - Time: 0.001s
2025-11-01 19:40:32,454 - services - INFO - [services.py:1051] - [HTTP] GET /config from 127.0.0.1
2025-11-01 19:40:32,455 - services - INFO - [services.py:1056] - [HTTP] /config - Status: 200 - Time: 0.001s
2025-11-01 19:40:32,625 - services - INFO - [services.py:1051] - [HTTP] GET /memory from 127.0.0.1
2025-11-01 19:40:32,627 - services - INFO - [services.py:1056] - [HTTP] /memory - Status: 200 - Time: 0.002s
2025-11-01 19:40:42,853 - services - INFO - [services.py:1051] - [HTTP] GET /memory from 127.0.0.1
2025-11-01 19:40:42,856 - services - INFO - [services.py:1056] - [HTTP] /memory - Status: 200 - Time: 0.002s
2025-11-01 19:40:52,807 - services - INFO - [services.py:1051] - [HTTP] GET /memory from 127.0.0.1
2025-11-01 19:40:52,810 - services - INFO - [services.py:1056] - [HTTP] /memory - Status: 200 - Time: 0.002s
2025-11-01 19:41:02,814 - services - INFO - [services.py:1051] - [HTTP] GET /memory from 127.0.0.1
2025-11-01 19:41:02,817 - services - INFO - [services.py:1056] - [HTTP] /memory - Status: 200 - Time: 0.002s
2025-11-01 19:41:02,829 - services - INFO - [services.py:1051] - [HTTP] GET /health from 127.0.0.1
2025-11-01 19:41:02,831 - services - INFO - [services.py:1056] - [HTTP] /health - Status: 200 - Time: 0.001s
2025-11-01 19:41:12,817 - services - INFO - [services.py:1051] - [HTTP] GET /memory from 127.0.0.1
2025-11-01 19:41:12,819 - services - INFO - [services.py:1056] - [HTTP] /memory - Status: 200 - Time: 0.002s
2025-11-01 19:41:23,381 - services - INFO - [services.py:1051] - [HTTP] GET /memory from 127.0.0.1
2025-11-01 19:41:23,383 - services - INFO - [services.py:1056] - [HTTP] /memory - Status: 200 - Time: 0.002s
2025-11-01 19:41:33,376 - services - INFO - [services.py:1051] - [HTTP] GET /health from 127.0.0.1
2025-11-01 19:41:33,378 - services - INFO - [services.py:1056] - [HTTP] /health - Status: 200 - Time: 0.002s
2025-11-01 19:41:33,426 - services - INFO - [services.py:1051] - [HTTP] GET /memory from 127.0.0.1
2025-11-01 19:41:33,428 - services - INFO - [services.py:1056] - [HTTP] /memory - Status: 200 - Time: 0.003s
2025-11-01 19:41:43,393 - services - INFO - [services.py:1051] - [HTTP] GET /memory from 127.0.0.1
2025-11-01 19:41:43,394 - services - INFO - [services.py:1056] - [HTTP] /memory - Status: 200 - Time: 0.001s
2025-11-01 19:41:53,371 - services - INFO - [services.py:1051] - [HTTP] GET /memory from 127.0.0.1
2025-11-01 19:41:53,373 - services - INFO - [services.py:1056] - [HTTP] /memory - Status: 200 - Time: 0.002s
2025-11-01 19:42:03,389 - services - INFO - [services.py:1051] - [HTTP] GET /health from 127.0.0.1
2025-11-01 19:42:03,391 - services - INFO - [services.py:1056] - [HTTP] /health - Status: 200 - Time: 0.002s
2025-11-01 19:42:04,404 - services - INFO - [services.py:1051] - [HTTP] GET /memory from 127.0.0.1
2025-11-01 19:42:04,407 - services - INFO - [services.py:1056] - [HTTP] /memory - Status: 200 - Time: 0.003s
2025-11-01 19:42:14,416 - services - INFO - [services.py:1051] - [HTTP] GET /memory from 127.0.0.1
2025-11-01 19:42:14,419 - services - INFO - [services.py:1056] - [HTTP] /memory - Status: 200 - Time: 0.002s
2025-11-01 19:42:24,417 - services - INFO - [services.py:1051] - [HTTP] GET /memory from 127.0.0.1
2025-11-01 19:42:24,420 - services - INFO - [services.py:1056] - [HTTP] /memory - Status: 200 - Time: 0.003s
2025-11-01 19:42:33,786 - services - INFO - [services.py:1051] - [HTTP] GET /health from 127.0.0.1
2025-11-01 19:42:33,788 - services - INFO - [services.py:1056] - [HTTP] /health - Status: 200 - Time: 0.002s
2025-11-01 19:42:35,016 - services - INFO - [services.py:1051] - [HTTP] GET /memory from 127.0.0.1
2025-11-01 19:42:35,018 - services - INFO - [services.py:1056] - [HTTP] /memory - Status: 200 - Time: 0.002s
2025-11-01 19:42:45,136 - services - INFO - [services.py:1051] - [HTTP] GET /memory from 127.0.0.1
2025-11-01 19:42:45,138 - services - INFO - [services.py:1056] - [HTTP] /memory - Status: 200 - Time: 0.002s
2025-11-01 19:42:54,819 - services - INFO - [services.py:1051] - [HTTP] GET /memory from 127.0.0.1
2025-11-01 19:42:54,821 - services - INFO - [services.py:1056] - [HTTP] /memory - Status: 200 - Time: 0.002s
2025-11-01 19:43:03,786 - services - INFO - [services.py:1051] - [HTTP] GET /health from 127.0.0.1
2025-11-01 19:43:03,786 - services - INFO - [services.py:1056] - [HTTP] /health - Status: 200 - Time: 0.001s
2025-11-01 19:43:04,795 - services - INFO - [services.py:1051] - [HTTP] GET /memory from 127.0.0.1
2025-11-01 19:43:04,797 - services - INFO - [services.py:1056] - [HTTP] /memory - Status: 200 - Time: 0.001s
2025-11-01 19:43:14,796 - services - INFO - [services.py:1051] - [HTTP] GET /memory from 127.0.0.1
2025-11-01 19:43:14,799 - services - INFO - [services.py:1056] - [HTTP] /memory - Status: 200 - Time: 0.004s
2025-11-01 19:43:24,788 - services - INFO - [services.py:1051] - [HTTP] GET /memory from 127.0.0.1
2025-11-01 19:43:24,790 - services - INFO - [services.py:1056] - [HTTP] /memory - Status: 200 - Time: 0.002s
2025-11-01 19:43:34,572 - services - INFO - [services.py:1051] - [HTTP] GET /health from 127.0.0.1
2025-11-01 19:43:34,574 - services - INFO - [services.py:1056] - [HTTP] /health - Status: 200 - Time: 0.002s
2025-11-01 19:43:35,884 - services - INFO - [services.py:1051] - [HTTP] GET /memory from 127.0.0.1
2025-11-01 19:43:35,887 - services - INFO - [services.py:1056] - [HTTP] /memory - Status: 200 - Time: 0.002s
2025-11-01 19:43:45,522 - services - INFO - [services.py:1051] - [HTTP] GET /memory from 127.0.0.1
2025-11-01 19:43:45,524 - services - INFO - [services.py:1056] - [HTTP] /memory - Status: 200 - Time: 0.002s
2025-11-01 19:43:55,535 - services - INFO - [services.py:1051] - [HTTP] GET /memory from 127.0.0.1
2025-11-01 19:43:55,537 - services - INFO - [services.py:1056] - [HTTP] /memory - Status: 200 - Time: 0.002s
2025-11-01 19:44:04,522 - services - INFO - [services.py:1051] - [HTTP] GET /health from 127.0.0.1
2025-11-01 19:44:04,523 - services - INFO - [services.py:1056] - [HTTP] /health - Status: 200 - Time: 0.002s
2025-11-01 19:44:05,549 - services - INFO - [services.py:1051] - [HTTP] GET /memory from 127.0.0.1
2025-11-01 19:44:05,551 - services - INFO - [services.py:1056] - [HTTP] /memory - Status: 200 - Time: 0.002s
2025-11-01 19:44:15,532 - services - INFO - [services.py:1051] - [HTTP] GET /memory from 127.0.0.1
2025-11-01 19:44:15,534 - services - INFO - [services.py:1056] - [HTTP] /memory - Status: 200 - Time: 0.003s
2025-11-01 19:44:25,580 - services - INFO - [services.py:1051] - [HTTP] GET /memory from 127.0.0.1
2025-11-01 19:44:25,581 - services - INFO - [services.py:1056] - [HTTP] /memory - Status: 200 - Time: 0.001s
2025-11-01 19:44:34,608 - services - INFO - [services.py:1051] - [HTTP] GET /health from 127.0.0.1
2025-11-01 19:44:34,609 - services - INFO - [services.py:1056] - [HTTP] /health - Status: 200 - Time: 0.001s
2025-11-01 19:44:35,575 - services - INFO - [services.py:1051] - [HTTP] GET /memory from 127.0.0.1
2025-11-01 19:44:35,577 - services - INFO - [services.py:1056] - [HTTP] /memory - Status: 200 - Time: 0.002s
2025-11-01 19:44:45,573 - services - INFO - [services.py:1051] - [HTTP] GET /memory from 127.0.0.1
2025-11-01 19:44:45,576 - services - INFO - [services.py:1056] - [HTTP] /memory - Status: 200 - Time: 0.003s
2025-11-01 19:44:55,568 - services - INFO - [services.py:1051] - [HTTP] GET /memory from 127.0.0.1
2025-11-01 19:44:55,570 - services - INFO - [services.py:1056] - [HTTP] /memory - Status: 200 - Time: 0.002s
2025-11-01 19:45:04,594 - services - INFO - [services.py:1051] - [HTTP] GET /health from 127.0.0.1
2025-11-01 19:45:04,596 - services - INFO - [services.py:1056] - [HTTP] /health - Status: 200 - Time: 0.002s
2025-11-01 19:45:05,571 - services - INFO - [services.py:1051] - [HTTP] GET /memory from 127.0.0.1
2025-11-01 19:45:05,573 - services - INFO - [services.py:1056] - [HTTP] /memory - Status: 200 - Time: 0.002s
2025-11-01 19:45:15,572 - services - INFO - [services.py:1051] - [HTTP] GET /memory from 127.0.0.1
2025-11-01 19:45:15,575 - services - INFO - [services.py:1056] - [HTTP] /memory - Status: 200 - Time: 0.002s
2025-11-01 19:45:25,580 - services - INFO - [services.py:1051] - [HTTP] GET /memory from 127.0.0.1
2025-11-01 19:45:25,583 - services - INFO - [services.py:1056] - [HTTP] /memory - Status: 200 - Time: 0.002s
2025-11-01 19:45:34,999 - services - INFO - [services.py:1051] - [HTTP] GET /health from 127.0.0.1
2025-11-01 19:45:35,001 - services - INFO - [services.py:1056] - [HTTP] /health - Status: 200 - Time: 0.002s
2025-11-01 19:45:35,985 - services - INFO - [services.py:1051] - [HTTP] GET /memory from 127.0.0.1
2025-11-01 19:45:35,988 - services - INFO - [services.py:1056] - [HTTP] /memory - Status: 200 - Time: 0.003s
2025-11-01 19:45:45,985 - services - INFO - [services.py:1051] - [HTTP] GET /memory from 127.0.0.1
2025-11-01 19:45:45,987 - services - INFO - [services.py:1056] - [HTTP] /memory - Status: 200 - Time: 0.002s
2025-11-01 19:45:55,990 - services - INFO - [services.py:1051] - [HTTP] GET /memory from 127.0.0.1
2025-11-01 19:45:55,991 - services - INFO - [services.py:1056] - [HTTP] /memory - Status: 200 - Time: 0.001s
2025-11-01 19:46:04,990 - services - INFO - [services.py:1051] - [HTTP] GET /health from 127.0.0.1
2025-11-01 19:46:04,992 - services - INFO - [services.py:1056] - [HTTP] /health - Status: 200 - Time: 0.002s
2025-11-01 19:46:06,032 - services - INFO - [services.py:1051] - [HTTP] GET /memory from 127.0.0.1
2025-11-01 19:46:06,034 - services - INFO - [services.py:1056] - [HTTP] /memory - Status: 200 - Time: 0.002s
2025-11-01 19:46:16,017 - services - INFO - [services.py:1051] - [HTTP] GET /memory from 127.0.0.1
2025-11-01 19:46:16,019 - services - INFO - [services.py:1056] - [HTTP] /memory - Status: 200 - Time: 0.002s
2025-11-01 19:46:25,994 - services - INFO - [services.py:1051] - [HTTP] GET /memory from 127.0.0.1
2025-11-01 19:46:25,995 - services - INFO - [services.py:1056] - [HTTP] /memory - Status: 200 - Time: 0.002s
2025-11-01 19:46:34,999 - services - INFO - [services.py:1051] - [HTTP] GET /health from 127.0.0.1
2025-11-01 19:46:35,001 - services - INFO - [services.py:1056] - [HTTP] /health - Status: 200 - Time: 0.002s
2025-11-01 19:46:35,993 - services - INFO - [services.py:1051] - [HTTP] GET /memory from 127.0.0.1
2025-11-01 19:46:35,995 - services - INFO - [services.py:1056] - [HTTP] /memory - Status: 200 - Time: 0.002s
2025-11-01 19:46:45,987 - services - INFO - [services.py:1051] - [HTTP] GET /memory from 127.0.0.1
2025-11-01 19:46:45,989 - services - INFO - [services.py:1056] - [HTTP] /memory - Status: 200 - Time: 0.002s
2025-11-01 19:46:56,005 - services - INFO - [services.py:1051] - [HTTP] GET /memory from 127.0.0.1
2025-11-01 19:46:56,012 - services - INFO - [services.py:1056] - [HTTP] /memory - Status: 200 - Time: 0.007s
2025-11-01 19:47:05,640 - services - INFO - [services.py:1051] - [HTTP] GET /health from 127.0.0.1
2025-11-01 19:47:05,641 - services - INFO - [services.py:1056] - [HTTP] /health - Status: 200 - Time: 0.001s
2025-11-01 19:47:06,685 - services - INFO - [services.py:1051] - [HTTP] GET /memory from 127.0.0.1
2025-11-01 19:47:06,687 - services - INFO - [services.py:1056] - [HTTP] /memory - Status: 200 - Time: 0.002s
2025-11-01 19:47:16,628 - services - INFO - [services.py:1051] - [HTTP] GET /memory from 127.0.0.1
2025-11-01 19:47:16,630 - services - INFO - [services.py:1056] - [HTTP] /memory - Status: 200 - Time: 0.002s
2025-11-01 19:47:26,642 - services - INFO - [services.py:1051] - [HTTP] GET /memory from 127.0.0.1
2025-11-01 19:47:26,644 - services - INFO - [services.py:1056] - [HTTP] /memory - Status: 200 - Time: 0.003s
2025-11-01 19:47:35,623 - services - INFO - [services.py:1051] - [HTTP] GET /health from 127.0.0.1
2025-11-01 19:47:35,624 - services - INFO - [services.py:1056] - [HTTP] /health - Status: 200 - Time: 0.002s
2025-11-01 19:47:36,637 - services - INFO - [services.py:1051] - [HTTP] GET /memory from 127.0.0.1
2025-11-01 19:47:36,639 - services - INFO - [services.py:1056] - [HTTP] /memory - Status: 200 - Time: 0.002s
2025-11-01 19:47:46,633 - services - INFO - [services.py:1051] - [HTTP] GET /memory from 127.0.0.1
2025-11-01 19:47:46,635 - services - INFO - [services.py:1056] - [HTTP] /memory - Status: 200 - Time: 0.002s
2025-11-01 19:47:56,636 - services - INFO - [services.py:1051] - [HTTP] GET /memory from 127.0.0.1
2025-11-01 19:47:56,639 - services - INFO - [services.py:1056] - [HTTP] /memory - Status: 200 - Time: 0.002s
2025-11-01 19:48:05,697 - services - INFO - [services.py:1051] - [HTTP] GET /health from 127.0.0.1
2025-11-01 19:48:05,699 - services - INFO - [services.py:1056] - [HTTP] /health - Status: 200 - Time: 0.002s
2025-11-01 19:48:06,664 - services - INFO - [services.py:1051] - [HTTP] GET /memory from 127.0.0.1
2025-11-01 19:48:06,666 - services - INFO - [services.py:1056] - [HTTP] /memory - Status: 200 - Time: 0.002s
2025-11-01 19:48:16,642 - services - INFO - [services.py:1051] - [HTTP] GET /memory from 127.0.0.1
2025-11-01 19:48:16,644 - services - INFO - [services.py:1056] - [HTTP] /memory - Status: 200 - Time: 0.002s
2025-11-01 19:48:26,646 - services - INFO - [services.py:1051] - [HTTP] GET /memory from 127.0.0.1
2025-11-01 19:48:26,648 - services - INFO - [services.py:1056] - [HTTP] /memory - Status: 200 - Time: 0.002s
2025-11-01 19:48:35,635 - services - INFO - [services.py:1051] - [HTTP] GET /health from 127.0.0.1
2025-11-01 19:48:35,635 - services - INFO - [services.py:1056] - [HTTP] /health - Status: 200 - Time: 0.001s
2025-11-01 19:48:36,637 - services - INFO - [services.py:1051] - [HTTP] GET /memory from 127.0.0.1
2025-11-01 19:48:36,639 - services - INFO - [services.py:1056] - [HTTP] /memory - Status: 200 - Time: 0.002s
2025-11-01 19:48:46,669 - services - INFO - [services.py:1051] - [HTTP] GET /memory from 127.0.0.1
2025-11-01 19:48:46,671 - services - INFO - [services.py:1056] - [HTTP] /memory - Status: 200 - Time: 0.002s
2025-11-01 19:48:56,637 - services - INFO - [services.py:1051] - [HTTP] GET /memory from 127.0.0.1
2025-11-01 19:48:56,640 - services - INFO - [services.py:1056] - [HTTP] /memory - Status: 200 - Time: 0.002s
2025-11-01 19:49:05,642 - services - INFO - [services.py:1051] - [HTTP] GET /health from 127.0.0.1
2025-11-01 19:49:05,643 - services - INFO - [services.py:1056] - [HTTP] /health - Status: 200 - Time: 0.001s
2025-11-01 19:49:06,700 - services - INFO - [services.py:1051] - [HTTP] GET /memory from 127.0.0.1
2025-11-01 19:49:06,702 - services - INFO - [services.py:1056] - [HTTP] /memory - Status: 200 - Time: 0.002s
2025-11-01 19:49:16,633 - services - INFO - [services.py:1051] - [HTTP] GET /memory from 127.0.0.1
2025-11-01 19:49:16,635 - services - INFO - [services.py:1056] - [HTTP] /memory - Status: 200 - Time: 0.002s
2025-11-01 19:49:26,639 - services - INFO - [services.py:1051] - [HTTP] GET /memory from 127.0.0.1
2025-11-01 19:49:26,641 - services - INFO - [services.py:1056] - [HTTP] /memory - Status: 200 - Time: 0.002s
2025-11-01 19:49:35,692 - services - INFO - [services.py:1051] - [HTTP] GET /health from 127.0.0.1
2025-11-01 19:49:35,693 - services - INFO - [services.py:1056] - [HTTP] /health - Status: 200 - Time: 0.002s
2025-11-01 19:49:36,640 - services - INFO - [services.py:1051] - [HTTP] GET /memory from 127.0.0.1
2025-11-01 19:49:36,642 - services - INFO - [services.py:1056] - [HTTP] /memory - Status: 200 - Time: 0.002s
2025-11-01 19:49:46,642 - services - INFO - [services.py:1051] - [HTTP] GET /memory from 127.0.0.1
2025-11-01 19:49:46,645 - services - INFO - [services.py:1056] - [HTTP] /memory - Status: 200 - Time: 0.002s
2025-11-01 19:49:56,641 - services - INFO - [services.py:1051] - [HTTP] GET /memory from 127.0.0.1
2025-11-01 19:49:56,643 - services - INFO - [services.py:1056] - [HTTP] /memory - Status: 200 - Time: 0.002s
2025-11-01 19:50:05,626 - services - INFO - [services.py:1051] - [HTTP] GET /health from 127.0.0.1
2025-11-01 19:50:05,627 - services - INFO - [services.py:1056] - [HTTP] /health - Status: 200 - Time: 0.001s
2025-11-01 19:50:06,633 - services - INFO - [services.py:1051] - [HTTP] GET /memory from 127.0.0.1
2025-11-01 19:50:06,636 - services - INFO - [services.py:1056] - [HTTP] /memory - Status: 200 - Time: 0.002s
2025-11-01 19:50:16,640 - services - INFO - [services.py:1051] - [HTTP] GET /memory from 127.0.0.1
2025-11-01 19:50:16,642 - services - INFO - [services.py:1056] - [HTTP] /memory - Status: 200 - Time: 0.002s
2025-11-01 19:50:26,643 - services - INFO - [services.py:1051] - [HTTP] GET /memory from 127.0.0.1
2025-11-01 19:50:26,645 - services - INFO - [services.py:1056] - [HTTP] /memory - Status: 200 - Time: 0.002s
2025-11-01 19:50:35,631 - services - INFO - [services.py:1051] - [HTTP] GET /health from 127.0.0.1
2025-11-01 19:50:35,632 - services - INFO - [services.py:1056] - [HTTP] /health - Status: 200 - Time: 0.001s
2025-11-01 19:50:36,673 - services - INFO - [services.py:1051] - [HTTP] GET /memory from 127.0.0.1
2025-11-01 19:50:36,675 - services - INFO - [services.py:1056] - [HTTP] /memory - Status: 200 - Time: 0.002s
2025-11-01 19:50:46,680 - services - INFO - [services.py:1051] - [HTTP] GET /memory from 127.0.0.1
2025-11-01 19:50:46,682 - services - INFO - [services.py:1056] - [HTTP] /memory - Status: 200 - Time: 0.002s
2025-11-01 19:50:56,680 - services - INFO - [services.py:1051] - [HTTP] GET /memory from 127.0.0.1
2025-11-01 19:50:56,682 - services - INFO - [services.py:1056] - [HTTP] /memory - Status: 200 - Time: 0.002s
2025-11-01 19:51:05,637 - services - INFO - [services.py:1051] - [HTTP] GET /health from 127.0.0.1
2025-11-01 19:51:05,639 - services - INFO - [services.py:1056] - [HTTP] /health - Status: 200 - Time: 0.002s
2025-11-01 19:51:06,655 - services - INFO - [services.py:1051] - [HTTP] GET /memory from 127.0.0.1
2025-11-01 19:51:06,657 - services - INFO - [services.py:1056] - [HTTP] /memory - Status: 200 - Time: 0.002s
2025-11-01 19:51:16,653 - services - INFO - [services.py:1051] - [HTTP] GET /memory from 127.0.0.1
2025-11-01 19:51:16,654 - services - INFO - [services.py:1056] - [HTTP] /memory - Status: 200 - Time: 0.001s
2025-11-01 19:51:26,731 - services - INFO - [services.py:1051] - [HTTP] GET /memory from 127.0.0.1
2025-11-01 19:51:26,733 - services - INFO - [services.py:1056] - [HTTP] /memory - Status: 200 - Time: 0.002s
2025-11-01 19:51:35,724 - services - INFO - [services.py:1051] - [HTTP] GET /health from 127.0.0.1
2025-11-01 19:51:35,726 - services - INFO - [services.py:1056] - [HTTP] /health - Status: 200 - Time: 0.002s
2025-11-01 19:51:36,768 - services - INFO - [services.py:1051] - [HTTP] GET /memory from 127.0.0.1
2025-11-01 19:51:36,770 - services - INFO - [services.py:1056] - [HTTP] /memory - Status: 200 - Time: 0.003s
2025-11-01 19:51:46,744 - services - INFO - [services.py:1051] - [HTTP] GET /memory from 127.0.0.1
2025-11-01 19:51:46,746 - services - INFO - [services.py:1056] - [HTTP] /memory - Status: 200 - Time: 0.002s
2025-11-01 19:51:56,734 - services - INFO - [services.py:1051] - [HTTP] GET /memory from 127.0.0.1
2025-11-01 19:51:56,737 - services - INFO - [services.py:1056] - [HTTP] /memory - Status: 200 - Time: 0.003s
2025-11-01 19:52:05,709 - services - INFO - [services.py:1051] - [HTTP] GET /health from 127.0.0.1
2025-11-01 19:52:05,711 - services - INFO - [services.py:1056] - [HTTP] /health - Status: 200 - Time: 0.002s
2025-11-01 19:52:06,725 - services - INFO - [services.py:1051] - [HTTP] GET /memory from 127.0.0.1
2025-11-01 19:52:06,728 - services - INFO - [services.py:1056] - [HTTP] /memory - Status: 200 - Time: 0.003s
2025-11-01 19:52:16,719 - services - INFO - [services.py:1051] - [HTTP] GET /memory from 127.0.0.1
2025-11-01 19:52:16,721 - services - INFO - [services.py:1056] - [HTTP] /memory - Status: 200 - Time: 0.002s
2025-11-01 19:52:26,809 - services - INFO - [services.py:1051] - [HTTP] GET /memory from 127.0.0.1
2025-11-01 19:52:26,812 - services - INFO - [services.py:1056] - [HTTP] /memory - Status: 200 - Time: 0.003s
2025-11-01 19:52:35,848 - services - INFO - [services.py:1051] - [HTTP] GET /health from 127.0.0.1
2025-11-01 19:52:35,848 - services - INFO - [services.py:1056] - [HTTP] /health - Status: 200 - Time: 0.001s
2025-11-01 19:52:36,861 - services - INFO - [services.py:1051] - [HTTP] GET /memory from 127.0.0.1
2025-11-01 19:52:36,863 - services - INFO - [services.py:1056] - [HTTP] /memory - Status: 200 - Time: 0.001s
2025-11-01 19:52:46,900 - services - INFO - [services.py:1051] - [HTTP] GET /memory from 127.0.0.1
2025-11-01 19:52:46,903 - services - INFO - [services.py:1056] - [HTTP] /memory - Status: 200 - Time: 0.002s
2025-11-01 19:52:56,939 - services - INFO - [services.py:1051] - [HTTP] GET /memory from 127.0.0.1
2025-11-01 19:52:56,941 - services - INFO - [services.py:1056] - [HTTP] /memory - Status: 200 - Time: 0.002s
2025-11-01 19:53:05,853 - services - INFO - [services.py:1051] - [HTTP] GET /health from 127.0.0.1
2025-11-01 19:53:05,854 - services - INFO - [services.py:1056] - [HTTP] /health - Status: 200 - Time: 0.002s
2025-11-01 19:53:06,854 - services - INFO - [services.py:1051] - [HTTP] GET /memory from 127.0.0.1
2025-11-01 19:53:06,856 - services - INFO - [services.py:1056] - [HTTP] /memory - Status: 200 - Time: 0.002s
2025-11-01 19:53:16,856 - services - INFO - [services.py:1051] - [HTTP] GET /memory from 127.0.0.1
2025-11-01 19:53:16,858 - services - INFO - [services.py:1056] - [HTTP] /memory - Status: 200 - Time: 0.002s
2025-11-01 19:53:26,849 - services - INFO - [services.py:1051] - [HTTP] GET /memory from 127.0.0.1
2025-11-01 19:53:26,851 - services - INFO - [services.py:1056] - [HTTP] /memory - Status: 200 - Time: 0.002s
2025-11-01 19:53:35,849 - services - INFO - [services.py:1051] - [HTTP] GET /health from 127.0.0.1
2025-11-01 19:53:35,851 - services - INFO - [services.py:1056] - [HTTP] /health - Status: 200 - Time: 0.002s
2025-11-01 19:53:36,846 - services - INFO - [services.py:1051] - [HTTP] GET /memory from 127.0.0.1
2025-11-01 19:53:36,848 - services - INFO - [services.py:1056] - [HTTP] /memory - Status: 200 - Time: 0.002s
2025-11-01 19:53:46,847 - services - INFO - [services.py:1051] - [HTTP] GET /memory from 127.0.0.1
2025-11-01 19:53:46,849 - services - INFO - [services.py:1056] - [HTTP] /memory - Status: 200 - Time: 0.002s
2025-11-01 19:53:56,850 - services - INFO - [services.py:1051] - [HTTP] GET /memory from 127.0.0.1
2025-11-01 19:53:56,852 - services - INFO - [services.py:1056] - [HTTP] /memory - Status: 200 - Time: 0.003s
2025-11-01 19:54:05,857 - services - INFO - [services.py:1051] - [HTTP] GET /health from 127.0.0.1
2025-11-01 19:54:05,858 - services - INFO - [services.py:1056] - [HTTP] /health - Status: 200 - Time: 0.001s
2025-11-01 19:54:06,850 - services - INFO - [services.py:1051] - [HTTP] GET /memory from 127.0.0.1
2025-11-01 19:54:06,852 - services - INFO - [services.py:1056] - [HTTP] /memory - Status: 200 - Time: 0.001s
2025-11-01 19:54:16,848 - services - INFO - [services.py:1051] - [HTTP] GET /memory from 127.0.0.1
2025-11-01 19:54:16,851 - services - INFO - [services.py:1056] - [HTTP] /memory - Status: 200 - Time: 0.003s
2025-11-01 19:54:26,844 - services - INFO - [services.py:1051] - [HTTP] GET /memory from 127.0.0.1
2025-11-01 19:54:26,846 - services - INFO - [services.py:1056] - [HTTP] /memory - Status: 200 - Time: 0.002s
2025-11-01 19:54:35,919 - services - INFO - [services.py:1051] - [HTTP] GET /health from 127.0.0.1
2025-11-01 19:54:35,920 - services - INFO - [services.py:1056] - [HTTP] /health - Status: 200 - Time: 0.002s
2025-11-01 19:54:36,933 - services - INFO - [services.py:1051] - [HTTP] GET /memory from 127.0.0.1
2025-11-01 19:54:36,936 - services - INFO - [services.py:1056] - [HTTP] /memory - Status: 200 - Time: 0.002s
2025-11-01 19:54:46,916 - services - INFO - [services.py:1051] - [HTTP] GET /memory from 127.0.0.1
2025-11-01 19:54:46,918 - services - INFO - [services.py:1056] - [HTTP] /memory - Status: 200 - Time: 0.002s
2025-11-01 19:54:56,913 - services - INFO - [services.py:1051] - [HTTP] GET /memory from 127.0.0.1
2025-11-01 19:54:56,915 - services - INFO - [services.py:1056] - [HTTP] /memory - Status: 200 - Time: 0.002s
2025-11-01 19:55:06,138 - services - INFO - [services.py:1051] - [HTTP] GET /health from 127.0.0.1
2025-11-01 19:55:06,141 - services - INFO - [services.py:1056] - [HTTP] /health - Status: 200 - Time: 0.002s
2025-11-01 19:55:07,140 - services - INFO - [services.py:1051] - [HTTP] GET /memory from 127.0.0.1
2025-11-01 19:55:07,142 - services - INFO - [services.py:1056] - [HTTP] /memory - Status: 200 - Time: 0.002s
2025-11-01 19:55:17,163 - services - INFO - [services.py:1051] - [HTTP] GET /memory from 127.0.0.1
2025-11-01 19:55:17,166 - services - INFO - [services.py:1056] - [HTTP] /memory - Status: 200 - Time: 0.003s
2025-11-01 19:55:27,256 - services - INFO - [services.py:1051] - [HTTP] GET /memory from 127.0.0.1
2025-11-01 19:55:27,257 - services - INFO - [services.py:1056] - [HTTP] /memory - Status: 200 - Time: 0.002s
2025-11-01 19:55:36,397 - services - INFO - [services.py:1051] - [HTTP] GET /health from 127.0.0.1
2025-11-01 19:55:36,398 - services - INFO - [services.py:1056] - [HTTP] /health - Status: 200 - Time: 0.001s
2025-11-01 19:55:37,346 - services - INFO - [services.py:1051] - [HTTP] GET /memory from 127.0.0.1
2025-11-01 19:55:37,348 - services - INFO - [services.py:1056] - [HTTP] /memory - Status: 200 - Time: 0.002s
2025-11-01 19:55:47,348 - services - INFO - [services.py:1051] - [HTTP] GET /memory from 127.0.0.1
2025-11-01 19:55:47,350 - services - INFO - [services.py:1056] - [HTTP] /memory - Status: 200 - Time: 0.002s
2025-11-01 19:55:57,396 - services - INFO - [services.py:1051] - [HTTP] GET /memory from 127.0.0.1
2025-11-01 19:55:57,399 - services - INFO - [services.py:1056] - [HTTP] /memory - Status: 200 - Time: 0.002s
2025-11-01 19:56:06,351 - services - INFO - [services.py:1051] - [HTTP] GET /health from 127.0.0.1
2025-11-01 19:56:06,352 - services - INFO - [services.py:1056] - [HTTP] /health - Status: 200 - Time: 0.002s
2025-11-01 19:56:07,439 - services - INFO - [services.py:1051] - [HTTP] GET /memory from 127.0.0.1
2025-11-01 19:56:07,441 - services - INFO - [services.py:1056] - [HTTP] /memory - Status: 200 - Time: 0.002s
2025-11-01 19:56:17,349 - services - INFO - [services.py:1051] - [HTTP] GET /memory from 127.0.0.1
2025-11-01 19:56:17,351 - services - INFO - [services.py:1056] - [HTTP] /memory - Status: 200 - Time: 0.002s
2025-11-01 19:56:27,343 - services - INFO - [services.py:1051] - [HTTP] GET /memory from 127.0.0.1
2025-11-01 19:56:27,345 - services - INFO - [services.py:1056] - [HTTP] /memory - Status: 200 - Time: 0.002s
2025-11-01 19:56:36,397 - services - INFO - [services.py:1051] - [HTTP] GET /health from 127.0.0.1
2025-11-01 19:56:36,399 - services - INFO - [services.py:1056] - [HTTP] /health - Status: 200 - Time: 0.002s
2025-11-01 19:56:37,389 - services - INFO - [services.py:1051] - [HTTP] GET /memory from 127.0.0.1
2025-11-01 19:56:37,391 - services - INFO - [services.py:1056] - [HTTP] /memory - Status: 200 - Time: 0.002s
2025-11-01 19:56:47,356 - services - INFO - [services.py:1051] - [HTTP] GET /memory from 127.0.0.1
2025-11-01 19:56:47,358 - services - INFO - [services.py:1056] - [HTTP] /memory - Status: 200 - Time: 0.001s
2025-11-01 19:56:57,357 - services - INFO - [services.py:1051] - [HTTP] GET /memory from 127.0.0.1
2025-11-01 19:56:57,359 - services - INFO - [services.py:1056] - [HTTP] /memory - Status: 200 - Time: 0.002s
2025-11-01 19:57:06,394 - services - INFO - [services.py:1051] - [HTTP] GET /health from 127.0.0.1
2025-11-01 19:57:06,396 - services - INFO - [services.py:1056] - [HTTP] /health - Status: 200 - Time: 0.002s
2025-11-01 19:57:07,357 - services - INFO - [services.py:1051] - [HTTP] GET /memory from 127.0.0.1
2025-11-01 19:57:07,359 - services - INFO - [services.py:1056] - [HTTP] /memory - Status: 200 - Time: 0.002s
2025-11-01 19:57:17,361 - services - INFO - [services.py:1051] - [HTTP] GET /memory from 127.0.0.1
2025-11-01 19:57:17,363 - services - INFO - [services.py:1056] - [HTTP] /memory - Status: 200 - Time: 0.002s
2025-11-01 19:57:27,487 - services - INFO - [services.py:1051] - [HTTP] GET /memory from 127.0.0.1
2025-11-01 19:57:27,489 - services - INFO - [services.py:1056] - [HTTP] /memory - Status: 200 - Time: 0.002s
2025-11-01 19:57:36,537 - services - INFO - [services.py:1051] - [HTTP] GET /health from 127.0.0.1
2025-11-01 19:57:36,538 - services - INFO - [services.py:1056] - [HTTP] /health - Status: 200 - Time: 0.001s
2025-11-01 19:57:37,457 - services - INFO - [services.py:1051] - [HTTP] GET /memory from 127.0.0.1
2025-11-01 19:57:37,459 - services - INFO - [services.py:1056] - [HTTP] /memory - Status: 200 - Time: 0.002s
2025-11-01 19:57:47,443 - services - INFO - [services.py:1051] - [HTTP] GET /memory from 127.0.0.1
2025-11-01 19:57:47,445 - services - INFO - [services.py:1056] - [HTTP] /memory - Status: 200 - Time: 0.002s
2025-11-01 19:57:57,437 - services - INFO - [services.py:1051] - [HTTP] GET /memory from 127.0.0.1
2025-11-01 19:57:57,440 - services - INFO - [services.py:1056] - [HTTP] /memory - Status: 200 - Time: 0.003s
2025-11-01 19:58:06,421 - services - INFO - [services.py:1051] - [HTTP] GET /health from 127.0.0.1
2025-11-01 19:58:06,422 - services - INFO - [services.py:1056] - [HTTP] /health - Status: 200 - Time: 0.001s
2025-11-01 19:58:07,453 - services - INFO - [services.py:1051] - [HTTP] GET /memory from 127.0.0.1
2025-11-01 19:58:07,455 - services - INFO - [services.py:1056] - [HTTP] /memory - Status: 200 - Time: 0.002s
2025-11-01 19:58:17,443 - services - INFO - [services.py:1051] - [HTTP] GET /memory from 127.0.0.1
2025-11-01 19:58:17,445 - services - INFO - [services.py:1056] - [HTTP] /memory - Status: 200 - Time: 0.002s
2025-11-01 19:58:27,439 - services - INFO - [services.py:1051] - [HTTP] GET /memory from 127.0.0.1
2025-11-01 19:58:27,441 - services - INFO - [services.py:1056] - [HTTP] /memory - Status: 200 - Time: 0.002s
2025-11-01 19:58:36,437 - services - INFO - [services.py:1051] - [HTTP] GET /health from 127.0.0.1
2025-11-01 19:58:36,438 - services - INFO - [services.py:1056] - [HTTP] /health - Status: 200 - Time: 0.001s
2025-11-01 19:58:37,444 - services - INFO - [services.py:1051] - [HTTP] GET /memory from 127.0.0.1
2025-11-01 19:58:37,446 - services - INFO - [services.py:1056] - [HTTP] /memory - Status: 200 - Time: 0.002s
2025-11-01 19:58:47,442 - services - INFO - [services.py:1051] - [HTTP] GET /memory from 127.0.0.1
2025-11-01 19:58:47,443 - services - INFO - [services.py:1056] - [HTTP] /memory - Status: 200 - Time: 0.002s
2025-11-01 19:58:57,437 - services - INFO - [services.py:1051] - [HTTP] GET /memory from 127.0.0.1
2025-11-01 19:58:57,439 - services - INFO - [services.py:1056] - [HTTP] /memory - Status: 200 - Time: 0.002s
2025-11-01 19:59:06,415 - services - INFO - [services.py:1051] - [HTTP] GET /health from 127.0.0.1
2025-11-01 19:59:06,417 - services - INFO - [services.py:1056] - [HTTP] /health - Status: 200 - Time: 0.002s
2025-11-01 19:59:07,448 - services - INFO - [services.py:1051] - [HTTP] GET /memory from 127.0.0.1
2025-11-01 19:59:07,450 - services - INFO - [services.py:1056] - [HTTP] /memory - Status: 200 - Time: 0.002s
2025-11-01 19:59:17,439 - services - INFO - [services.py:1051] - [HTTP] GET /memory from 127.0.0.1
2025-11-01 19:59:17,441 - services - INFO - [services.py:1056] - [HTTP] /memory - Status: 200 - Time: 0.002s
2025-11-01 19:59:27,534 - services - INFO - [services.py:1051] - [HTTP] GET /memory from 127.0.0.1
2025-11-01 19:59:27,536 - services - INFO - [services.py:1056] - [HTTP] /memory - Status: 200 - Time: 0.002s
2025-11-01 19:59:36,522 - services - INFO - [services.py:1051] - [HTTP] GET /health from 127.0.0.1
2025-11-01 19:59:36,523 - services - INFO - [services.py:1056] - [HTTP] /health - Status: 200 - Time: 0.001s
2025-11-01 19:59:37,537 - services - INFO - [services.py:1051] - [HTTP] GET /memory from 127.0.0.1
2025-11-01 19:59:37,539 - services - INFO - [services.py:1056] - [HTTP] /memory - Status: 200 - Time: 0.002s
2025-11-01 19:59:47,529 - services - INFO - [services.py:1051] - [HTTP] GET /memory from 127.0.0.1
2025-11-01 19:59:47,531 - services - INFO - [services.py:1056] - [HTTP] /memory - Status: 200 - Time: 0.002s
2025-11-01 19:59:57,530 - services - INFO - [services.py:1051] - [HTTP] GET /memory from 127.0.0.1
2025-11-01 19:59:57,532 - services - INFO - [services.py:1056] - [HTTP] /memory - Status: 200 - Time: 0.002s
2025-11-01 20:00:06,512 - services - INFO - [services.py:1051] - [HTTP] GET /health from 127.0.0.1
2025-11-01 20:00:06,513 - services - INFO - [services.py:1056] - [HTTP] /health - Status: 200 - Time: 0.001s
2025-11-01 20:00:07,569 - services - INFO - [services.py:1051] - [HTTP] GET /memory from 127.0.0.1
2025-11-01 20:00:07,571 - services - INFO - [services.py:1056] - [HTTP] /memory - Status: 200 - Time: 0.002s
2025-11-01 20:00:17,533 - services - INFO - [services.py:1051] - [HTTP] GET /memory from 127.0.0.1
2025-11-01 20:00:17,535 - services - INFO - [services.py:1056] - [HTTP] /memory - Status: 200 - Time: 0.002s
2025-11-01 20:00:27,540 - services - INFO - [services.py:1051] - [HTTP] GET /memory from 127.0.0.1
2025-11-01 20:00:27,541 - services - INFO - [services.py:1056] - [HTTP] /memory - Status: 200 - Time: 0.002s
2025-11-01 20:00:36,552 - services - INFO - [services.py:1051] - [HTTP] GET /health from 127.0.0.1
2025-11-01 20:00:36,553 - services - INFO - [services.py:1056] - [HTTP] /health - Status: 200 - Time: 0.001s
2025-11-01 20:00:37,584 - services - INFO - [services.py:1051] - [HTTP] GET /memory from 127.0.0.1
2025-11-01 20:00:37,586 - services - INFO - [services.py:1056] - [HTTP] /memory - Status: 200 - Time: 0.002s
2025-11-01 20:00:47,548 - services - INFO - [services.py:1051] - [HTTP] GET /memory from 127.0.0.1
2025-11-01 20:00:47,551 - services - INFO - [services.py:1056] - [HTTP] /memory - Status: 200 - Time: 0.003s
2025-11-01 20:00:57,572 - services - INFO - [services.py:1051] - [HTTP] GET /memory from 127.0.0.1
2025-11-01 20:00:57,574 - services - INFO - [services.py:1056] - [HTTP] /memory - Status: 200 - Time: 0.002s
2025-11-01 20:01:07,963 - services - INFO - [services.py:1051] - [HTTP] GET /memory from 127.0.0.1
2025-11-01 20:01:07,965 - services - INFO - [services.py:1056] - [HTTP] /memory - Status: 200 - Time: 0.001s
2025-11-01 20:01:09,433 - services - INFO - [services.py:1051] - [HTTP] GET /health from 127.0.0.1
2025-11-01 20:01:09,435 - services - INFO - [services.py:1056] - [HTTP] /health - Status: 200 - Time: 0.002s
2025-11-01 20:01:17,857 - services - INFO - [services.py:1051] - [HTTP] GET /memory from 127.0.0.1
2025-11-01 20:01:17,859 - services - INFO - [services.py:1056] - [HTTP] /memory - Status: 200 - Time: 0.002s
2025-11-01 20:01:28,076 - services - INFO - [services.py:1051] - [HTTP] GET /memory from 127.0.0.1
2025-11-01 20:01:28,080 - services - INFO - [services.py:1056] - [HTTP] /memory - Status: 200 - Time: 0.004s
2025-11-01 20:01:36,779 - services - INFO - [services.py:1051] - [HTTP] GET /health from 127.0.0.1
2025-11-01 20:01:36,781 - services - INFO - [services.py:1056] - [HTTP] /health - Status: 200 - Time: 0.002s
2025-11-01 20:01:37,789 - services - INFO - [services.py:1051] - [HTTP] GET /memory from 127.0.0.1
2025-11-01 20:01:37,791 - services - INFO - [services.py:1056] - [HTTP] /memory - Status: 200 - Time: 0.002s
2025-11-01 20:01:47,786 - services - INFO - [services.py:1051] - [HTTP] GET /memory from 127.0.0.1
2025-11-01 20:01:47,788 - services - INFO - [services.py:1056] - [HTTP] /memory - Status: 200 - Time: 0.002s
2025-11-01 20:01:57,800 - services - INFO - [services.py:1051] - [HTTP] GET /memory from 127.0.0.1
2025-11-01 20:01:57,803 - services - INFO - [services.py:1056] - [HTTP] /memory - Status: 200 - Time: 0.003s
2025-11-01 20:02:06,776 - services - INFO - [services.py:1051] - [HTTP] GET /health from 127.0.0.1
2025-11-01 20:02:06,778 - services - INFO - [services.py:1056] - [HTTP] /health - Status: 200 - Time: 0.002s
2025-11-01 20:02:07,772 - services - INFO - [services.py:1051] - [HTTP] GET /memory from 127.0.0.1
2025-11-01 20:02:07,773 - services - INFO - [services.py:1056] - [HTTP] /memory - Status: 200 - Time: 0.002s
2025-11-01 20:02:17,881 - services - INFO - [services.py:1051] - [HTTP] GET /memory from 127.0.0.1
2025-11-01 20:02:17,883 - services - INFO - [services.py:1056] - [HTTP] /memory - Status: 200 - Time: 0.002s
2025-11-01 20:02:27,813 - services - INFO - [services.py:1051] - [HTTP] GET /memory from 127.0.0.1
2025-11-01 20:02:27,815 - services - INFO - [services.py:1056] - [HTTP] /memory - Status: 200 - Time: 0.002s
2025-11-01 20:02:36,884 - services - INFO - [services.py:1051] - [HTTP] GET /health from 127.0.0.1
2025-11-01 20:02:36,886 - services - INFO - [services.py:1056] - [HTTP] /health - Status: 200 - Time: 0.002s
2025-11-01 20:02:37,888 - services - INFO - [services.py:1051] - [HTTP] GET /memory from 127.0.0.1
2025-11-01 20:02:37,890 - services - INFO - [services.py:1056] - [HTTP] /memory - Status: 200 - Time: 0.002s
2025-11-01 20:02:47,888 - services - INFO - [services.py:1051] - [HTTP] GET /memory from 127.0.0.1
2025-11-01 20:02:47,890 - services - INFO - [services.py:1056] - [HTTP] /memory - Status: 200 - Time: 0.002s
2025-11-01 20:02:57,891 - services - INFO - [services.py:1051] - [HTTP] GET /memory from 127.0.0.1
2025-11-01 20:02:57,893 - services - INFO - [services.py:1056] - [HTTP] /memory - Status: 200 - Time: 0.002s
2025-11-01 20:03:07,307 - services - INFO - [services.py:1051] - [HTTP] GET /health from 127.0.0.1
2025-11-01 20:03:07,309 - services - INFO - [services.py:1056] - [HTTP] /health - Status: 200 - Time: 0.002s
2025-11-01 20:03:08,354 - services - INFO - [services.py:1051] - [HTTP] GET /memory from 127.0.0.1
2025-11-01 20:03:08,356 - services - INFO - [services.py:1056] - [HTTP] /memory - Status: 200 - Time: 0.002s
2025-11-01 20:03:18,309 - services - INFO - [services.py:1051] - [HTTP] GET /memory from 127.0.0.1
2025-11-01 20:03:18,311 - services - INFO - [services.py:1056] - [HTTP] /memory - Status: 200 - Time: 0.002s
2025-11-01 20:03:28,398 - services - INFO - [services.py:1051] - [HTTP] GET /memory from 127.0.0.1
2025-11-01 20:03:28,402 - services - INFO - [services.py:1056] - [HTTP] /memory - Status: 200 - Time: 0.004s
2025-11-01 20:03:37,379 - services - INFO - [services.py:1051] - [HTTP] GET /health from 127.0.0.1
2025-11-01 20:03:37,380 - services - INFO - [services.py:1056] - [HTTP] /health - Status: 200 - Time: 0.001s
2025-11-01 20:03:38,401 - services - INFO - [services.py:1051] - [HTTP] GET /memory from 127.0.0.1
2025-11-01 20:03:38,403 - services - INFO - [services.py:1056] - [HTTP] /memory - Status: 200 - Time: 0.002s
2025-11-01 20:03:48,391 - services - INFO - [services.py:1051] - [HTTP] GET /memory from 127.0.0.1
2025-11-01 20:03:48,393 - services - INFO - [services.py:1056] - [HTTP] /memory - Status: 200 - Time: 0.002s
2025-11-01 20:03:58,383 - services - INFO - [services.py:1051] - [HTTP] GET /memory from 127.0.0.1
2025-11-01 20:03:58,385 - services - INFO - [services.py:1056] - [HTTP] /memory - Status: 200 - Time: 0.002s
2025-11-01 20:04:07,386 - services - INFO - [services.py:1051] - [HTTP] GET /health from 127.0.0.1
2025-11-01 20:04:07,388 - services - INFO - [services.py:1056] - [HTTP] /health - Status: 200 - Time: 0.002s
2025-11-01 20:04:08,388 - services - INFO - [services.py:1051] - [HTTP] GET /memory from 127.0.0.1
2025-11-01 20:04:08,391 - services - INFO - [services.py:1056] - [HTTP] /memory - Status: 200 - Time: 0.002s
2025-11-01 20:04:18,394 - services - INFO - [services.py:1051] - [HTTP] GET /memory from 127.0.0.1
2025-11-01 20:04:18,397 - services - INFO - [services.py:1056] - [HTTP] /memory - Status: 200 - Time: 0.002s
2025-11-01 20:04:28,392 - services - INFO - [services.py:1051] - [HTTP] GET /memory from 127.0.0.1
2025-11-01 20:04:28,394 - services - INFO - [services.py:1056] - [HTTP] /memory - Status: 200 - Time: 0.002s
2025-11-01 20:04:37,438 - services - INFO - [services.py:1051] - [HTTP] GET /health from 127.0.0.1
2025-11-01 20:04:37,440 - services - INFO - [services.py:1056] - [HTTP] /health - Status: 200 - Time: 0.002s
2025-11-01 20:04:38,399 - services - INFO - [services.py:1051] - [HTTP] GET /memory from 127.0.0.1
2025-11-01 20:04:38,401 - services - INFO - [services.py:1056] - [HTTP] /memory - Status: 200 - Time: 0.002s
2025-11-01 20:04:48,403 - services - INFO - [services.py:1051] - [HTTP] GET /memory from 127.0.0.1
2025-11-01 20:04:48,405 - services - INFO - [services.py:1056] - [HTTP] /memory - Status: 200 - Time: 0.002s
2025-11-01 20:04:58,385 - services - INFO - [services.py:1051] - [HTTP] GET /memory from 127.0.0.1
2025-11-01 20:04:58,387 - services - INFO - [services.py:1056] - [HTTP] /memory - Status: 200 - Time: 0.002s
2025-11-01 20:05:07,382 - services - INFO - [services.py:1051] - [HTTP] GET /health from 127.0.0.1
2025-11-01 20:05:07,383 - services - INFO - [services.py:1056] - [HTTP] /health - Status: 200 - Time: 0.001s
2025-11-01 20:05:08,399 - services - INFO - [services.py:1051] - [HTTP] GET /memory from 127.0.0.1
2025-11-01 20:05:08,403 - services - INFO - [services.py:1056] - [HTTP] /memory - Status: 200 - Time: 0.003s
2025-11-01 20:05:18,444 - services - INFO - [services.py:1051] - [HTTP] GET /memory from 127.0.0.1
2025-11-01 20:05:18,446 - services - INFO - [services.py:1056] - [HTTP] /memory - Status: 200 - Time: 0.002s
2025-11-01 20:05:28,492 - services - INFO - [services.py:1051] - [HTTP] GET /memory from 127.0.0.1
2025-11-01 20:05:28,494 - services - INFO - [services.py:1056] - [HTTP] /memory - Status: 200 - Time: 0.002s
2025-11-01 20:05:37,472 - services - INFO - [services.py:1051] - [HTTP] GET /health from 127.0.0.1
2025-11-01 20:05:37,473 - services - INFO - [services.py:1056] - [HTTP] /health - Status: 200 - Time: 0.002s
2025-11-01 20:05:38,475 - services - INFO - [services.py:1051] - [HTTP] GET /memory from 127.0.0.1
2025-11-01 20:05:38,478 - services - INFO - [services.py:1056] - [HTTP] /memory - Status: 200 - Time: 0.002s
2025-11-01 20:05:48,500 - services - INFO - [services.py:1051] - [HTTP] GET /memory from 127.0.0.1
2025-11-01 20:05:48,502 - services - INFO - [services.py:1056] - [HTTP] /memory - Status: 200 - Time: 0.002s
2025-11-01 20:05:58,477 - services - INFO - [services.py:1051] - [HTTP] GET /memory from 127.0.0.1
2025-11-01 20:05:58,480 - services - INFO - [services.py:1056] - [HTTP] /memory - Status: 200 - Time: 0.002s
2025-11-01 20:06:07,458 - services - INFO - [services.py:1051] - [HTTP] GET /health from 127.0.0.1
2025-11-01 20:06:07,460 - services - INFO - [services.py:1056] - [HTTP] /health - Status: 200 - Time: 0.001s
2025-11-01 20:06:08,480 - services - INFO - [services.py:1051] - [HTTP] GET /memory from 127.0.0.1
2025-11-01 20:06:08,482 - services - INFO - [services.py:1056] - [HTTP] /memory - Status: 200 - Time: 0.002s
2025-11-01 20:06:18,572 - services - INFO - [services.py:1051] - [HTTP] GET /memory from 127.0.0.1
2025-11-01 20:06:18,574 - services - INFO - [services.py:1056] - [HTTP] /memory - Status: 200 - Time: 0.002s
2025-11-01 20:06:28,491 - services - INFO - [services.py:1051] - [HTTP] GET /memory from 127.0.0.1
2025-11-01 20:06:28,493 - services - INFO - [services.py:1056] - [HTTP] /memory - Status: 200 - Time: 0.002s
2025-11-01 20:06:37,577 - services - INFO - [services.py:1051] - [HTTP] GET /health from 127.0.0.1
2025-11-01 20:06:37,578 - services - INFO - [services.py:1056] - [HTTP] /health - Status: 200 - Time: 0.001s
2025-11-01 20:06:38,547 - services - INFO - [services.py:1051] - [HTTP] GET /memory from 127.0.0.1
2025-11-01 20:06:38,549 - services - INFO - [services.py:1056] - [HTTP] /memory - Status: 200 - Time: 0.002s
2025-11-01 20:06:48,553 - services - INFO - [services.py:1051] - [HTTP] GET /memory from 127.0.0.1
2025-11-01 20:06:48,555 - services - INFO - [services.py:1056] - [HTTP] /memory - Status: 200 - Time: 0.002s
2025-11-01 20:06:58,580 - services - INFO - [services.py:1051] - [HTTP] GET /memory from 127.0.0.1
2025-11-01 20:06:58,584 - services - INFO - [services.py:1056] - [HTTP] /memory - Status: 200 - Time: 0.004s
2025-11-01 20:07:07,642 - services - INFO - [services.py:1051] - [HTTP] GET /health from 127.0.0.1
2025-11-01 20:07:07,644 - services - INFO - [services.py:1056] - [HTTP] /health - Status: 200 - Time: 0.001s
2025-11-01 20:07:08,557 - services - INFO - [services.py:1051] - [HTTP] GET /memory from 127.0.0.1
2025-11-01 20:07:08,558 - services - INFO - [services.py:1056] - [HTTP] /memory - Status: 200 - Time: 0.002s
2025-11-01 20:07:18,557 - services - INFO - [services.py:1051] - [HTTP] GET /memory from 127.0.0.1
2025-11-01 20:07:18,558 - services - INFO - [services.py:1056] - [HTTP] /memory - Status: 200 - Time: 0.002s
2025-11-01 20:07:28,652 - services - INFO - [services.py:1051] - [HTTP] GET /memory from 127.0.0.1
2025-11-01 20:07:28,654 - services - INFO - [services.py:1056] - [HTTP] /memory - Status: 200 - Time: 0.002s
2025-11-01 20:07:37,694 - services - INFO - [services.py:1051] - [HTTP] GET /health from 127.0.0.1
2025-11-01 20:07:37,696 - services - INFO - [services.py:1056] - [HTTP] /health - Status: 200 - Time: 0.002s
2025-11-01 20:07:38,665 - services - INFO - [services.py:1051] - [HTTP] GET /memory from 127.0.0.1
2025-11-01 20:07:38,667 - services - INFO - [services.py:1056] - [HTTP] /memory - Status: 200 - Time: 0.002s
2025-11-01 20:07:48,655 - services - INFO - [services.py:1051] - [HTTP] GET /memory from 127.0.0.1
2025-11-01 20:07:48,657 - services - INFO - [services.py:1056] - [HTTP] /memory - Status: 200 - Time: 0.002s
2025-11-01 20:07:58,657 - services - INFO - [services.py:1051] - [HTTP] GET /memory from 127.0.0.1
2025-11-01 20:07:58,659 - services - INFO - [services.py:1056] - [HTTP] /memory - Status: 200 - Time: 0.001s
2025-11-01 20:08:07,630 - services - INFO - [services.py:1051] - [HTTP] GET /health from 127.0.0.1
2025-11-01 20:08:07,631 - services - INFO - [services.py:1056] - [HTTP] /health - Status: 200 - Time: 0.001s
2025-11-01 20:08:08,647 - services - INFO - [services.py:1051] - [HTTP] GET /memory from 127.0.0.1
2025-11-01 20:08:08,650 - services - INFO - [services.py:1056] - [HTTP] /memory - Status: 200 - Time: 0.002s
2025-11-01 20:08:18,669 - services - INFO - [services.py:1051] - [HTTP] GET /memory from 127.0.0.1
2025-11-01 20:08:18,671 - services - INFO - [services.py:1056] - [HTTP] /memory - Status: 200 - Time: 0.002s
2025-11-01 20:08:28,655 - services - INFO - [services.py:1051] - [HTTP] GET /memory from 127.0.0.1
2025-11-01 20:08:28,658 - services - INFO - [services.py:1056] - [HTTP] /memory - Status: 200 - Time: 0.003s
2025-11-01 20:08:37,637 - services - INFO - [services.py:1051] - [HTTP] GET /health from 127.0.0.1
2025-11-01 20:08:37,639 - services - INFO - [services.py:1056] - [HTTP] /health - Status: 200 - Time: 0.002s
2025-11-01 20:08:38,803 - services - INFO - [services.py:1051] - [HTTP] GET /memory from 127.0.0.1
2025-11-01 20:08:38,804 - services - INFO - [services.py:1056] - [HTTP] /memory - Status: 200 - Time: 0.002s
2025-11-01 20:08:48,697 - services - INFO - [services.py:1051] - [HTTP] GET /memory from 127.0.0.1
2025-11-01 20:08:48,698 - services - INFO - [services.py:1056] - [HTTP] /memory - Status: 200 - Time: 0.002s
2025-11-01 20:08:58,753 - services - INFO - [services.py:1051] - [HTTP] GET /memory from 127.0.0.1
2025-11-01 20:08:58,756 - services - INFO - [services.py:1056] - [HTTP] /memory - Status: 200 - Time: 0.003s
2025-11-01 20:09:07,642 - services - INFO - [services.py:1051] - [HTTP] GET /health from 127.0.0.1
2025-11-01 20:09:07,642 - services - INFO - [services.py:1056] - [HTTP] /health - Status: 200 - Time: 0.001s
2025-11-01 20:09:08,701 - services - INFO - [services.py:1051] - [HTTP] GET /memory from 127.0.0.1
2025-11-01 20:09:08,702 - services - INFO - [services.py:1056] - [HTTP] /memory - Status: 200 - Time: 0.001s
2025-11-01 20:09:18,651 - services - INFO - [services.py:1051] - [HTTP] GET /memory from 127.0.0.1
2025-11-01 20:09:18,653 - services - INFO - [services.py:1056] - [HTTP] /memory - Status: 200 - Time: 0.002s
2025-11-01 20:09:28,744 - services - INFO - [services.py:1051] - [HTTP] GET /memory from 127.0.0.1
2025-11-01 20:09:28,745 - services - INFO - [services.py:1056] - [HTTP] /memory - Status: 200 - Time: 0.002s
2025-11-01 20:09:37,728 - services - INFO - [services.py:1051] - [HTTP] GET /health from 127.0.0.1
2025-11-01 20:09:37,729 - services - INFO - [services.py:1056] - [HTTP] /health - Status: 200 - Time: 0.002s
2025-11-01 20:09:38,746 - services - INFO - [services.py:1051] - [HTTP] GET /memory from 127.0.0.1
2025-11-01 20:09:38,748 - services - INFO - [services.py:1056] - [HTTP] /memory - Status: 200 - Time: 0.002s
2025-11-01 20:09:48,799 - services - INFO - [services.py:1051] - [HTTP] GET /memory from 127.0.0.1
2025-11-01 20:09:48,802 - services - INFO - [services.py:1056] - [HTTP] /memory - Status: 200 - Time: 0.002s
2025-11-01 20:09:58,782 - services - INFO - [services.py:1051] - [HTTP] GET /memory from 127.0.0.1
2025-11-01 20:09:58,783 - services - INFO - [services.py:1056] - [HTTP] /memory - Status: 200 - Time: 0.002s
2025-11-01 20:10:07,743 - services - INFO - [services.py:1051] - [HTTP] GET /health from 127.0.0.1
2025-11-01 20:10:07,745 - services - INFO - [services.py:1056] - [HTTP] /health - Status: 200 - Time: 0.002s
2025-11-01 20:10:08,744 - services - INFO - [services.py:1051] - [HTTP] GET /memory from 127.0.0.1
2025-11-01 20:10:08,745 - services - INFO - [services.py:1056] - [HTTP] /memory - Status: 200 - Time: 0.002s
2025-11-01 20:10:18,748 - services - INFO - [services.py:1051] - [HTTP] GET /memory from 127.0.0.1
2025-11-01 20:10:18,750 - services - INFO - [services.py:1056] - [HTTP] /memory - Status: 200 - Time: 0.002s
2025-11-01 20:10:28,747 - services - INFO - [services.py:1051] - [HTTP] GET /memory from 127.0.0.1
2025-11-01 20:10:28,749 - services - INFO - [services.py:1056] - [HTTP] /memory - Status: 200 - Time: 0.002s
2025-11-01 20:10:37,803 - services - INFO - [services.py:1051] - [HTTP] GET /health from 127.0.0.1
2025-11-01 20:10:37,803 - services - INFO - [services.py:1056] - [HTTP] /health - Status: 200 - Time: 0.001s
2025-11-01 20:10:38,791 - services - INFO - [services.py:1051] - [HTTP] GET /memory from 127.0.0.1
2025-11-01 20:10:38,793 - services - INFO - [services.py:1056] - [HTTP] /memory - Status: 200 - Time: 0.001s
2025-11-01 20:10:49,375 - services - INFO - [services.py:1051] - [HTTP] GET /memory from 127.0.0.1
2025-11-01 20:10:49,377 - services - INFO - [services.py:1056] - [HTTP] /memory - Status: 200 - Time: 0.002s
2025-11-01 20:10:59,237 - services - INFO - [services.py:1051] - [HTTP] GET /memory from 127.0.0.1
2025-11-01 20:10:59,239 - services - INFO - [services.py:1056] - [HTTP] /memory - Status: 200 - Time: 0.002s
2025-11-01 20:11:07,795 - services - INFO - [services.py:1051] - [HTTP] GET /health from 127.0.0.1
2025-11-01 20:11:07,797 - services - INFO - [services.py:1056] - [HTTP] /health - Status: 200 - Time: 0.002s
2025-11-01 20:11:09,802 - services - INFO - [services.py:1051] - [HTTP] GET /memory from 127.0.0.1
2025-11-01 20:11:09,804 - services - INFO - [services.py:1056] - [HTTP] /memory - Status: 200 - Time: 0.002s
2025-11-01 20:11:19,808 - services - INFO - [services.py:1051] - [HTTP] GET /memory from 127.0.0.1
2025-11-01 20:11:19,809 - services - INFO - [services.py:1056] - [HTTP] /memory - Status: 200 - Time: 0.001s
2025-11-01 20:11:29,914 - services - INFO - [services.py:1051] - [HTTP] GET /memory from 127.0.0.1
2025-11-01 20:11:29,916 - services - INFO - [services.py:1056] - [HTTP] /memory - Status: 200 - Time: 0.002s
2025-11-01 20:11:37,802 - services - INFO - [services.py:1051] - [HTTP] GET /health from 127.0.0.1
2025-11-01 20:11:37,804 - services - INFO - [services.py:1056] - [HTTP] /health - Status: 200 - Time: 0.002s
2025-11-01 20:11:39,885 - services - INFO - [services.py:1051] - [HTTP] GET /memory from 127.0.0.1
2025-11-01 20:11:39,887 - services - INFO - [services.py:1056] - [HTTP] /memory - Status: 200 - Time: 0.002s
2025-11-01 20:11:49,810 - services - INFO - [services.py:1051] - [HTTP] GET /memory from 127.0.0.1
2025-11-01 20:11:49,812 - services - INFO - [services.py:1056] - [HTTP] /memory - Status: 200 - Time: 0.002s
2025-11-01 20:11:59,797 - services - INFO - [services.py:1051] - [HTTP] GET /memory from 127.0.0.1
2025-11-01 20:11:59,798 - services - INFO - [services.py:1056] - [HTTP] /memory - Status: 200 - Time: 0.001s
2025-11-01 20:12:07,808 - services - INFO - [services.py:1051] - [HTTP] GET /health from 127.0.0.1
2025-11-01 20:12:07,808 - services - INFO - [services.py:1056] - [HTTP] /health - Status: 200 - Time: 0.001s
2025-11-01 20:12:09,801 - services - INFO - [services.py:1051] - [HTTP] GET /memory from 127.0.0.1
2025-11-01 20:12:09,803 - services - INFO - [services.py:1056] - [HTTP] /memory - Status: 200 - Time: 0.002s
2025-11-01 20:12:19,797 - services - INFO - [services.py:1051] - [HTTP] GET /memory from 127.0.0.1
2025-11-01 20:12:19,799 - services - INFO - [services.py:1056] - [HTTP] /memory - Status: 200 - Time: 0.002s
2025-11-01 20:12:29,804 - services - INFO - [services.py:1051] - [HTTP] GET /memory from 127.0.0.1
2025-11-01 20:12:29,806 - services - INFO - [services.py:1056] - [HTTP] /memory - Status: 200 - Time: 0.002s
2025-11-01 20:12:38,152 - services - INFO - [services.py:1051] - [HTTP] GET /health from 127.0.0.1
2025-11-01 20:12:38,154 - services - INFO - [services.py:1056] - [HTTP] /health - Status: 200 - Time: 0.002s
2025-11-01 20:12:40,150 - services - INFO - [services.py:1051] - [HTTP] GET /memory from 127.0.0.1
2025-11-01 20:12:40,152 - services - INFO - [services.py:1056] - [HTTP] /memory - Status: 200 - Time: 0.002s
2025-11-01 20:12:50,154 - services - INFO - [services.py:1051] - [HTTP] GET /memory from 127.0.0.1
2025-11-01 20:12:50,156 - services - INFO - [services.py:1056] - [HTTP] /memory - Status: 200 - Time: 0.002s
2025-11-01 20:13:00,165 - services - INFO - [services.py:1051] - [HTTP] GET /memory from 127.0.0.1
2025-11-01 20:13:00,167 - services - INFO - [services.py:1056] - [HTTP] /memory - Status: 200 - Time: 0.002s
2025-11-01 20:13:08,149 - services - INFO - [services.py:1051] - [HTTP] GET /health from 127.0.0.1
2025-11-01 20:13:08,150 - services - INFO - [services.py:1056] - [HTTP] /health - Status: 200 - Time: 0.002s
2025-11-01 20:13:10,154 - services - INFO - [services.py:1051] - [HTTP] GET /memory from 127.0.0.1
2025-11-01 20:13:10,156 - services - INFO - [services.py:1056] - [HTTP] /memory - Status: 200 - Time: 0.002s
2025-11-01 20:13:20,146 - services - INFO - [services.py:1051] - [HTTP] GET /memory from 127.0.0.1
2025-11-01 20:13:20,147 - services - INFO - [services.py:1056] - [HTTP] /memory - Status: 200 - Time: 0.001s
2025-11-01 20:13:30,200 - services - INFO - [services.py:1051] - [HTTP] GET /memory from 127.0.0.1
2025-11-01 20:13:30,201 - services - INFO - [services.py:1056] - [HTTP] /memory - Status: 200 - Time: 0.002s
2025-11-01 20:13:38,632 - services - INFO - [services.py:1051] - [HTTP] GET /health from 127.0.0.1
2025-11-01 20:13:38,634 - services - INFO - [services.py:1056] - [HTTP] /health - Status: 200 - Time: 0.002s
2025-11-01 20:13:40,422 - services - INFO - [services.py:1051] - [HTTP] GET /memory from 127.0.0.1
2025-11-01 20:13:40,424 - services - INFO - [services.py:1056] - [HTTP] /memory - Status: 200 - Time: 0.002s
2025-11-01 20:13:50,659 - services - INFO - [services.py:1051] - [HTTP] GET /memory from 127.0.0.1
2025-11-01 20:13:50,660 - services - INFO - [services.py:1056] - [HTTP] /memory - Status: 200 - Time: 0.002s
2025-11-01 20:14:00,645 - services - INFO - [services.py:1051] - [HTTP] GET /memory from 127.0.0.1
2025-11-01 20:14:00,647 - services - INFO - [services.py:1056] - [HTTP] /memory - Status: 200 - Time: 0.002s
2025-11-01 20:14:08,598 - services - INFO - [services.py:1051] - [HTTP] GET /health from 127.0.0.1
2025-11-01 20:14:08,599 - services - INFO - [services.py:1056] - [HTTP] /health - Status: 200 - Time: 0.001s
2025-11-01 20:14:10,866 - services - INFO - [services.py:1051] - [HTTP] GET /memory from 127.0.0.1
2025-11-01 20:14:10,868 - services - INFO - [services.py:1056] - [HTTP] /memory - Status: 200 - Time: 0.002s
2025-11-01 20:14:20,662 - services - INFO - [services.py:1051] - [HTTP] GET /memory from 127.0.0.1
2025-11-01 20:14:20,663 - services - INFO - [services.py:1056] - [HTTP] /memory - Status: 200 - Time: 0.002s
2025-11-01 20:14:30,645 - services - INFO - [services.py:1051] - [HTTP] GET /memory from 127.0.0.1
2025-11-01 20:14:30,648 - services - INFO - [services.py:1056] - [HTTP] /memory - Status: 200 - Time: 0.002s
2025-11-01 20:14:38,967 - services - INFO - [services.py:1051] - [HTTP] GET /health from 127.0.0.1
2025-11-01 20:14:38,968 - services - INFO - [services.py:1056] - [HTTP] /health - Status: 200 - Time: 0.001s
2025-11-01 20:14:40,970 - services - INFO - [services.py:1051] - [HTTP] GET /memory from 127.0.0.1
2025-11-01 20:14:40,971 - services - INFO - [services.py:1056] - [HTTP] /memory - Status: 200 - Time: 0.001s
2025-11-01 20:14:51,027 - services - INFO - [services.py:1051] - [HTTP] GET /memory from 127.0.0.1
2025-11-01 20:14:51,030 - services - INFO - [services.py:1056] - [HTTP] /memory - Status: 200 - Time: 0.002s
2025-11-01 20:15:00,997 - services - INFO - [services.py:1051] - [HTTP] GET /memory from 127.0.0.1
2025-11-01 20:15:00,999 - services - INFO - [services.py:1056] - [HTTP] /memory - Status: 200 - Time: 0.002s
2025-11-01 20:15:09,189 - services - INFO - [services.py:1051] - [HTTP] GET /health from 127.0.0.1
2025-11-01 20:15:09,190 - services - INFO - [services.py:1056] - [HTTP] /health - Status: 200 - Time: 0.002s
2025-11-01 20:15:10,904 - services - INFO - [services.py:1051] - [HTTP] GET /memory from 127.0.0.1
2025-11-01 20:15:10,906 - services - INFO - [services.py:1056] - [HTTP] /memory - Status: 200 - Time: 0.002s
2025-11-01 20:15:20,972 - services - INFO - [services.py:1051] - [HTTP] GET /memory from 127.0.0.1
2025-11-01 20:15:20,974 - services - INFO - [services.py:1056] - [HTTP] /memory - Status: 200 - Time: 0.002s
2025-11-01 20:15:31,045 - services - INFO - [services.py:1051] - [HTTP] GET /memory from 127.0.0.1
2025-11-01 20:15:31,047 - services - INFO - [services.py:1056] - [HTTP] /memory - Status: 200 - Time: 0.002s
2025-11-01 20:15:39,399 - services - INFO - [services.py:1051] - [HTTP] GET /health from 127.0.0.1
2025-11-01 20:15:39,401 - services - INFO - [services.py:1056] - [HTTP] /health - Status: 200 - Time: 0.001s
2025-11-01 20:15:41,406 - services - INFO - [services.py:1051] - [HTTP] GET /memory from 127.0.0.1
2025-11-01 20:15:41,408 - services - INFO - [services.py:1056] - [HTTP] /memory - Status: 200 - Time: 0.002s
2025-11-01 20:15:51,411 - services - INFO - [services.py:1051] - [HTTP] GET /memory from 127.0.0.1
2025-11-01 20:15:51,413 - services - INFO - [services.py:1056] - [HTTP] /memory - Status: 200 - Time: 0.002s
2025-11-01 20:16:01,469 - services - INFO - [services.py:1051] - [HTTP] GET /memory from 127.0.0.1
2025-11-01 20:16:01,470 - services - INFO - [services.py:1056] - [HTTP] /memory - Status: 200 - Time: 0.002s
2025-11-01 20:16:09,399 - services - INFO - [services.py:1051] - [HTTP] GET /health from 127.0.0.1
2025-11-01 20:16:09,399 - services - INFO - [services.py:1056] - [HTTP] /health - Status: 200 - Time: 0.001s
2025-11-01 20:16:11,407 - services - INFO - [services.py:1051] - [HTTP] GET /memory from 127.0.0.1
2025-11-01 20:16:11,409 - services - INFO - [services.py:1056] - [HTTP] /memory - Status: 200 - Time: 0.002s
2025-11-01 20:16:21,418 - services - INFO - [services.py:1051] - [HTTP] GET /memory from 127.0.0.1
2025-11-01 20:16:21,420 - services - INFO - [services.py:1056] - [HTTP] /memory - Status: 200 - Time: 0.002s
2025-11-01 20:16:31,413 - services - INFO - [services.py:1051] - [HTTP] GET /memory from 127.0.0.1
2025-11-01 20:16:31,415 - services - INFO - [services.py:1056] - [HTTP] /memory - Status: 200 - Time: 0.002s
2025-11-01 20:16:39,404 - services - INFO - [services.py:1051] - [HTTP] GET /health from 127.0.0.1
2025-11-01 20:16:39,406 - services - INFO - [services.py:1056] - [HTTP] /health - Status: 200 - Time: 0.002s
2025-11-01 20:16:41,462 - services - INFO - [services.py:1051] - [HTTP] GET /memory from 127.0.0.1
2025-11-01 20:16:41,464 - services - INFO - [services.py:1056] - [HTTP] /memory - Status: 200 - Time: 0.002s
2025-11-01 20:16:51,415 - services - INFO - [services.py:1051] - [HTTP] GET /memory from 127.0.0.1
2025-11-01 20:16:51,416 - services - INFO - [services.py:1056] - [HTTP] /memory - Status: 200 - Time: 0.002s
2025-11-01 20:17:01,639 - services - INFO - [services.py:1051] - [HTTP] GET /memory from 127.0.0.1
2025-11-01 20:17:01,641 - services - INFO - [services.py:1056] - [HTTP] /memory - Status: 200 - Time: 0.002s
2025-11-01 20:17:09,415 - services - INFO - [services.py:1051] - [HTTP] GET /health from 127.0.0.1
2025-11-01 20:17:09,417 - services - INFO - [services.py:1056] - [HTTP] /health - Status: 200 - Time: 0.002s
2025-11-01 20:17:11,417 - services - INFO - [services.py:1051] - [HTTP] GET /memory from 127.0.0.1
2025-11-01 20:17:11,419 - services - INFO - [services.py:1056] - [HTTP] /memory - Status: 200 - Time: 0.002s
2025-11-01 20:17:21,416 - services - INFO - [services.py:1051] - [HTTP] GET /memory from 127.0.0.1
2025-11-01 20:17:21,418 - services - INFO - [services.py:1056] - [HTTP] /memory - Status: 200 - Time: 0.002s
2025-11-01 20:17:31,423 - services - INFO - [services.py:1051] - [HTTP] GET /memory from 127.0.0.1
2025-11-01 20:17:31,425 - services - INFO - [services.py:1056] - [HTTP] /memory - Status: 200 - Time: 0.001s
2025-11-01 20:17:39,407 - services - INFO - [services.py:1051] - [HTTP] GET /health from 127.0.0.1
2025-11-01 20:17:39,408 - services - INFO - [services.py:1056] - [HTTP] /health - Status: 200 - Time: 0.001s
2025-11-01 20:17:41,418 - services - INFO - [services.py:1051] - [HTTP] GET /memory from 127.0.0.1
2025-11-01 20:17:41,421 - services - INFO - [services.py:1056] - [HTTP] /memory - Status: 200 - Time: 0.003s
2025-11-01 20:17:51,413 - services - INFO - [services.py:1051] - [HTTP] GET /memory from 127.0.0.1
2025-11-01 20:17:51,416 - services - INFO - [services.py:1056] - [HTTP] /memory - Status: 200 - Time: 0.002s
2025-11-01 20:18:01,410 - services - INFO - [services.py:1051] - [HTTP] GET /memory from 127.0.0.1
2025-11-01 20:18:01,411 - services - INFO - [services.py:1056] - [HTTP] /memory - Status: 200 - Time: 0.002s
2025-11-01 20:18:09,432 - services - INFO - [services.py:1051] - [HTTP] GET /health from 127.0.0.1
2025-11-01 20:18:09,434 - services - INFO - [services.py:1056] - [HTTP] /health - Status: 200 - Time: 0.001s
2025-11-01 20:18:11,423 - services - INFO - [services.py:1051] - [HTTP] GET /memory from 127.0.0.1
2025-11-01 20:18:11,424 - services - INFO - [services.py:1056] - [HTTP] /memory - Status: 200 - Time: 0.002s
2025-11-01 20:18:21,419 - services - INFO - [services.py:1051] - [HTTP] GET /memory from 127.0.0.1
2025-11-01 20:18:21,421 - services - INFO - [services.py:1056] - [HTTP] /memory - Status: 200 - Time: 0.001s
2025-11-01 20:18:31,444 - services - INFO - [services.py:1051] - [HTTP] GET /memory from 127.0.0.1
2025-11-01 20:18:31,446 - services - INFO - [services.py:1056] - [HTTP] /memory - Status: 200 - Time: 0.002s
2025-11-01 20:18:39,411 - services - INFO - [services.py:1051] - [HTTP] GET /health from 127.0.0.1
2025-11-01 20:18:39,412 - services - INFO - [services.py:1056] - [HTTP] /health - Status: 200 - Time: 0.001s
2025-11-01 20:18:41,413 - services - INFO - [services.py:1051] - [HTTP] GET /memory from 127.0.0.1
2025-11-01 20:18:41,415 - services - INFO - [services.py:1056] - [HTTP] /memory - Status: 200 - Time: 0.002s
2025-11-01 20:18:51,416 - services - INFO - [services.py:1051] - [HTTP] GET /memory from 127.0.0.1
2025-11-01 20:18:51,417 - services - INFO - [services.py:1056] - [HTTP] /memory - Status: 200 - Time: 0.001s
2025-11-01 20:19:01,777 - services - INFO - [services.py:1051] - [HTTP] GET /memory from 127.0.0.1
2025-11-01 20:19:01,778 - services - INFO - [services.py:1056] - [HTTP] /memory - Status: 200 - Time: 0.001s
2025-11-01 20:19:09,415 - services - INFO - [services.py:1051] - [HTTP] GET /health from 127.0.0.1
2025-11-01 20:19:09,417 - services - INFO - [services.py:1056] - [HTTP] /health - Status: 200 - Time: 0.002s
2025-11-01 20:19:11,774 - services - INFO - [services.py:1051] - [HTTP] GET /memory from 127.0.0.1
2025-11-01 20:19:11,776 - services - INFO - [services.py:1056] - [HTTP] /memory - Status: 200 - Time: 0.002s
2025-11-01 20:19:21,779 - services - INFO - [services.py:1051] - [HTTP] GET /memory from 127.0.0.1
2025-11-01 20:19:21,781 - services - INFO - [services.py:1056] - [HTTP] /memory - Status: 200 - Time: 0.002s
2025-11-01 20:19:31,779 - services - INFO - [services.py:1051] - [HTTP] GET /memory from 127.0.0.1
2025-11-01 20:19:31,781 - services - INFO - [services.py:1056] - [HTTP] /memory - Status: 200 - Time: 0.002s
2025-11-01 20:19:39,711 - services - INFO - [services.py:1051] - [HTTP] GET /health from 127.0.0.1
2025-11-01 20:19:39,712 - services - INFO - [services.py:1056] - [HTTP] /health - Status: 200 - Time: 0.002s
2025-11-01 20:19:41,925 - services - INFO - [services.py:1051] - [HTTP] GET /memory from 127.0.0.1
2025-11-01 20:19:41,927 - services - INFO - [services.py:1056] - [HTTP] /memory - Status: 200 - Time: 0.002s
2025-11-01 20:19:51,884 - services - INFO - [services.py:1051] - [HTTP] GET /memory from 127.0.0.1
2025-11-01 20:19:51,885 - services - INFO - [services.py:1056] - [HTTP] /memory - Status: 200 - Time: 0.002s
2025-11-01 20:20:02,015 - services - INFO - [services.py:1051] - [HTTP] GET /memory from 127.0.0.1
2025-11-01 20:20:02,018 - services - INFO - [services.py:1056] - [HTTP] /memory - Status: 200 - Time: 0.003s
2025-11-01 20:20:09,834 - services - INFO - [services.py:1051] - [HTTP] GET /health from 127.0.0.1
2025-11-01 20:20:09,834 - services - INFO - [services.py:1056] - [HTTP] /health - Status: 200 - Time: 0.001s
2025-11-01 20:20:12,013 - services - INFO - [services.py:1051] - [HTTP] GET /memory from 127.0.0.1
2025-11-01 20:20:12,014 - services - INFO - [services.py:1056] - [HTTP] /memory - Status: 200 - Time: 0.001s
2025-11-01 20:20:22,009 - services - INFO - [services.py:1051] - [HTTP] GET /memory from 127.0.0.1
2025-11-01 20:20:22,011 - services - INFO - [services.py:1056] - [HTTP] /memory - Status: 200 - Time: 0.002s
2025-11-01 20:20:32,249 - services - INFO - [services.py:1051] - [HTTP] GET /memory from 127.0.0.1
2025-11-01 20:20:32,251 - services - INFO - [services.py:1056] - [HTTP] /memory - Status: 200 - Time: 0.002s
2025-11-01 20:20:39,739 - services - INFO - [services.py:1051] - [HTTP] GET /health from 127.0.0.1
2025-11-01 20:20:39,741 - services - INFO - [services.py:1056] - [HTTP] /health - Status: 200 - Time: 0.002s
2025-11-01 20:20:42,286 - services - INFO - [services.py:1051] - [HTTP] GET /memory from 127.0.0.1
2025-11-01 20:20:42,288 - services - INFO - [services.py:1056] - [HTTP] /memory - Status: 200 - Time: 0.002s
2025-11-01 20:20:46,151 - services - INFO - [services.py:1051] - [HTTP] GET /health from 127.0.0.1
2025-11-01 20:20:46,153 - services - INFO - [services.py:1056] - [HTTP] /health - Status: 200 - Time: 0.002s
2025-11-01 20:20:49,730 - services - INFO - [services.py:1051] - [HTTP] GET /languages from 127.0.0.1
2025-11-01 20:20:49,731 - services - INFO - [services.py:1056] - [HTTP] /languages - Status: 200 - Time: 0.001s
2025-11-01 20:20:51,006 - services - INFO - [services.py:1051] - [HTTP] GET /config from 127.0.0.1
2025-11-01 20:20:51,007 - services - INFO - [services.py:1056] - [HTTP] /config - Status: 200 - Time: 0.002s
2025-11-01 20:20:52,117 - services - INFO - [services.py:1051] - [HTTP] GET /config from 127.0.0.1
2025-11-01 20:20:52,119 - services - INFO - [services.py:1056] - [HTTP] /config - Status: 200 - Time: 0.001s
2025-11-01 20:20:52,661 - services - INFO - [services.py:1051] - [HTTP] GET /memory from 127.0.0.1
2025-11-01 20:20:52,662 - services - INFO - [services.py:1056] - [HTTP] /memory - Status: 200 - Time: 0.002s
2025-11-01 20:21:03,046 - services - INFO - [services.py:1051] - [HTTP] GET /memory from 127.0.0.1
2025-11-01 20:21:03,048 - services - INFO - [services.py:1056] - [HTTP] /memory - Status: 200 - Time: 0.002s
2025-11-01 20:21:13,101 - services - INFO - [services.py:1051] - [HTTP] GET /memory from 127.0.0.1
2025-11-01 20:21:13,104 - services - INFO - [services.py:1056] - [HTTP] /memory - Status: 200 - Time: 0.002s
2025-11-01 20:21:22,826 - services - INFO - [services.py:1051] - [HTTP] GET /health from 127.0.0.1
2025-11-01 20:21:22,827 - services - INFO - [services.py:1056] - [HTTP] /health - Status: 200 - Time: 0.001s
2025-11-01 20:21:27,667 - services - INFO - [services.py:1051] - [HTTP] GET /languages from 127.0.0.1
2025-11-01 20:21:27,668 - services - INFO - [services.py:1056] - [HTTP] /languages - Status: 200 - Time: 0.001s
2025-11-09 14:45:47,139 - services - INFO - [services.py:1051] - [HTTP] GET /health from 127.0.0.1
2025-11-09 14:45:47,211 - services - INFO - [services.py:1056] - [HTTP] /health - Status: 200 - Time: 0.079s
2025-11-09 14:45:52,125 - services - INFO - [services.py:1051] - [HTTP] GET /languages from 127.0.0.1
2025-11-09 14:45:52,131 - services - INFO - [services.py:1056] - [HTTP] /languages - Status: 200 - Time: 0.005s
2025-11-09 14:46:16,734 - services - INFO - [services.py:1051] - [HTTP] GET /health from 127.0.0.1
2025-11-09 14:46:16,736 - services - INFO - [services.py:1056] - [HTTP] /health - Status: 200 - Time: 0.002s
2025-11-09 14:46:22,672 - services - INFO - [services.py:1051] - [HTTP] GET /languages from 127.0.0.1
2025-11-09 14:46:22,673 - services - INFO - [services.py:1056] - [HTTP] /languages - Status: 200 - Time: 0.001s
2025-11-09 14:46:45,587 - services - INFO - [services.py:1051] - [HTTP] GET /health from 127.0.0.1
2025-11-09 14:46:45,589 - services - INFO - [services.py:1056] - [HTTP] /health - Status: 200 - Time: 0.002s
2025-11-09 14:46:49,261 - services - INFO - [services.py:1051] - [HTTP] GET /languages from 127.0.0.1
2025-11-09 14:46:49,262 - services - INFO - [services.py:1056] - [HTTP] /languages - Status: 200 - Time: 0.001s
2025-11-09 14:46:55,141 - services - INFO - [services.py:1051] - [HTTP] GET /health from 127.0.0.1
2025-11-09 14:46:55,142 - services - INFO - [services.py:1056] - [HTTP] /health - Status: 200 - Time: 0.002s
2025-11-09 14:46:55,256 - services - INFO - [services.py:1051] - [HTTP] GET /languages from 127.0.0.1
2025-11-09 14:46:55,258 - services - INFO - [services.py:1056] - [HTTP] /languages - Status: 200 - Time: 0.001s
2025-11-09 14:46:57,238 - services - INFO - [services.py:1051] - [HTTP] GET /health from 127.0.0.1
2025-11-09 14:46:57,240 - services - INFO - [services.py:1056] - [HTTP] /health - Status: 200 - Time: 0.002s
2025-11-09 14:46:57,418 - services - INFO - [services.py:1051] - [HTTP] GET /languages from 127.0.0.1
2025-11-09 14:46:57,419 - services - INFO - [services.py:1056] - [HTTP] /languages - Status: 200 - Time: 0.001s
2025-11-09 14:47:28,016 - services - INFO - [services.py:1051] - [HTTP] GET /health from 127.0.0.1
2025-11-09 14:47:28,018 - services - INFO - [services.py:1056] - [HTTP] /health - Status: 200 - Time: 0.002s
2025-11-09 14:47:58,064 - services - INFO - [services.py:1051] - [HTTP] GET /health from 127.0.0.1
2025-11-09 14:47:58,066 - services - INFO - [services.py:1056] - [HTTP] /health - Status: 200 - Time: 0.002s
2025-11-09 14:48:03,841 - services - INFO - [services.py:1051] - [HTTP] GET /health from 127.0.0.1
2025-11-09 14:48:03,843 - services - INFO - [services.py:1056] - [HTTP] /health - Status: 200 - Time: 0.002s
2025-11-09 14:48:04,289 - services - INFO - [services.py:1051] - [HTTP] GET /languages from 127.0.0.1
2025-11-09 14:48:04,290 - services - INFO - [services.py:1056] - [HTTP] /languages - Status: 200 - Time: 0.001s
2025-11-09 14:48:04,666 - services - INFO - [services.py:1051] - [HTTP] GET /config from 127.0.0.1
2025-11-09 14:48:04,671 - services - INFO - [services.py:1056] - [HTTP] /config - Status: 200 - Time: 0.005s
2025-11-09 14:48:05,012 - services - INFO - [services.py:1051] - [HTTP] GET /config from 127.0.0.1
2025-11-09 14:48:05,014 - services - INFO - [services.py:1056] - [HTTP] /config - Status: 200 - Time: 0.002s
2025-11-09 14:48:05,320 - services - INFO - [services.py:1051] - [HTTP] GET /memory from 127.0.0.1
2025-11-09 14:48:05,351 - services - INFO - [services.py:1056] - [HTTP] /memory - Status: 200 - Time: 0.031s
2025-11-09 14:48:15,819 - services - INFO - [services.py:1051] - [HTTP] GET /memory from 127.0.0.1
2025-11-09 14:48:15,822 - services - INFO - [services.py:1056] - [HTTP] /memory - Status: 200 - Time: 0.003s
2025-11-09 14:48:25,794 - services - INFO - [services.py:1051] - [HTTP] GET /memory from 127.0.0.1
2025-11-09 14:48:25,798 - services - INFO - [services.py:1056] - [HTTP] /memory - Status: 200 - Time: 0.003s
2025-11-09 14:48:35,534 - services - INFO - [services.py:1051] - [HTTP] GET /health from 127.0.0.1
2025-11-09 14:48:35,534 - services - INFO - [services.py:1056] - [HTTP] /health - Status: 200 - Time: 0.001s
2025-11-09 14:48:35,790 - services - INFO - [services.py:1051] - [HTTP] GET /memory from 127.0.0.1
2025-11-09 14:48:35,792 - services - INFO - [services.py:1056] - [HTTP] /memory - Status: 200 - Time: 0.002s
2025-11-09 14:48:46,171 - services - INFO - [services.py:1051] - [HTTP] GET /memory from 127.0.0.1
2025-11-09 14:48:46,174 - services - INFO - [services.py:1056] - [HTTP] /memory - Status: 200 - Time: 0.002s
2025-11-09 14:48:55,795 - services - INFO - [services.py:1051] - [HTTP] GET /memory from 127.0.0.1
2025-11-09 14:48:55,797 - services - INFO - [services.py:1056] - [HTTP] /memory - Status: 200 - Time: 0.002s
2025-11-09 14:49:05,529 - services - INFO - [services.py:1051] - [HTTP] GET /health from 127.0.0.1
2025-11-09 14:49:05,530 - services - INFO - [services.py:1056] - [HTTP] /health - Status: 200 - Time: 0.002s
2025-11-09 14:49:05,816 - services - INFO - [services.py:1051] - [HTTP] GET /memory from 127.0.0.1
2025-11-09 14:49:05,818 - services - INFO - [services.py:1056] - [HTTP] /memory - Status: 200 - Time: 0.002s
2025-11-09 14:49:15,864 - services - INFO - [services.py:1051] - [HTTP] GET /memory from 127.0.0.1
2025-11-09 14:49:15,869 - services - INFO - [services.py:1056] - [HTTP] /memory - Status: 200 - Time: 0.005s
2025-11-09 14:49:26,035 - services - INFO - [services.py:1051] - [HTTP] GET /memory from 127.0.0.1
2025-11-09 14:49:26,040 - services - INFO - [services.py:1056] - [HTTP] /memory - Status: 200 - Time: 0.004s
2025-11-09 14:49:35,602 - services - INFO - [services.py:1051] - [HTTP] GET /health from 127.0.0.1
2025-11-09 14:49:35,604 - services - INFO - [services.py:1056] - [HTTP] /health - Status: 200 - Time: 0.002s
2025-11-09 14:49:35,847 - services - INFO - [services.py:1051] - [HTTP] GET /memory from 127.0.0.1
2025-11-09 14:49:35,850 - services - INFO - [services.py:1056] - [HTTP] /memory - Status: 200 - Time: 0.003s
2025-11-09 14:49:45,843 - services - INFO - [services.py:1051] - [HTTP] GET /memory from 127.0.0.1
2025-11-09 14:49:45,846 - services - INFO - [services.py:1056] - [HTTP] /memory - Status: 200 - Time: 0.003s
2025-11-09 14:49:55,851 - services - INFO - [services.py:1051] - [HTTP] GET /memory from 127.0.0.1
2025-11-09 14:49:55,853 - services - INFO - [services.py:1056] - [HTTP] /memory - Status: 200 - Time: 0.002s
2025-11-09 14:50:05,626 - services - INFO - [services.py:1051] - [HTTP] GET /health from 127.0.0.1
2025-11-09 14:50:05,626 - services - INFO - [services.py:1056] - [HTTP] /health - Status: 200 - Time: 0.001s
2025-11-09 14:50:05,894 - services - INFO - [services.py:1051] - [HTTP] GET /memory from 127.0.0.1
2025-11-09 14:50:05,897 - services - INFO - [services.py:1056] - [HTTP] /memory - Status: 200 - Time: 0.003s
2025-11-09 14:50:15,986 - services - INFO - [services.py:1051] - [HTTP] GET /memory from 127.0.0.1
2025-11-09 14:50:15,989 - services - INFO - [services.py:1056] - [HTTP] /memory - Status: 200 - Time: 0.002s
2025-11-09 14:50:25,940 - services - INFO - [services.py:1051] - [HTTP] GET /memory from 127.0.0.1
2025-11-09 14:50:25,943 - services - INFO - [services.py:1056] - [HTTP] /memory - Status: 200 - Time: 0.003s
2025-11-09 14:50:35,585 - services - INFO - [services.py:1051] - [HTTP] GET /health from 127.0.0.1
2025-11-09 14:50:35,587 - services - INFO - [services.py:1056] - [HTTP] /health - Status: 200 - Time: 0.002s
2025-11-09 14:50:36,577 - services - INFO - [services.py:1051] - [HTTP] GET /memory from 127.0.0.1
2025-11-09 14:50:36,579 - services - INFO - [services.py:1056] - [HTTP] /memory - Status: 200 - Time: 0.002s
2025-11-09 14:50:46,586 - services - INFO - [services.py:1051] - [HTTP] GET /memory from 127.0.0.1
2025-11-09 14:50:46,588 - services - INFO - [services.py:1056] - [HTTP] /memory - Status: 200 - Time: 0.002s
2025-11-09 14:50:56,971 - services - INFO - [services.py:1051] - [HTTP] GET /memory from 127.0.0.1
2025-11-09 14:50:56,974 - services - INFO - [services.py:1056] - [HTTP] /memory - Status: 200 - Time: 0.002s
2025-11-09 14:51:05,718 - services - INFO - [services.py:1051] - [HTTP] GET /health from 127.0.0.1
2025-11-09 14:51:05,721 - services - INFO - [services.py:1056] - [HTTP] /health - Status: 200 - Time: 0.003s
2025-11-09 14:51:06,982 - services - INFO - [services.py:1051] - [HTTP] GET /memory from 127.0.0.1
2025-11-09 14:51:06,985 - services - INFO - [services.py:1056] - [HTTP] /memory - Status: 200 - Time: 0.003s
2025-11-09 14:51:16,970 - services - INFO - [services.py:1051] - [HTTP] GET /memory from 127.0.0.1
2025-11-09 14:51:16,971 - services - INFO - [services.py:1056] - [HTTP] /memory - Status: 200 - Time: 0.001s
2025-11-09 14:51:27,110 - services - INFO - [services.py:1051] - [HTTP] GET /memory from 127.0.0.1
2025-11-09 14:51:27,112 - services - INFO - [services.py:1056] - [HTTP] /memory - Status: 200 - Time: 0.001s
2025-11-09 14:51:35,878 - services - INFO - [services.py:1051] - [HTTP] GET /health from 127.0.0.1
2025-11-09 14:51:35,880 - services - INFO - [services.py:1056] - [HTTP] /health - Status: 200 - Time: 0.002s
2025-11-09 14:51:37,063 - services - INFO - [services.py:1051] - [HTTP] GET /memory from 127.0.0.1
2025-11-09 14:51:37,066 - services - INFO - [services.py:1056] - [HTTP] /memory - Status: 200 - Time: 0.002s
2025-11-09 14:51:47,099 - services - INFO - [services.py:1051] - [HTTP] GET /memory from 127.0.0.1
2025-11-09 14:51:47,101 - services - INFO - [services.py:1056] - [HTTP] /memory - Status: 200 - Time: 0.002s
2025-11-09 14:51:57,069 - services - INFO - [services.py:1051] - [HTTP] GET /memory from 127.0.0.1
2025-11-09 14:51:57,072 - services - INFO - [services.py:1056] - [HTTP] /memory - Status: 200 - Time: 0.003s
2025-11-09 14:52:05,881 - services - INFO - [services.py:1051] - [HTTP] GET /health from 127.0.0.1
2025-11-09 14:52:05,883 - services - INFO - [services.py:1056] - [HTTP] /health - Status: 200 - Time: 0.002s
2025-11-09 14:52:07,091 - services - INFO - [services.py:1051] - [HTTP] GET /memory from 127.0.0.1
2025-11-09 14:52:07,093 - services - INFO - [services.py:1056] - [HTTP] /memory - Status: 200 - Time: 0.002s
2025-11-09 14:52:17,119 - services - INFO - [services.py:1051] - [HTTP] GET /memory from 127.0.0.1
2025-11-09 14:52:17,121 - services - INFO - [services.py:1056] - [HTTP] /memory - Status: 200 - Time: 0.002s
2025-11-09 14:52:27,092 - services - INFO - [services.py:1051] - [HTTP] GET /memory from 127.0.0.1
2025-11-09 14:52:27,095 - services - INFO - [services.py:1056] - [HTTP] /memory - Status: 200 - Time: 0.003s
2025-11-09 14:52:35,857 - services - INFO - [services.py:1051] - [HTTP] GET /health from 127.0.0.1
2025-11-09 14:52:35,858 - services - INFO - [services.py:1056] - [HTTP] /health - Status: 200 - Time: 0.001s
2025-11-09 14:52:37,099 - services - INFO - [services.py:1051] - [HTTP] GET /memory from 127.0.0.1
2025-11-09 14:52:37,102 - services - INFO - [services.py:1056] - [HTTP] /memory - Status: 200 - Time: 0.003s
2025-11-09 14:52:47,117 - services - INFO - [services.py:1051] - [HTTP] GET /memory from 127.0.0.1
2025-11-09 14:52:47,120 - services - INFO - [services.py:1056] - [HTTP] /memory - Status: 200 - Time: 0.002s
2025-11-09 14:52:57,117 - services - INFO - [services.py:1051] - [HTTP] GET /memory from 127.0.0.1
2025-11-09 14:52:57,120 - services - INFO - [services.py:1056] - [HTTP] /memory - Status: 200 - Time: 0.002s
2025-11-09 14:53:06,111 - services - INFO - [services.py:1051] - [HTTP] GET /health from 127.0.0.1
2025-11-09 14:53:06,113 - services - INFO - [services.py:1056] - [HTTP] /health - Status: 200 - Time: 0.002s
2025-11-09 14:53:07,132 - services - INFO - [services.py:1051] - [HTTP] GET /memory from 127.0.0.1
2025-11-09 14:53:07,136 - services - INFO - [services.py:1056] - [HTTP] /memory - Status: 200 - Time: 0.004s
2025-11-09 14:53:17,286 - services - INFO - [services.py:1051] - [HTTP] GET /memory from 127.0.0.1
2025-11-09 14:53:17,288 - services - INFO - [services.py:1056] - [HTTP] /memory - Status: 200 - Time: 0.003s
2025-11-09 14:53:27,632 - services - INFO - [services.py:1051] - [HTTP] GET /memory from 127.0.0.1
2025-11-09 14:53:27,634 - services - INFO - [services.py:1056] - [HTTP] /memory - Status: 200 - Time: 0.002s
2025-11-09 14:53:36,111 - services - INFO - [services.py:1051] - [HTTP] GET /health from 127.0.0.1
2025-11-09 14:53:36,113 - services - INFO - [services.py:1056] - [HTTP] /health - Status: 200 - Time: 0.002s
2025-11-09 14:53:37,629 - services - INFO - [services.py:1051] - [HTTP] GET /memory from 127.0.0.1
2025-11-09 14:53:37,632 - services - INFO - [services.py:1056] - [HTTP] /memory - Status: 200 - Time: 0.002s
2025-11-09 14:53:47,761 - services - INFO - [services.py:1051] - [HTTP] GET /memory from 127.0.0.1
2025-11-09 14:53:47,764 - services - INFO - [services.py:1056] - [HTTP] /memory - Status: 200 - Time: 0.003s
2025-11-09 14:53:57,815 - services - INFO - [services.py:1051] - [HTTP] GET /memory from 127.0.0.1
2025-11-09 14:53:57,816 - services - INFO - [services.py:1056] - [HTTP] /memory - Status: 200 - Time: 0.001s
2025-11-09 14:54:06,154 - services - INFO - [services.py:1051] - [HTTP] GET /health from 127.0.0.1
2025-11-09 14:54:06,156 - services - INFO - [services.py:1056] - [HTTP] /health - Status: 200 - Time: 0.002s
2025-11-09 14:54:07,764 - services - INFO - [services.py:1051] - [HTTP] GET /memory from 127.0.0.1
2025-11-09 14:54:07,766 - services - INFO - [services.py:1056] - [HTTP] /memory - Status: 200 - Time: 0.002s
2025-11-09 14:54:18,140 - services - INFO - [services.py:1051] - [HTTP] GET /memory from 127.0.0.1
2025-11-09 14:54:18,142 - services - INFO - [services.py:1056] - [HTTP] /memory - Status: 200 - Time: 0.002s
2025-11-09 14:54:28,132 - services - INFO - [services.py:1051] - [HTTP] GET /memory from 127.0.0.1
2025-11-09 14:54:28,135 - services - INFO - [services.py:1056] - [HTTP] /memory - Status: 200 - Time: 0.003s
2025-11-09 14:54:36,138 - services - INFO - [services.py:1051] - [HTTP] GET /health from 127.0.0.1
2025-11-09 14:54:36,140 - services - INFO - [services.py:1056] - [HTTP] /health - Status: 200 - Time: 0.002s
2025-11-09 14:54:38,146 - services - INFO - [services.py:1051] - [HTTP] GET /memory from 127.0.0.1
2025-11-09 14:54:38,148 - services - INFO - [services.py:1056] - [HTTP] /memory - Status: 200 - Time: 0.002s
2025-11-09 14:54:48,136 - services - INFO - [services.py:1051] - [HTTP] GET /memory from 127.0.0.1
2025-11-09 14:54:48,138 - services - INFO - [services.py:1056] - [HTTP] /memory - Status: 200 - Time: 0.002s
2025-11-09 14:54:58,258 - services - INFO - [services.py:1051] - [HTTP] GET /memory from 127.0.0.1
2025-11-09 14:54:58,261 - services - INFO - [services.py:1056] - [HTTP] /memory - Status: 200 - Time: 0.003s
2025-11-09 14:55:06,306 - services - INFO - [services.py:1051] - [HTTP] GET /health from 127.0.0.1
2025-11-09 14:55:06,309 - services - INFO - [services.py:1056] - [HTTP] /health - Status: 200 - Time: 0.002s
2025-11-09 14:55:08,297 - services - INFO - [services.py:1051] - [HTTP] GET /memory from 127.0.0.1
2025-11-09 14:55:08,308 - services - INFO - [services.py:1056] - [HTTP] /memory - Status: 200 - Time: 0.011s
2025-11-09 14:55:18,468 - services - INFO - [services.py:1051] - [HTTP] GET /memory from 127.0.0.1
2025-11-09 14:55:18,470 - services - INFO - [services.py:1056] - [HTTP] /memory - Status: 200 - Time: 0.003s
2025-11-09 14:55:28,477 - services - INFO - [services.py:1051] - [HTTP] GET /memory from 127.0.0.1
2025-11-09 14:55:28,478 - services - INFO - [services.py:1056] - [HTTP] /memory - Status: 200 - Time: 0.002s
2025-11-09 14:55:36,255 - services - INFO - [services.py:1051] - [HTTP] GET /health from 127.0.0.1
2025-11-09 14:55:36,255 - services - INFO - [services.py:1056] - [HTTP] /health - Status: 200 - Time: 0.001s
2025-11-09 14:55:38,465 - services - INFO - [services.py:1051] - [HTTP] GET /memory from 127.0.0.1
2025-11-09 14:55:38,468 - services - INFO - [services.py:1056] - [HTTP] /memory - Status: 200 - Time: 0.003s
2025-11-09 14:55:48,484 - services - INFO - [services.py:1051] - [HTTP] GET /memory from 127.0.0.1
2025-11-09 14:55:48,486 - services - INFO - [services.py:1056] - [HTTP] /memory - Status: 200 - Time: 0.002s
2025-11-09 14:55:58,474 - services - INFO - [services.py:1051] - [HTTP] GET /memory from 127.0.0.1
2025-11-09 14:55:58,476 - services - INFO - [services.py:1056] - [HTTP] /memory - Status: 200 - Time: 0.002s
2025-11-09 14:56:06,312 - services - INFO - [services.py:1051] - [HTTP] GET /health from 127.0.0.1
2025-11-09 14:56:06,314 - services - INFO - [services.py:1056] - [HTTP] /health - Status: 200 - Time: 0.002s
2025-11-09 14:56:08,517 - services - INFO - [services.py:1051] - [HTTP] GET /memory from 127.0.0.1
2025-11-09 14:56:08,520 - services - INFO - [services.py:1056] - [HTTP] /memory - Status: 200 - Time: 0.003s
2025-11-09 14:56:18,514 - services - INFO - [services.py:1051] - [HTTP] GET /memory from 127.0.0.1
2025-11-09 14:56:18,516 - services - INFO - [services.py:1056] - [HTTP] /memory - Status: 200 - Time: 0.003s
2025-11-09 14:56:28,565 - services - INFO - [services.py:1051] - [HTTP] GET /memory from 127.0.0.1
2025-11-09 14:56:28,567 - services - INFO - [services.py:1056] - [HTTP] /memory - Status: 200 - Time: 0.003s
2025-11-09 14:56:36,283 - services - INFO - [services.py:1051] - [HTTP] GET /health from 127.0.0.1
2025-11-09 14:56:36,285 - services - INFO - [services.py:1056] - [HTTP] /health - Status: 200 - Time: 0.002s
2025-11-09 14:56:38,500 - services - INFO - [services.py:1051] - [HTTP] GET /memory from 127.0.0.1
2025-11-09 14:56:38,503 - services - INFO - [services.py:1056] - [HTTP] /memory - Status: 200 - Time: 0.002s
2025-11-09 14:56:48,599 - services - INFO - [services.py:1051] - [HTTP] GET /memory from 127.0.0.1
2025-11-09 14:56:48,600 - services - INFO - [services.py:1056] - [HTTP] /memory - Status: 200 - Time: 0.002s
2025-11-09 14:56:58,501 - services - INFO - [services.py:1051] - [HTTP] GET /memory from 127.0.0.1
2025-11-09 14:56:58,502 - services - INFO - [services.py:1056] - [HTTP] /memory - Status: 200 - Time: 0.002s
2025-11-09 14:57:06,473 - services - INFO - [services.py:1051] - [HTTP] GET /health from 127.0.0.1
2025-11-09 14:57:06,475 - services - INFO - [services.py:1056] - [HTTP] /health - Status: 200 - Time: 0.002s
2025-11-09 14:57:08,684 - services - INFO - [services.py:1051] - [HTTP] GET /memory from 127.0.0.1
2025-11-09 14:57:08,686 - services - INFO - [services.py:1056] - [HTTP] /memory - Status: 200 - Time: 0.002s
2025-11-09 14:57:18,658 - services - INFO - [services.py:1051] - [HTTP] GET /memory from 127.0.0.1
2025-11-09 14:57:18,660 - services - INFO - [services.py:1056] - [HTTP] /memory - Status: 200 - Time: 0.002s
2025-11-09 14:57:28,661 - services - INFO - [services.py:1051] - [HTTP] GET /memory from 127.0.0.1
2025-11-09 14:57:28,664 - services - INFO - [services.py:1056] - [HTTP] /memory - Status: 200 - Time: 0.002s
2025-11-09 14:57:36,672 - services - INFO - [services.py:1051] - [HTTP] GET /health from 127.0.0.1
2025-11-09 14:57:36,674 - services - INFO - [services.py:1056] - [HTTP] /health - Status: 200 - Time: 0.002s
2025-11-09 14:57:38,778 - services - INFO - [services.py:1051] - [HTTP] GET /memory from 127.0.0.1
2025-11-09 14:57:38,780 - services - INFO - [services.py:1056] - [HTTP] /memory - Status: 200 - Time: 0.002s
2025-11-09 14:57:48,686 - services - INFO - [services.py:1051] - [HTTP] GET /memory from 127.0.0.1
2025-11-09 14:57:48,689 - services - INFO - [services.py:1056] - [HTTP] /memory - Status: 200 - Time: 0.002s
2025-11-09 14:57:58,693 - services - INFO - [services.py:1051] - [HTTP] GET /memory from 127.0.0.1
2025-11-09 14:57:58,696 - services - INFO - [services.py:1056] - [HTTP] /memory - Status: 200 - Time: 0.003s
2025-11-09 14:58:06,725 - services - INFO - [services.py:1051] - [HTTP] GET /health from 127.0.0.1
2025-11-09 14:58:06,726 - services - INFO - [services.py:1056] - [HTTP] /health - Status: 200 - Time: 0.001s
2025-11-09 14:58:08,893 - services - INFO - [services.py:1051] - [HTTP] GET /memory from 127.0.0.1
2025-11-09 14:58:08,894 - services - INFO - [services.py:1056] - [HTTP] /memory - Status: 200 - Time: 0.002s
2025-11-09 14:58:18,906 - services - INFO - [services.py:1051] - [HTTP] GET /memory from 127.0.0.1
2025-11-09 14:58:18,908 - services - INFO - [services.py:1056] - [HTTP] /memory - Status: 200 - Time: 0.002s
2025-11-09 14:58:28,893 - services - INFO - [services.py:1051] - [HTTP] GET /memory from 127.0.0.1
2025-11-09 14:58:28,895 - services - INFO - [services.py:1056] - [HTTP] /memory - Status: 200 - Time: 0.003s
2025-11-09 14:58:36,675 - services - INFO - [services.py:1051] - [HTTP] GET /health from 127.0.0.1
2025-11-09 14:58:36,677 - services - INFO - [services.py:1056] - [HTTP] /health - Status: 200 - Time: 0.002s
2025-11-09 14:58:38,884 - services - INFO - [services.py:1051] - [HTTP] GET /memory from 127.0.0.1
2025-11-09 14:58:38,887 - services - INFO - [services.py:1056] - [HTTP] /memory - Status: 200 - Time: 0.003s
2025-11-09 14:58:49,189 - services - INFO - [services.py:1051] - [HTTP] GET /memory from 127.0.0.1
2025-11-09 14:58:49,191 - services - INFO - [services.py:1056] - [HTTP] /memory - Status: 200 - Time: 0.002s
2025-11-09 14:58:59,174 - services - INFO - [services.py:1051] - [HTTP] GET /memory from 127.0.0.1
2025-11-09 14:58:59,177 - services - INFO - [services.py:1056] - [HTTP] /memory - Status: 200 - Time: 0.002s
2025-11-09 14:59:06,683 - services - INFO - [services.py:1051] - [HTTP] GET /health from 127.0.0.1
2025-11-09 14:59:06,685 - services - INFO - [services.py:1056] - [HTTP] /health - Status: 200 - Time: 0.002s
2025-11-09 14:59:09,166 - services - INFO - [services.py:1051] - [HTTP] GET /memory from 127.0.0.1
2025-11-09 14:59:09,168 - services - INFO - [services.py:1056] - [HTTP] /memory - Status: 200 - Time: 0.002s
2025-11-09 14:59:19,177 - services - INFO - [services.py:1051] - [HTTP] GET /memory from 127.0.0.1
2025-11-09 14:59:19,180 - services - INFO - [services.py:1056] - [HTTP] /memory - Status: 200 - Time: 0.003s
2025-11-09 14:59:29,186 - services - INFO - [services.py:1051] - [HTTP] GET /memory from 127.0.0.1
2025-11-09 14:59:29,189 - services - INFO - [services.py:1056] - [HTTP] /memory - Status: 200 - Time: 0.003s
2025-11-09 14:59:36,671 - services - INFO - [services.py:1051] - [HTTP] GET /health from 127.0.0.1
2025-11-09 14:59:36,671 - services - INFO - [services.py:1056] - [HTTP] /health - Status: 200 - Time: 0.001s
2025-11-09 14:59:39,194 - services - INFO - [services.py:1051] - [HTTP] GET /memory from 127.0.0.1
2025-11-09 14:59:39,195 - services - INFO - [services.py:1056] - [HTTP] /memory - Status: 200 - Time: 0.002s
2025-11-09 14:59:49,171 - services - INFO - [services.py:1051] - [HTTP] GET /memory from 127.0.0.1
2025-11-09 14:59:49,173 - services - INFO - [services.py:1056] - [HTTP] /memory - Status: 200 - Time: 0.002s
2025-11-09 14:59:59,231 - services - INFO - [services.py:1051] - [HTTP] GET /memory from 127.0.0.1
2025-11-09 14:59:59,233 - services - INFO - [services.py:1056] - [HTTP] /memory - Status: 200 - Time: 0.002s
2025-11-09 15:00:06,768 - services - INFO - [services.py:1051] - [HTTP] GET /health from 127.0.0.1
2025-11-09 15:00:06,770 - services - INFO - [services.py:1056] - [HTTP] /health - Status: 200 - Time: 0.002s
2025-11-09 15:00:09,168 - services - INFO - [services.py:1051] - [HTTP] GET /memory from 127.0.0.1
2025-11-09 15:00:09,170 - services - INFO - [services.py:1056] - [HTTP] /memory - Status: 200 - Time: 0.002s
2025-11-09 15:00:19,194 - services - INFO - [services.py:1051] - [HTTP] GET /memory from 127.0.0.1
2025-11-09 15:00:19,196 - services - INFO - [services.py:1056] - [HTTP] /memory - Status: 200 - Time: 0.003s
2025-11-09 15:00:29,164 - services - INFO - [services.py:1051] - [HTTP] GET /memory from 127.0.0.1
2025-11-09 15:00:29,166 - services - INFO - [services.py:1056] - [HTTP] /memory - Status: 200 - Time: 0.002s
2025-11-09 15:00:36,777 - services - INFO - [services.py:1051] - [HTTP] GET /health from 127.0.0.1
2025-11-09 15:00:36,779 - services - INFO - [services.py:1056] - [HTTP] /health - Status: 200 - Time: 0.002s
2025-11-09 15:00:39,170 - services - INFO - [services.py:1051] - [HTTP] GET /memory from 127.0.0.1
2025-11-09 15:00:39,173 - services - INFO - [services.py:1056] - [HTTP] /memory - Status: 200 - Time: 0.002s
2025-11-09 15:00:49,198 - services - INFO - [services.py:1051] - [HTTP] GET /memory from 127.0.0.1
2025-11-09 15:00:49,200 - services - INFO - [services.py:1056] - [HTTP] /memory - Status: 200 - Time: 0.003s
2025-11-09 15:00:59,163 - services - INFO - [services.py:1051] - [HTTP] GET /memory from 127.0.0.1
2025-11-09 15:00:59,164 - services - INFO - [services.py:1056] - [HTTP] /memory - Status: 200 - Time: 0.001s
2025-11-09 15:01:06,773 - services - INFO - [services.py:1051] - [HTTP] GET /health from 127.0.0.1
2025-11-09 15:01:06,774 - services - INFO - [services.py:1056] - [HTTP] /health - Status: 200 - Time: 0.001s
2025-11-09 15:01:09,175 - services - INFO - [services.py:1051] - [HTTP] GET /memory from 127.0.0.1
2025-11-09 15:01:09,177 - services - INFO - [services.py:1056] - [HTTP] /memory - Status: 200 - Time: 0.002s
2025-11-09 15:01:19,200 - services - INFO - [services.py:1051] - [HTTP] GET /memory from 127.0.0.1
2025-11-09 15:01:19,202 - services - INFO - [services.py:1056] - [HTTP] /memory - Status: 200 - Time: 0.002s
2025-11-09 15:01:29,354 - services - INFO - [services.py:1051] - [HTTP] GET /memory from 127.0.0.1
2025-11-09 15:01:29,356 - services - INFO - [services.py:1056] - [HTTP] /memory - Status: 200 - Time: 0.002s
2025-11-09 15:01:36,951 - services - INFO - [services.py:1051] - [HTTP] GET /health from 127.0.0.1
2025-11-09 15:01:36,953 - services - INFO - [services.py:1056] - [HTTP] /health - Status: 200 - Time: 0.002s
2025-11-09 15:01:39,351 - services - INFO - [services.py:1051] - [HTTP] GET /memory from 127.0.0.1
2025-11-09 15:01:39,353 - services - INFO - [services.py:1056] - [HTTP] /memory - Status: 200 - Time: 0.002s
2025-11-09 15:01:49,499 - services - INFO - [services.py:1051] - [HTTP] GET /memory from 127.0.0.1
2025-11-09 15:01:49,501 - services - INFO - [services.py:1056] - [HTTP] /memory - Status: 200 - Time: 0.002s
2025-11-09 15:01:59,555 - services - INFO - [services.py:1051] - [HTTP] GET /memory from 127.0.0.1
2025-11-09 15:01:59,558 - services - INFO - [services.py:1056] - [HTTP] /memory - Status: 200 - Time: 0.002s
2025-11-09 15:02:06,993 - services - INFO - [services.py:1051] - [HTTP] GET /health from 127.0.0.1
2025-11-09 15:02:06,995 - services - INFO - [services.py:1056] - [HTTP] /health - Status: 200 - Time: 0.002s
2025-11-09 15:02:09,508 - services - INFO - [services.py:1051] - [HTTP] GET /memory from 127.0.0.1
2025-11-09 15:02:09,512 - services - INFO - [services.py:1056] - [HTTP] /memory - Status: 200 - Time: 0.003s
2025-11-09 15:02:19,698 - services - INFO - [services.py:1051] - [HTTP] GET /memory from 127.0.0.1
2025-11-09 15:02:19,700 - services - INFO - [services.py:1056] - [HTTP] /memory - Status: 200 - Time: 0.002s
2025-11-09 15:02:29,708 - services - INFO - [services.py:1051] - [HTTP] GET /memory from 127.0.0.1
2025-11-09 15:02:29,710 - services - INFO - [services.py:1056] - [HTTP] /memory - Status: 200 - Time: 0.002s
2025-11-09 15:02:36,984 - services - INFO - [services.py:1051] - [HTTP] GET /health from 127.0.0.1
2025-11-09 15:02:36,986 - services - INFO - [services.py:1056] - [HTTP] /health - Status: 200 - Time: 0.002s
2025-11-09 15:02:39,749 - services - INFO - [services.py:1051] - [HTTP] GET /memory from 127.0.0.1
2025-11-09 15:02:39,751 - services - INFO - [services.py:1056] - [HTTP] /memory - Status: 200 - Time: 0.002s
2025-11-09 15:02:49,722 - services - INFO - [services.py:1051] - [HTTP] GET /memory from 127.0.0.1
2025-11-09 15:02:49,724 - services - INFO - [services.py:1056] - [HTTP] /memory - Status: 200 - Time: 0.002s
2025-11-09 15:02:59,728 - services - INFO - [services.py:1051] - [HTTP] GET /memory from 127.0.0.1
2025-11-09 15:02:59,730 - services - INFO - [services.py:1056] - [HTTP] /memory - Status: 200 - Time: 0.002s
2025-11-09 15:03:07,004 - services - INFO - [services.py:1051] - [HTTP] GET /health from 127.0.0.1
2025-11-09 15:03:07,006 - services - INFO - [services.py:1056] - [HTTP] /health - Status: 200 - Time: 0.002s
2025-11-09 15:03:09,733 - services - INFO - [services.py:1051] - [HTTP] GET /memory from 127.0.0.1
2025-11-09 15:03:09,735 - services - INFO - [services.py:1056] - [HTTP] /memory - Status: 200 - Time: 0.002s
2025-11-09 15:03:19,767 - services - INFO - [services.py:1051] - [HTTP] GET /memory from 127.0.0.1
2025-11-09 15:03:19,769 - services - INFO - [services.py:1056] - [HTTP] /memory - Status: 200 - Time: 0.002s
2025-11-09 15:03:29,728 - services - INFO - [services.py:1051] - [HTTP] GET /memory from 127.0.0.1
2025-11-09 15:03:29,731 - services - INFO - [services.py:1056] - [HTTP] /memory - Status: 200 - Time: 0.003s
2025-11-09 15:03:37,034 - services - INFO - [services.py:1051] - [HTTP] GET /health from 127.0.0.1
2025-11-09 15:03:37,036 - services - INFO - [services.py:1056] - [HTTP] /health - Status: 200 - Time: 0.002s
2025-11-09 15:03:39,803 - services - INFO - [services.py:1051] - [HTTP] GET /memory from 127.0.0.1
2025-11-09 15:03:39,804 - services - INFO - [services.py:1056] - [HTTP] /memory - Status: 200 - Time: 0.001s
2025-11-09 15:03:49,749 - services - INFO - [services.py:1051] - [HTTP] GET /memory from 127.0.0.1
2025-11-09 15:03:49,750 - services - INFO - [services.py:1056] - [HTTP] /memory - Status: 200 - Time: 0.001s
2025-11-09 15:03:59,737 - services - INFO - [services.py:1051] - [HTTP] GET /memory from 127.0.0.1
2025-11-09 15:03:59,740 - services - INFO - [services.py:1056] - [HTTP] /memory - Status: 200 - Time: 0.003s
2025-11-09 15:04:06,999 - services - INFO - [services.py:1051] - [HTTP] GET /health from 127.0.0.1
2025-11-09 15:04:07,001 - services - INFO - [services.py:1056] - [HTTP] /health - Status: 200 - Time: 0.002s
2025-11-09 15:04:09,735 - services - INFO - [services.py:1051] - [HTTP] GET /memory from 127.0.0.1
2025-11-09 15:04:09,737 - services - INFO - [services.py:1056] - [HTTP] /memory - Status: 200 - Time: 0.002s
2025-11-09 15:04:19,749 - services - INFO - [services.py:1051] - [HTTP] GET /memory from 127.0.0.1
2025-11-09 15:04:19,752 - services - INFO - [services.py:1056] - [HTTP] /memory - Status: 200 - Time: 0.002s
2025-11-09 15:04:29,813 - services - INFO - [services.py:1051] - [HTTP] GET /memory from 127.0.0.1
2025-11-09 15:04:29,816 - services - INFO - [services.py:1056] - [HTTP] /memory - Status: 200 - Time: 0.003s
2025-11-09 15:04:36,998 - services - INFO - [services.py:1051] - [HTTP] GET /health from 127.0.0.1
2025-11-09 15:04:37,000 - services - INFO - [services.py:1056] - [HTTP] /health - Status: 200 - Time: 0.002s
2025-11-09 15:04:39,736 - services - INFO - [services.py:1051] - [HTTP] GET /memory from 127.0.0.1
2025-11-09 15:04:39,738 - services - INFO - [services.py:1056] - [HTTP] /memory - Status: 200 - Time: 0.002s
2025-11-09 15:04:49,874 - services - INFO - [services.py:1051] - [HTTP] GET /memory from 127.0.0.1
2025-11-09 15:04:49,875 - services - INFO - [services.py:1056] - [HTTP] /memory - Status: 200 - Time: 0.002s
2025-11-09 15:04:59,827 - services - INFO - [services.py:1051] - [HTTP] GET /memory from 127.0.0.1
2025-11-09 15:04:59,830 - services - INFO - [services.py:1056] - [HTTP] /memory - Status: 200 - Time: 0.003s
2025-11-09 15:05:07,559 - services - INFO - [services.py:1051] - [HTTP] GET /health from 127.0.0.1
2025-11-09 15:05:07,560 - services - INFO - [services.py:1056] - [HTTP] /health - Status: 200 - Time: 0.001s
2025-11-09 15:05:09,834 - services - INFO - [services.py:1051] - [HTTP] GET /memory from 127.0.0.1
2025-11-09 15:05:09,835 - services - INFO - [services.py:1056] - [HTTP] /memory - Status: 200 - Time: 0.001s
2025-11-09 15:05:19,871 - services - INFO - [services.py:1051] - [HTTP] GET /memory from 127.0.0.1
2025-11-09 15:05:19,873 - services - INFO - [services.py:1056] - [HTTP] /memory - Status: 200 - Time: 0.002s
2025-11-09 15:05:29,873 - services - INFO - [services.py:1051] - [HTTP] GET /memory from 127.0.0.1
2025-11-09 15:05:29,876 - services - INFO - [services.py:1056] - [HTTP] /memory - Status: 200 - Time: 0.003s
2025-11-09 15:05:37,550 - services - INFO - [services.py:1051] - [HTTP] GET /health from 127.0.0.1
2025-11-09 15:05:37,552 - services - INFO - [services.py:1056] - [HTTP] /health - Status: 200 - Time: 0.002s
2025-11-09 15:05:39,897 - services - INFO - [services.py:1051] - [HTTP] GET /memory from 127.0.0.1
2025-11-09 15:05:39,900 - services - INFO - [services.py:1056] - [HTTP] /memory - Status: 200 - Time: 0.003s
2025-11-09 15:05:49,850 - services - INFO - [services.py:1051] - [HTTP] GET /memory from 127.0.0.1
2025-11-09 15:05:49,852 - services - INFO - [services.py:1056] - [HTTP] /memory - Status: 200 - Time: 0.002s
2025-11-09 15:05:59,860 - services - INFO - [services.py:1051] - [HTTP] GET /memory from 127.0.0.1
2025-11-09 15:05:59,862 - services - INFO - [services.py:1056] - [HTTP] /memory - Status: 200 - Time: 0.002s
2025-11-09 15:06:07,543 - services - INFO - [services.py:1051] - [HTTP] GET /health from 127.0.0.1
2025-11-09 15:06:07,545 - services - INFO - [services.py:1056] - [HTTP] /health - Status: 200 - Time: 0.002s
2025-11-09 15:06:09,838 - services - INFO - [services.py:1051] - [HTTP] GET /memory from 127.0.0.1
2025-11-09 15:06:09,840 - services - INFO - [services.py:1056] - [HTTP] /memory - Status: 200 - Time: 0.003s
2025-11-09 15:06:19,814 - services - INFO - [services.py:1051] - [HTTP] GET /memory from 127.0.0.1
2025-11-09 15:06:19,816 - services - INFO - [services.py:1056] - [HTTP] /memory - Status: 200 - Time: 0.002s
2025-11-09 15:06:29,825 - services - INFO - [services.py:1051] - [HTTP] GET /memory from 127.0.0.1
2025-11-09 15:06:29,826 - services - INFO - [services.py:1056] - [HTTP] /memory - Status: 200 - Time: 0.001s
2025-11-09 15:06:38,001 - services - INFO - [services.py:1051] - [HTTP] GET /health from 127.0.0.1
2025-11-09 15:06:38,002 - services - INFO - [services.py:1056] - [HTTP] /health - Status: 200 - Time: 0.001s
2025-11-09 15:06:39,832 - services - INFO - [services.py:1051] - [HTTP] GET /memory from 127.0.0.1
2025-11-09 15:06:39,835 - services - INFO - [services.py:1056] - [HTTP] /memory - Status: 200 - Time: 0.002s
2025-11-09 15:06:49,886 - services - INFO - [services.py:1051] - [HTTP] GET /memory from 127.0.0.1
2025-11-09 15:06:49,888 - services - INFO - [services.py:1056] - [HTTP] /memory - Status: 200 - Time: 0.002s
2025-11-09 15:06:59,902 - services - INFO - [services.py:1051] - [HTTP] GET /memory from 127.0.0.1
2025-11-09 15:06:59,904 - services - INFO - [services.py:1056] - [HTTP] /memory - Status: 200 - Time: 0.002s
2025-11-09 15:07:08,625 - services - INFO - [services.py:1051] - [HTTP] GET /health from 127.0.0.1
2025-11-09 15:07:08,627 - services - INFO - [services.py:1056] - [HTTP] /health - Status: 200 - Time: 0.002s
2025-11-09 15:07:09,926 - services - INFO - [services.py:1051] - [HTTP] GET /memory from 127.0.0.1
2025-11-09 15:07:09,928 - services - INFO - [services.py:1056] - [HTTP] /memory - Status: 200 - Time: 0.003s
2025-11-09 15:07:20,067 - services - INFO - [services.py:1051] - [HTTP] GET /memory from 127.0.0.1
2025-11-09 15:07:20,070 - services - INFO - [services.py:1056] - [HTTP] /memory - Status: 200 - Time: 0.003s
2025-11-09 15:07:30,252 - services - INFO - [services.py:1051] - [HTTP] GET /memory from 127.0.0.1
2025-11-09 15:07:30,254 - services - INFO - [services.py:1056] - [HTTP] /memory - Status: 200 - Time: 0.002s
2025-11-09 15:07:38,539 - services - INFO - [services.py:1051] - [HTTP] GET /health from 127.0.0.1
2025-11-09 15:07:38,541 - services - INFO - [services.py:1056] - [HTTP] /health - Status: 200 - Time: 0.002s
2025-11-09 15:07:40,044 - services - INFO - [services.py:1051] - [HTTP] GET /memory from 127.0.0.1
2025-11-09 15:07:40,046 - services - INFO - [services.py:1056] - [HTTP] /memory - Status: 200 - Time: 0.002s
2025-11-09 15:07:50,053 - services - INFO - [services.py:1051] - [HTTP] GET /memory from 127.0.0.1
2025-11-09 15:07:50,054 - services - INFO - [services.py:1056] - [HTTP] /memory - Status: 200 - Time: 0.002s
2025-11-09 15:08:00,040 - services - INFO - [services.py:1051] - [HTTP] GET /memory from 127.0.0.1
2025-11-09 15:08:00,042 - services - INFO - [services.py:1056] - [HTTP] /memory - Status: 200 - Time: 0.002s
2025-11-09 15:08:09,515 - services - INFO - [services.py:1051] - [HTTP] GET /health from 127.0.0.1
2025-11-09 15:08:09,516 - services - INFO - [services.py:1056] - [HTTP] /health - Status: 200 - Time: 0.002s
2025-11-09 15:08:10,517 - services - INFO - [services.py:1051] - [HTTP] GET /memory from 127.0.0.1
2025-11-09 15:08:10,519 - services - INFO - [services.py:1056] - [HTTP] /memory - Status: 200 - Time: 0.002s
2025-11-09 15:08:20,514 - services - INFO - [services.py:1051] - [HTTP] GET /memory from 127.0.0.1
2025-11-09 15:08:20,516 - services - INFO - [services.py:1056] - [HTTP] /memory - Status: 200 - Time: 0.002s
2025-11-09 15:08:30,518 - services - INFO - [services.py:1051] - [HTTP] GET /memory from 127.0.0.1
2025-11-09 15:08:30,519 - services - INFO - [services.py:1056] - [HTTP] /memory - Status: 200 - Time: 0.002s
2025-11-09 15:08:39,517 - services - INFO - [services.py:1051] - [HTTP] GET /health from 127.0.0.1
2025-11-09 15:08:39,519 - services - INFO - [services.py:1056] - [HTTP] /health - Status: 200 - Time: 0.002s
2025-11-09 15:08:40,510 - services - INFO - [services.py:1051] - [HTTP] GET /memory from 127.0.0.1
2025-11-09 15:08:40,513 - services - INFO - [services.py:1056] - [HTTP] /memory - Status: 200 - Time: 0.002s
2025-11-09 15:08:50,510 - services - INFO - [services.py:1051] - [HTTP] GET /memory from 127.0.0.1
2025-11-09 15:08:50,512 - services - INFO - [services.py:1056] - [HTTP] /memory - Status: 200 - Time: 0.003s
2025-11-09 15:09:00,534 - services - INFO - [services.py:1051] - [HTTP] GET /memory from 127.0.0.1
2025-11-09 15:09:00,536 - services - INFO - [services.py:1056] - [HTTP] /memory - Status: 200 - Time: 0.002s
2025-11-09 15:09:10,360 - services - INFO - [services.py:1051] - [HTTP] GET /health from 127.0.0.1
2025-11-09 15:09:10,363 - services - INFO - [services.py:1056] - [HTTP] /health - Status: 200 - Time: 0.002s
2025-11-09 15:09:11,360 - services - INFO - [services.py:1051] - [HTTP] GET /memory from 127.0.0.1
2025-11-09 15:09:11,361 - services - INFO - [services.py:1056] - [HTTP] /memory - Status: 200 - Time: 0.001s
2025-11-09 15:09:21,369 - services - INFO - [services.py:1051] - [HTTP] GET /memory from 127.0.0.1
2025-11-09 15:09:21,370 - services - INFO - [services.py:1056] - [HTTP] /memory - Status: 200 - Time: 0.001s
2025-11-09 15:09:31,370 - services - INFO - [services.py:1051] - [HTTP] GET /memory from 127.0.0.1
2025-11-09 15:09:31,372 - services - INFO - [services.py:1056] - [HTTP] /memory - Status: 200 - Time: 0.002s
2025-11-09 15:09:40,367 - services - INFO - [services.py:1051] - [HTTP] GET /health from 127.0.0.1
2025-11-09 15:09:40,369 - services - INFO - [services.py:1056] - [HTTP] /health - Status: 200 - Time: 0.002s
2025-11-09 15:09:41,375 - services - INFO - [services.py:1051] - [HTTP] GET /memory from 127.0.0.1
2025-11-09 15:09:41,378 - services - INFO - [services.py:1056] - [HTTP] /memory - Status: 200 - Time: 0.003s
2025-11-09 15:09:51,374 - services - INFO - [services.py:1051] - [HTTP] GET /memory from 127.0.0.1
2025-11-09 15:09:51,376 - services - INFO - [services.py:1056] - [HTTP] /memory - Status: 200 - Time: 0.002s
2025-11-09 15:10:01,384 - services - INFO - [services.py:1051] - [HTTP] GET /memory from 127.0.0.1
2025-11-09 15:10:01,387 - services - INFO - [services.py:1056] - [HTTP] /memory - Status: 200 - Time: 0.002s
2025-11-09 15:10:10,413 - services - INFO - [services.py:1051] - [HTTP] GET /health from 127.0.0.1
2025-11-09 15:10:10,416 - services - INFO - [services.py:1056] - [HTTP] /health - Status: 200 - Time: 0.003s
2025-11-09 15:10:11,422 - services - INFO - [services.py:1051] - [HTTP] GET /memory from 127.0.0.1
2025-11-09 15:10:11,425 - services - INFO - [services.py:1056] - [HTTP] /memory - Status: 200 - Time: 0.002s
2025-11-09 15:10:21,414 - services - INFO - [services.py:1051] - [HTTP] GET /memory from 127.0.0.1
2025-11-09 15:10:21,416 - services - INFO - [services.py:1056] - [HTTP] /memory - Status: 200 - Time: 0.002s
2025-11-09 15:10:31,413 - services - INFO - [services.py:1051] - [HTTP] GET /memory from 127.0.0.1
2025-11-09 15:10:31,416 - services - INFO - [services.py:1056] - [HTTP] /memory - Status: 200 - Time: 0.002s
2025-11-09 15:10:41,423 - services - INFO - [services.py:1051] - [HTTP] GET /health from 127.0.0.1
2025-11-09 15:10:41,423 - services - INFO - [services.py:1056] - [HTTP] /health - Status: 200 - Time: 0.001s
2025-11-09 15:10:42,425 - services - INFO - [services.py:1051] - [HTTP] GET /memory from 127.0.0.1
2025-11-09 15:10:42,426 - services - INFO - [services.py:1056] - [HTTP] /memory - Status: 200 - Time: 0.001s
2025-11-09 15:10:52,452 - services - INFO - [services.py:1051] - [HTTP] GET /memory from 127.0.0.1
2025-11-09 15:10:52,454 - services - INFO - [services.py:1056] - [HTTP] /memory - Status: 200 - Time: 0.002s
2025-11-09 15:11:02,463 - services - INFO - [services.py:1051] - [HTTP] GET /memory from 127.0.0.1
2025-11-09 15:11:02,465 - services - INFO - [services.py:1056] - [HTTP] /memory - Status: 200 - Time: 0.002s
2025-11-09 15:11:11,926 - services - INFO - [services.py:1051] - [HTTP] GET /health from 127.0.0.1
2025-11-09 15:11:11,928 - services - INFO - [services.py:1056] - [HTTP] /health - Status: 200 - Time: 0.002s
2025-11-09 15:11:12,862 - services - INFO - [services.py:1051] - [HTTP] GET /memory from 127.0.0.1
2025-11-09 15:11:12,864 - services - INFO - [services.py:1056] - [HTTP] /memory - Status: 200 - Time: 0.002s
2025-11-09 15:11:22,850 - services - INFO - [services.py:1051] - [HTTP] GET /memory from 127.0.0.1
2025-11-09 15:11:22,852 - services - INFO - [services.py:1056] - [HTTP] /memory - Status: 200 - Time: 0.002s
2025-11-09 15:11:32,866 - services - INFO - [services.py:1051] - [HTTP] GET /memory from 127.0.0.1
2025-11-09 15:11:32,869 - services - INFO - [services.py:1056] - [HTTP] /memory - Status: 200 - Time: 0.003s
2025-11-09 15:11:41,854 - services - INFO - [services.py:1051] - [HTTP] GET /health from 127.0.0.1
2025-11-09 15:11:41,856 - services - INFO - [services.py:1056] - [HTTP] /health - Status: 200 - Time: 0.002s
2025-11-09 15:11:42,872 - services - INFO - [services.py:1051] - [HTTP] GET /memory from 127.0.0.1
2025-11-09 15:11:42,874 - services - INFO - [services.py:1056] - [HTTP] /memory - Status: 200 - Time: 0.002s
2025-11-09 15:11:52,880 - services - INFO - [services.py:1051] - [HTTP] GET /memory from 127.0.0.1
2025-11-09 15:11:52,882 - services - INFO - [services.py:1056] - [HTTP] /memory - Status: 200 - Time: 0.002s
2025-11-09 15:12:02,888 - services - INFO - [services.py:1051] - [HTTP] GET /memory from 127.0.0.1
2025-11-09 15:12:02,889 - services - INFO - [services.py:1056] - [HTTP] /memory - Status: 200 - Time: 0.002s
2025-11-09 15:12:11,859 - services - INFO - [services.py:1051] - [HTTP] GET /health from 127.0.0.1
2025-11-09 15:12:11,860 - services - INFO - [services.py:1056] - [HTTP] /health - Status: 200 - Time: 0.001s
2025-11-09 15:12:12,878 - services - INFO - [services.py:1051] - [HTTP] GET /memory from 127.0.0.1
2025-11-09 15:12:12,880 - services - INFO - [services.py:1056] - [HTTP] /memory - Status: 200 - Time: 0.002s
2025-11-09 15:12:22,899 - services - INFO - [services.py:1051] - [HTTP] GET /memory from 127.0.0.1
2025-11-09 15:12:22,901 - services - INFO - [services.py:1056] - [HTTP] /memory - Status: 200 - Time: 0.002s
2025-11-09 15:12:32,874 - services - INFO - [services.py:1051] - [HTTP] GET /memory from 127.0.0.1
2025-11-09 15:12:32,876 - services - INFO - [services.py:1056] - [HTTP] /memory - Status: 200 - Time: 0.002s
2025-11-09 15:12:41,997 - services - INFO - [services.py:1051] - [HTTP] GET /health from 127.0.0.1
2025-11-09 15:12:41,998 - services - INFO - [services.py:1056] - [HTTP] /health - Status: 200 - Time: 0.001s
2025-11-09 15:12:43,031 - services - INFO - [services.py:1051] - [HTTP] GET /memory from 127.0.0.1
2025-11-09 15:12:43,034 - services - INFO - [services.py:1056] - [HTTP] /memory - Status: 200 - Time: 0.002s
2025-11-09 15:12:53,132 - services - INFO - [services.py:1051] - [HTTP] GET /memory from 127.0.0.1
2025-11-09 15:12:53,134 - services - INFO - [services.py:1056] - [HTTP] /memory - Status: 200 - Time: 0.002s
2025-11-09 15:12:57,604 - services - INFO - [services.py:1051] - [HTTP] GET /health from 127.0.0.1
2025-11-09 15:12:57,606 - services - INFO - [services.py:1056] - [HTTP] /health - Status: 200 - Time: 0.002s
2025-11-09 15:12:57,779 - services - INFO - [services.py:1051] - [HTTP] GET /languages from 127.0.0.1
2025-11-09 15:12:57,780 - services - INFO - [services.py:1056] - [HTTP] /languages - Status: 200 - Time: 0.001s
2025-11-09 15:12:58,166 - services - INFO - [services.py:1051] - [HTTP] GET /config from 127.0.0.1
2025-11-09 15:12:58,168 - services - INFO - [services.py:1056] - [HTTP] /config - Status: 200 - Time: 0.002s
2025-11-09 15:12:58,456 - services - INFO - [services.py:1051] - [HTTP] GET /config from 127.0.0.1
2025-11-09 15:12:58,457 - services - INFO - [services.py:1056] - [HTTP] /config - Status: 200 - Time: 0.001s
2025-11-09 15:12:58,740 - services - INFO - [services.py:1051] - [HTTP] GET /memory from 127.0.0.1
2025-11-09 15:12:58,742 - services - INFO - [services.py:1056] - [HTTP] /memory - Status: 200 - Time: 0.002s
2025-11-09 15:13:09,101 - services - INFO - [services.py:1051] - [HTTP] GET /memory from 127.0.0.1
2025-11-09 15:13:09,103 - services - INFO - [services.py:1056] - [HTTP] /memory - Status: 200 - Time: 0.002s
2025-11-09 15:13:19,106 - services - INFO - [services.py:1051] - [HTTP] GET /memory from 127.0.0.1
2025-11-09 15:13:19,108 - services - INFO - [services.py:1056] - [HTTP] /memory - Status: 200 - Time: 0.002s
2025-11-09 15:13:21,540 - services - INFO - [services.py:1051] - [HTTP] GET /health from 127.0.0.1
2025-11-09 15:13:21,540 - services - INFO - [services.py:1056] - [HTTP] /health - Status: 200 - Time: 0.001s
2025-11-09 15:13:26,388 - services - INFO - [services.py:1051] - [HTTP] GET /languages from 127.0.0.1
2025-11-09 15:13:26,389 - services - INFO - [services.py:1056] - [HTTP] /languages - Status: 200 - Time: 0.001s
2025-11-09 15:13:26,871 - services - INFO - [services.py:1051] - [HTTP] GET /config from 127.0.0.1
2025-11-09 15:13:26,872 - services - INFO - [services.py:1056] - [HTTP] /config - Status: 200 - Time: 0.001s
2025-11-09 15:13:27,064 - services - INFO - [services.py:1051] - [HTTP] GET /config from 127.0.0.1
2025-11-09 15:13:27,066 - services - INFO - [services.py:1056] - [HTTP] /config - Status: 200 - Time: 0.002s
2025-11-09 15:13:27,241 - services - INFO - [services.py:1051] - [HTTP] GET /memory from 127.0.0.1
2025-11-09 15:13:27,243 - services - INFO - [services.py:1056] - [HTTP] /memory - Status: 200 - Time: 0.002s
2025-11-09 18:05:57,000 - services - INFO - [services.py:1051] - [HTTP] POST /translate/async from 127.0.0.1
2025-11-09 18:05:57,033 - services - INFO - [services.py:1191] - [TRANSLATE_ASYNC] Received async request for 96 chars to Persian
2025-11-09 18:05:57,041 - services - INFO - [services.py:1295] - [TRANSLATE_ASYNC] Returning UUID f4d42ef7-4430-4d1a-8870-25e4b25b552b immediately
2025-11-09 18:05:57,047 - services - INFO - [services.py:1056] - [HTTP] /translate/async - Status: 200 - Time: 0.047s
2025-11-09 18:05:57,054 - services - INFO - [services.py:1207] - [BACKGROUND] Starting translation for f4d42ef7-4430-4d1a-8870-25e4b25b552b
2025-11-09 18:05:57,067 - services - INFO - [services.py:138] - Saved async translation: f4d42ef7-4430-4d1a-8870-25e4b25b552b
2025-11-09 18:05:57,068 - services - INFO - [services.py:664] - [TRANSLATE_START] Request ID: 907f4e27, Text length: 96 chars
2025-11-09 18:05:57,069 - services - INFO - [services.py:52] - [REQUEST_START] ID: 907f4e27, Text length: 96
2025-11-09 18:05:57,069 - services - DEBUG - [services.py:687] - [907f4e27] Validating input length...
2025-11-09 18:05:57,111 - services - INFO - [services.py:696] - [907f4e27] Input validated: 20 tokens
2025-11-09 18:05:57,112 - services - DEBUG - [services.py:699] - [907f4e27] Checking memory availability...
2025-11-09 18:05:57,113 - services - DEBUG - [services.py:710] - [907f4e27] GPU memory before translation: 3.70GB
2025-11-09 18:05:57,113 - services - INFO - [services.py:714] - [907f4e27] Starting translation...
2025-11-09 18:05:57,114 - services - DEBUG - [services.py:802] - Starting internal translation
2025-11-09 18:05:57,114 - services - DEBUG - [services.py:810] - Target language: Persian
2025-11-09 18:05:57,115 - services - DEBUG - [services.py:837] - Creating prompt...
2025-11-09 18:05:57,132 - services - DEBUG - [services.py:845] - Tokenizing input...
2025-11-09 18:05:57,206 - services - DEBUG - [services.py:858] - Input tokenized: 69 tokens
2025-11-09 18:05:57,206 - services - DEBUG - [services.py:870] - Generating with max_new_tokens=1979
2025-11-09 18:06:30,919 - services - DEBUG - [services.py:888] - Generated 30 tokens
2025-11-09 18:06:30,919 - services - INFO - [services.py:720] - [907f4e27] Translation completed in 33.81s
2025-11-09 18:06:30,920 - services - DEBUG - [services.py:725] - [907f4e27] GPU memory after translation: 3.70GB
2025-11-09 18:06:30,920 - services - INFO - [services.py:61] - [REQUEST_END] ID: 907f4e27, Status: success, Error: None
2025-11-09 18:06:30,920 - services - INFO - [services.py:734] - [907f4e27] Translation successful
2025-11-09 18:06:30,921 - services - INFO - [services.py:138] - Saved async translation: f4d42ef7-4430-4d1a-8870-25e4b25b552b
2025-11-09 18:06:30,921 - services - INFO - [services.py:1246] - [BACKGROUND] Translation f4d42ef7-4430-4d1a-8870-25e4b25b552b completed successfully
2025-11-10 01:04:15,468 - services - INFO - [services.py:1051] - [HTTP] POST /translate/batch from 127.0.0.1
2025-11-10 01:04:15,474 - services - INFO - [services.py:664] - [TRANSLATE_START] Request ID: 4c8a1949, Text length: 12 chars
2025-11-10 01:04:15,474 - services - INFO - [services.py:52] - [REQUEST_START] ID: 4c8a1949, Text length: 12
2025-11-10 01:04:15,474 - services - DEBUG - [services.py:687] - [4c8a1949] Validating input length...
2025-11-10 01:04:15,491 - services - INFO - [services.py:696] - [4c8a1949] Input validated: 3 tokens
2025-11-10 01:04:15,492 - services - DEBUG - [services.py:699] - [4c8a1949] Checking memory availability...
2025-11-10 01:04:15,493 - services - DEBUG - [services.py:710] - [4c8a1949] GPU memory before translation: 3.70GB
2025-11-10 01:04:15,493 - services - INFO - [services.py:714] - [4c8a1949] Starting translation...
2025-11-10 01:04:15,493 - services - DEBUG - [services.py:802] - Starting internal translation
2025-11-10 01:04:15,493 - services - DEBUG - [services.py:810] - Target language: Spanish
2025-11-10 01:04:15,493 - services - DEBUG - [services.py:837] - Creating prompt...
2025-11-10 01:04:15,493 - services - DEBUG - [services.py:845] - Tokenizing input...
2025-11-10 01:04:15,534 - services - DEBUG - [services.py:858] - Input tokenized: 52 tokens
2025-11-10 01:04:15,534 - services - DEBUG - [services.py:870] - Generating with max_new_tokens=1996
2025-11-10 01:04:17,398 - services - DEBUG - [services.py:888] - Generated 3 tokens
2025-11-10 01:04:17,399 - services - INFO - [services.py:720] - [4c8a1949] Translation completed in 1.91s
2025-11-10 01:04:17,399 - services - DEBUG - [services.py:725] - [4c8a1949] GPU memory after translation: 3.70GB
2025-11-10 01:04:17,399 - services - INFO - [services.py:61] - [REQUEST_END] ID: 4c8a1949, Status: success, Error: None
2025-11-10 01:04:17,399 - services - INFO - [services.py:734] - [4c8a1949] Translation successful
2025-11-10 01:04:17,400 - services - INFO - [services.py:664] - [TRANSLATE_START] Request ID: d9fef497, Text length: 12 chars
2025-11-10 01:04:17,400 - services - INFO - [services.py:52] - [REQUEST_START] ID: d9fef497, Text length: 12
2025-11-10 01:04:17,400 - services - DEBUG - [services.py:687] - [d9fef497] Validating input length...
2025-11-10 01:04:17,411 - services - INFO - [services.py:696] - [d9fef497] Input validated: 5 tokens
2025-11-10 01:04:17,411 - services - DEBUG - [services.py:699] - [d9fef497] Checking memory availability...
2025-11-10 01:04:17,411 - services - DEBUG - [services.py:710] - [d9fef497] GPU memory before translation: 3.70GB
2025-11-10 01:04:17,411 - services - INFO - [services.py:714] - [d9fef497] Starting translation...
2025-11-10 01:04:17,411 - services - DEBUG - [services.py:802] - Starting internal translation
2025-11-10 01:04:17,411 - services - DEBUG - [services.py:810] - Target language: Spanish
2025-11-10 01:04:17,411 - services - DEBUG - [services.py:837] - Creating prompt...
2025-11-10 01:04:17,411 - services - DEBUG - [services.py:845] - Tokenizing input...
2025-11-10 01:04:17,419 - services - DEBUG - [services.py:858] - Input tokenized: 54 tokens
2025-11-10 01:04:17,419 - services - DEBUG - [services.py:870] - Generating with max_new_tokens=1994
2025-11-10 01:04:20,342 - services - DEBUG - [services.py:888] - Generated 5 tokens
2025-11-10 01:04:20,343 - services - INFO - [services.py:720] - [d9fef497] Translation completed in 2.93s
2025-11-10 01:04:20,344 - services - DEBUG - [services.py:725] - [d9fef497] GPU memory after translation: 3.70GB
2025-11-10 01:04:20,344 - services - INFO - [services.py:61] - [REQUEST_END] ID: d9fef497, Status: success, Error: None
2025-11-10 01:04:20,344 - services - INFO - [services.py:734] - [d9fef497] Translation successful
2025-11-10 01:04:20,344 - services - INFO - [services.py:664] - [TRANSLATE_START] Request ID: 8ebb156b, Text length: 19 chars
2025-11-10 01:04:20,344 - services - INFO - [services.py:52] - [REQUEST_START] ID: 8ebb156b, Text length: 19
2025-11-10 01:04:20,344 - services - DEBUG - [services.py:687] - [8ebb156b] Validating input length...
2025-11-10 01:04:20,354 - services - INFO - [services.py:696] - [8ebb156b] Input validated: 5 tokens
2025-11-10 01:04:20,354 - services - DEBUG - [services.py:699] - [8ebb156b] Checking memory availability...
2025-11-10 01:04:20,354 - services - DEBUG - [services.py:710] - [8ebb156b] GPU memory before translation: 3.70GB
2025-11-10 01:04:20,355 - services - INFO - [services.py:714] - [8ebb156b] Starting translation...
2025-11-10 01:04:20,355 - services - DEBUG - [services.py:802] - Starting internal translation
2025-11-10 01:04:20,355 - services - DEBUG - [services.py:810] - Target language: Spanish
2025-11-10 01:04:20,355 - services - DEBUG - [services.py:837] - Creating prompt...
2025-11-10 01:04:20,355 - services - DEBUG - [services.py:845] - Tokenizing input...
2025-11-10 01:04:20,356 - services - DEBUG - [services.py:858] - Input tokenized: 54 tokens
2025-11-10 01:04:20,356 - services - DEBUG - [services.py:870] - Generating with max_new_tokens=1994
2025-11-10 01:04:22,129 - services - DEBUG - [services.py:888] - Generated 3 tokens
2025-11-10 01:04:22,130 - services - INFO - [services.py:720] - [8ebb156b] Translation completed in 1.78s
2025-11-10 01:04:22,130 - services - DEBUG - [services.py:725] - [8ebb156b] GPU memory after translation: 3.70GB
2025-11-10 01:04:22,130 - services - INFO - [services.py:61] - [REQUEST_END] ID: 8ebb156b, Status: success, Error: None
2025-11-10 01:04:22,130 - services - INFO - [services.py:734] - [8ebb156b] Translation successful
2025-11-10 01:04:22,131 - services - INFO - [services.py:1056] - [HTTP] /translate/batch - Status: 200 - Time: 6.666s
2025-11-10 01:07:10,562 - services - INFO - [services.py:1051] - [HTTP] POST /translate/batch from 127.0.0.1
2025-11-10 01:07:10,564 - services - INFO - [services.py:664] - [TRANSLATE_START] Request ID: 28b213d7, Text length: 70 chars
2025-11-10 01:07:10,564 - services - INFO - [services.py:52] - [REQUEST_START] ID: 28b213d7, Text length: 70
2025-11-10 01:07:10,564 - services - DEBUG - [services.py:687] - [28b213d7] Validating input length...
2025-11-10 01:07:10,604 - services - INFO - [services.py:696] - [28b213d7] Input validated: 24 tokens
2025-11-10 01:07:10,604 - services - DEBUG - [services.py:699] - [28b213d7] Checking memory availability...
2025-11-10 01:07:10,605 - services - DEBUG - [services.py:710] - [28b213d7] GPU memory before translation: 3.70GB
2025-11-10 01:07:10,605 - services - INFO - [services.py:714] - [28b213d7] Starting translation...
2025-11-10 01:07:10,605 - services - DEBUG - [services.py:802] - Starting internal translation
2025-11-10 01:07:10,605 - services - DEBUG - [services.py:810] - Target language: Spanish
2025-11-10 01:07:10,605 - services - DEBUG - [services.py:837] - Creating prompt...
2025-11-10 01:07:10,605 - services - DEBUG - [services.py:845] - Tokenizing input...
2025-11-10 01:07:10,628 - services - DEBUG - [services.py:858] - Input tokenized: 73 tokens
2025-11-10 01:07:10,628 - services - DEBUG - [services.py:870] - Generating with max_new_tokens=1975
2025-11-10 01:07:32,080 - services - DEBUG - [services.py:888] - Generated 37 tokens
2025-11-10 01:07:32,080 - services - INFO - [services.py:720] - [28b213d7] Translation completed in 21.48s
2025-11-10 01:07:32,081 - services - DEBUG - [services.py:725] - [28b213d7] GPU memory after translation: 3.70GB
2025-11-10 01:07:32,081 - services - INFO - [services.py:61] - [REQUEST_END] ID: 28b213d7, Status: success, Error: None
2025-11-10 01:07:32,081 - services - INFO - [services.py:734] - [28b213d7] Translation successful
2025-11-10 01:07:32,081 - services - INFO - [services.py:664] - [TRANSLATE_START] Request ID: 14e53e94, Text length: 331 chars
2025-11-10 01:07:32,081 - services - INFO - [services.py:52] - [REQUEST_START] ID: 14e53e94, Text length: 331
2025-11-10 01:07:32,081 - services - DEBUG - [services.py:687] - [14e53e94] Validating input length...
2025-11-10 01:07:32,163 - services - INFO - [services.py:696] - [14e53e94] Input validated: 78 tokens
2025-11-10 01:07:32,163 - services - DEBUG - [services.py:699] - [14e53e94] Checking memory availability...
2025-11-10 01:07:32,164 - services - DEBUG - [services.py:710] - [14e53e94] GPU memory before translation: 3.70GB
2025-11-10 01:07:32,164 - services - INFO - [services.py:714] - [14e53e94] Starting translation...
2025-11-10 01:07:32,164 - services - DEBUG - [services.py:802] - Starting internal translation
2025-11-10 01:07:32,164 - services - DEBUG - [services.py:810] - Target language: Spanish
2025-11-10 01:07:32,164 - services - DEBUG - [services.py:837] - Creating prompt...
2025-11-10 01:07:32,165 - services - DEBUG - [services.py:845] - Tokenizing input...
2025-11-10 01:07:32,167 - services - DEBUG - [services.py:858] - Input tokenized: 127 tokens
2025-11-10 01:07:32,167 - services - DEBUG - [services.py:870] - Generating with max_new_tokens=1921
2025-11-10 01:08:45,862 - services - DEBUG - [services.py:888] - Generated 128 tokens
2025-11-10 01:08:45,863 - services - INFO - [services.py:720] - [14e53e94] Translation completed in 73.70s
2025-11-10 01:08:45,863 - services - DEBUG - [services.py:725] - [14e53e94] GPU memory after translation: 3.70GB
2025-11-10 01:08:45,863 - services - INFO - [services.py:61] - [REQUEST_END] ID: 14e53e94, Status: success, Error: None
2025-11-10 01:08:45,863 - services - INFO - [services.py:734] - [14e53e94] Translation successful
2025-11-10 01:08:45,863 - services - INFO - [services.py:664] - [TRANSLATE_START] Request ID: bd812bb6, Text length: 19 chars
2025-11-10 01:08:45,863 - services - INFO - [services.py:52] - [REQUEST_START] ID: bd812bb6, Text length: 19
2025-11-10 01:08:45,863 - services - DEBUG - [services.py:687] - [bd812bb6] Validating input length...
2025-11-10 01:08:45,863 - services - INFO - [services.py:696] - [bd812bb6] Input validated: 5 tokens
2025-11-10 01:08:45,863 - services - DEBUG - [services.py:699] - [bd812bb6] Checking memory availability...
2025-11-10 01:08:45,864 - services - DEBUG - [services.py:710] - [bd812bb6] GPU memory before translation: 3.70GB
2025-11-10 01:08:45,864 - services - INFO - [services.py:714] - [bd812bb6] Starting translation...
2025-11-10 01:08:45,864 - services - DEBUG - [services.py:802] - Starting internal translation
2025-11-10 01:08:45,864 - services - DEBUG - [services.py:810] - Target language: Spanish
2025-11-10 01:08:45,864 - services - DEBUG - [services.py:837] - Creating prompt...
2025-11-10 01:08:45,864 - services - DEBUG - [services.py:845] - Tokenizing input...
2025-11-10 01:08:45,865 - services - DEBUG - [services.py:858] - Input tokenized: 54 tokens
2025-11-10 01:08:45,865 - services - DEBUG - [services.py:870] - Generating with max_new_tokens=1994
2025-11-10 01:08:47,620 - services - DEBUG - [services.py:888] - Generated 3 tokens
2025-11-10 01:08:47,620 - services - INFO - [services.py:720] - [bd812bb6] Translation completed in 1.76s
2025-11-10 01:08:47,620 - services - DEBUG - [services.py:725] - [bd812bb6] GPU memory after translation: 3.70GB
2025-11-10 01:08:47,620 - services - INFO - [services.py:61] - [REQUEST_END] ID: bd812bb6, Status: success, Error: None
2025-11-10 01:08:47,620 - services - INFO - [services.py:734] - [bd812bb6] Translation successful
2025-11-10 01:08:47,621 - services - INFO - [services.py:1056] - [HTTP] /translate/batch - Status: 200 - Time: 97.059s
2025-11-10 10:35:51,482 - services - INFO - [services.py:1021] - ==================================================
2025-11-10 10:35:51,482 - services - INFO - [services.py:1022] - SHUTTING DOWN FASTAPI TRANSLATION SERVICE
2025-11-10 10:35:51,482 - services - INFO - [services.py:1023] - ==================================================
2025-11-10 10:35:51,483 - services - INFO - [services.py:920] - Freeing GPU memory...
2025-11-10 10:35:54,757 - services - INFO - [services.py:953] - GPU memory freed successfully
2025-11-10 10:35:54,758 - services - INFO - [services.py:1026] - Service shutdown complete
2025-11-10 10:35:57,385 - services - INFO - [services.py:1061] - ==================================================
2025-11-10 10:35:57,385 - services - INFO - [services.py:1062] - STARTING FASTAPI TRANSLATION SERVICE
2025-11-10 10:35:57,385 - services - INFO - [services.py:1063] - ==================================================
2025-11-10 10:35:57,385 - services - INFO - [services.py:364] - ==================================================
2025-11-10 10:35:57,385 - services - INFO - [services.py:365] - Initializing ModelManager
2025-11-10 10:35:57,386 - services - INFO - [services.py:366] - ==================================================
2025-11-10 10:35:57,386 - services - INFO - [services.py:439] - Loading config from /home/anews/NewsPic_G/translate_services/config.json
2025-11-10 10:35:57,386 - services - INFO - [services.py:442] - Config file loaded successfully
2025-11-10 10:35:57,386 - services - INFO - [services.py:467] - Configuration loaded. Max input tokens: 2048
2025-11-10 10:35:57,386 - services - INFO - [services.py:388] - Config loaded successfully
2025-11-10 10:35:57,386 - services - INFO - [services.py:395] - Attempting to load model during initialization...
2025-11-10 10:35:57,386 - services - INFO - [services.py:504] - ==================================================
2025-11-10 10:35:57,386 - services - INFO - [services.py:505] - STARTING MODEL LOAD PROCESS
2025-11-10 10:35:57,386 - services - INFO - [services.py:506] - ==================================================
2025-11-10 10:35:57,386 - services - INFO - [services.py:518] - Model ID: /home/anews/PS/translate/YanoljaNEXT-Rosetta-4B-2510
2025-11-10 10:35:57,386 - services - INFO - [services.py:527] - Using dtype: torch.bfloat16
2025-11-10 10:35:57,386 - services - INFO - [services.py:539] - Memory allocation - GPU: 4GB, CPU: 5GB
2025-11-10 10:35:57,386 - services - INFO - [services.py:546] - Offload folder: /tmp/model_offload
2025-11-10 10:35:57,386 - services - INFO - [services.py:549] - Loading tokenizer...
2025-11-10 10:35:58,654 - services - INFO - [services.py:559] - ✓ Tokenizer loaded successfully
2025-11-10 10:35:58,654 - services - INFO - [services.py:562] - Loading model weights (this may take a few minutes)...
2025-11-10 10:37:49,953 - accelerate.big_modeling - WARNING - [big_modeling.py:442] - Some parameters are on the meta device because they were offloaded to the cpu.
2025-11-10 10:37:49,954 - services - INFO - [services.py:574] - ✓ Model loaded successfully
2025-11-10 10:37:49,954 - services - INFO - [services.py:582] - GPU Memory Status:
2025-11-10 10:37:49,955 - services - INFO - [services.py:583] -   - Allocated: 3.54 GB
2025-11-10 10:37:49,955 - services - INFO - [services.py:584] -   - Reserved: 3.54 GB
2025-11-10 10:37:49,955 - services - INFO - [services.py:585] -   - Total: 23.56 GB
2025-11-10 10:37:49,955 - services - INFO - [services.py:586] -   - Free: 20.02 GB
2025-11-10 10:37:49,955 - services - INFO - [services.py:588] - ==================================================
2025-11-10 10:37:49,955 - services - INFO - [services.py:589] - MODEL LOADING COMPLETE - SUCCESS
2025-11-10 10:37:49,955 - services - INFO - [services.py:590] - ==================================================
2025-11-10 10:37:49,955 - services - INFO - [services.py:400] - Model loaded successfully during initialization
2025-11-10 10:37:49,955 - services - INFO - [services.py:1072] - ✓ Model Service started successfully with model loaded
2025-11-10 10:39:28,316 - services - INFO - [services.py:1110] - [HTTP] POST /translate/async from 127.0.0.1
2025-11-10 10:39:28,317 - services - INFO - [services.py:1271] - [TRANSLATE_ASYNC] Received async request for 55 chars to 3 languages
2025-11-10 10:39:28,317 - services - INFO - [services.py:1375] - [TRANSLATE_ASYNC] Returning UUID 5cb2db24-abd6-43cf-a8ab-dea3c78f2122 immediately
2025-11-10 10:39:28,317 - services - ERROR - [services.py:1119] - [HTTP] /translate/async - Error: 1 validation error for StandardResponse
return
  Field required [type=missing, input_value={'return_': True, 'data':...and is being processed'}, input_type=dict]
    For further information visit https://errors.pydantic.dev/2.11/v/missing - Time: 0.001s
Traceback (most recent call last):
  File "/home/anews/pytorch/lib/python3.12/site-packages/starlette/middleware/base.py", line 151, in call_next
    message = await recv_stream.receive()
              ^^^^^^^^^^^^^^^^^^^^^^^^^^^
  File "/home/anews/pytorch/lib/python3.12/site-packages/anyio/streams/memory.py", line 126, in receive
    raise EndOfStream from None
anyio.EndOfStream

During handling of the above exception, another exception occurred:

Traceback (most recent call last):
  File "/home/anews/NewsPic_G/translate_services/services.py", line 1113, in log_requests
    response = await call_next(request)
               ^^^^^^^^^^^^^^^^^^^^^^^^
  File "/home/anews/pytorch/lib/python3.12/site-packages/starlette/middleware/base.py", line 159, in call_next
    raise app_exc
  File "/home/anews/pytorch/lib/python3.12/site-packages/starlette/middleware/base.py", line 144, in coro
    await self.app(scope, receive_or_disconnect, send_no_error)
  File "/home/anews/pytorch/lib/python3.12/site-packages/starlette/middleware/cors.py", line 85, in __call__
    await self.app(scope, receive, send)
  File "/home/anews/pytorch/lib/python3.12/site-packages/starlette/middleware/exceptions.py", line 63, in __call__
    await wrap_app_handling_exceptions(self.app, conn)(scope, receive, send)
  File "/home/anews/pytorch/lib/python3.12/site-packages/starlette/_exception_handler.py", line 53, in wrapped_app
    raise exc
  File "/home/anews/pytorch/lib/python3.12/site-packages/starlette/_exception_handler.py", line 42, in wrapped_app
    await app(scope, receive, sender)
  File "/home/anews/pytorch/lib/python3.12/site-packages/fastapi/middleware/asyncexitstack.py", line 18, in __call__
    await self.app(scope, receive, send)
  File "/home/anews/pytorch/lib/python3.12/site-packages/starlette/routing.py", line 716, in __call__
    await self.middleware_stack(scope, receive, send)
  File "/home/anews/pytorch/lib/python3.12/site-packages/starlette/routing.py", line 736, in app
    await route.handle(scope, receive, send)
  File "/home/anews/pytorch/lib/python3.12/site-packages/starlette/routing.py", line 290, in handle
    await self.app(scope, receive, send)
  File "/home/anews/pytorch/lib/python3.12/site-packages/fastapi/routing.py", line 123, in app
    await wrap_app_handling_exceptions(app, request)(scope, receive, send)
  File "/home/anews/pytorch/lib/python3.12/site-packages/starlette/_exception_handler.py", line 53, in wrapped_app
    raise exc
  File "/home/anews/pytorch/lib/python3.12/site-packages/starlette/_exception_handler.py", line 42, in wrapped_app
    await app(scope, receive, sender)
  File "/home/anews/pytorch/lib/python3.12/site-packages/fastapi/routing.py", line 109, in app
    response = await f(request)
               ^^^^^^^^^^^^^^^^
  File "/home/anews/pytorch/lib/python3.12/site-packages/fastapi/routing.py", line 389, in app
    raw_response = await run_endpoint_function(
                   ^^^^^^^^^^^^^^^^^^^^^^^^^^^^
  File "/home/anews/pytorch/lib/python3.12/site-packages/fastapi/routing.py", line 288, in run_endpoint_function
    return await dependant.call(**values)
           ^^^^^^^^^^^^^^^^^^^^^^^^^^^^^^
  File "/home/anews/NewsPic_G/translate_services/services.py", line 1376, in translate_async
    return StandardResponse(
           ^^^^^^^^^^^^^^^^^
  File "/home/anews/pytorch/lib/python3.12/site-packages/pydantic/main.py", line 253, in __init__
    validated_self = self.__pydantic_validator__.validate_python(data, self_instance=self)
                     ^^^^^^^^^^^^^^^^^^^^^^^^^^^^^^^^^^^^^^^^^^^^^^^^^^^^^^^^^^^^^^^^^^^^^
pydantic_core._pydantic_core.ValidationError: 1 validation error for StandardResponse
return
  Field required [type=missing, input_value={'return_': True, 'data':...and is being processed'}, input_type=dict]
    For further information visit https://errors.pydantic.dev/2.11/v/missing
2025-11-10 10:39:38,078 - services - INFO - [services.py:1110] - [HTTP] POST /translate/async from 127.0.0.1
2025-11-10 10:39:38,078 - services - INFO - [services.py:1271] - [TRANSLATE_ASYNC] Received async request for 55 chars to 3 languages
2025-11-10 10:39:38,078 - services - INFO - [services.py:1375] - [TRANSLATE_ASYNC] Returning UUID 72aca8f0-04cc-4103-bee6-f43f653d6e7b immediately
2025-11-10 10:39:38,078 - services - ERROR - [services.py:1119] - [HTTP] /translate/async - Error: 1 validation error for StandardResponse
return
  Field required [type=missing, input_value={'return_': True, 'data':...and is being processed'}, input_type=dict]
    For further information visit https://errors.pydantic.dev/2.11/v/missing - Time: 0.001s
Traceback (most recent call last):
  File "/home/anews/pytorch/lib/python3.12/site-packages/starlette/middleware/base.py", line 151, in call_next
    message = await recv_stream.receive()
              ^^^^^^^^^^^^^^^^^^^^^^^^^^^
  File "/home/anews/pytorch/lib/python3.12/site-packages/anyio/streams/memory.py", line 126, in receive
    raise EndOfStream from None
anyio.EndOfStream

During handling of the above exception, another exception occurred:

Traceback (most recent call last):
  File "/home/anews/NewsPic_G/translate_services/services.py", line 1113, in log_requests
    response = await call_next(request)
               ^^^^^^^^^^^^^^^^^^^^^^^^
  File "/home/anews/pytorch/lib/python3.12/site-packages/starlette/middleware/base.py", line 159, in call_next
    raise app_exc
  File "/home/anews/pytorch/lib/python3.12/site-packages/starlette/middleware/base.py", line 144, in coro
    await self.app(scope, receive_or_disconnect, send_no_error)
  File "/home/anews/pytorch/lib/python3.12/site-packages/starlette/middleware/cors.py", line 85, in __call__
    await self.app(scope, receive, send)
  File "/home/anews/pytorch/lib/python3.12/site-packages/starlette/middleware/exceptions.py", line 63, in __call__
    await wrap_app_handling_exceptions(self.app, conn)(scope, receive, send)
  File "/home/anews/pytorch/lib/python3.12/site-packages/starlette/_exception_handler.py", line 53, in wrapped_app
    raise exc
  File "/home/anews/pytorch/lib/python3.12/site-packages/starlette/_exception_handler.py", line 42, in wrapped_app
    await app(scope, receive, sender)
  File "/home/anews/pytorch/lib/python3.12/site-packages/fastapi/middleware/asyncexitstack.py", line 18, in __call__
    await self.app(scope, receive, send)
  File "/home/anews/pytorch/lib/python3.12/site-packages/starlette/routing.py", line 716, in __call__
    await self.middleware_stack(scope, receive, send)
  File "/home/anews/pytorch/lib/python3.12/site-packages/starlette/routing.py", line 736, in app
    await route.handle(scope, receive, send)
  File "/home/anews/pytorch/lib/python3.12/site-packages/starlette/routing.py", line 290, in handle
    await self.app(scope, receive, send)
  File "/home/anews/pytorch/lib/python3.12/site-packages/fastapi/routing.py", line 123, in app
    await wrap_app_handling_exceptions(app, request)(scope, receive, send)
  File "/home/anews/pytorch/lib/python3.12/site-packages/starlette/_exception_handler.py", line 53, in wrapped_app
    raise exc
  File "/home/anews/pytorch/lib/python3.12/site-packages/starlette/_exception_handler.py", line 42, in wrapped_app
    await app(scope, receive, sender)
  File "/home/anews/pytorch/lib/python3.12/site-packages/fastapi/routing.py", line 109, in app
    response = await f(request)
               ^^^^^^^^^^^^^^^^
  File "/home/anews/pytorch/lib/python3.12/site-packages/fastapi/routing.py", line 389, in app
    raw_response = await run_endpoint_function(
                   ^^^^^^^^^^^^^^^^^^^^^^^^^^^^
  File "/home/anews/pytorch/lib/python3.12/site-packages/fastapi/routing.py", line 288, in run_endpoint_function
    return await dependant.call(**values)
           ^^^^^^^^^^^^^^^^^^^^^^^^^^^^^^
  File "/home/anews/NewsPic_G/translate_services/services.py", line 1376, in translate_async
    return StandardResponse(
           ^^^^^^^^^^^^^^^^^
  File "/home/anews/pytorch/lib/python3.12/site-packages/pydantic/main.py", line 253, in __init__
    validated_self = self.__pydantic_validator__.validate_python(data, self_instance=self)
                     ^^^^^^^^^^^^^^^^^^^^^^^^^^^^^^^^^^^^^^^^^^^^^^^^^^^^^^^^^^^^^^^^^^^^^
pydantic_core._pydantic_core.ValidationError: 1 validation error for StandardResponse
return
  Field required [type=missing, input_value={'return_': True, 'data':...and is being processed'}, input_type=dict]
    For further information visit https://errors.pydantic.dev/2.11/v/missing
